g Body_03
v 0.0285827 0.101445 0 0.862745 0.698039 0.85098
v 0.028575 0.101667 0 0.862745 0.698039 0.85098
v 0.028575 0.101667 0.00396875 0.862745 0.698039 0.85098
v 0.0286059 0.101225 0 0.862745 0.698039 0.85098
v 0.0285827 0.101445 0.00396875 0.862745 0.698039 0.85098
v 0.0286444 0.101007 0 0.862745 0.698039 0.85098
v 0.0286059 0.101225 0.00396875 0.862745 0.698039 0.85098
v 0.028698 0.100792 0 0.862745 0.698039 0.85098
v 0.0286444 0.101007 0.00396875 0.862745 0.698039 0.85098
v 0.0287665 0.100581 0 0.862745 0.698039 0.85098
v 0.028698 0.100792 0.00396875 0.862745 0.698039 0.85098
v 0.0288495 0.100375 0 0.862745 0.698039 0.85098
v 0.0287665 0.100581 0.00396875 0.862745 0.698039 0.85098
v 0.0289466 0.100176 0 0.862745 0.698039 0.85098
v 0.0288495 0.100375 0.00396875 0.862745 0.698039 0.85098
v 0.0290574 0.0999843 0 0.862745 0.698039 0.85098
v 0.0289466 0.100176 0.00396875 0.862745 0.698039 0.85098
v 0.0291814 0.0998005 0 0.862745 0.698039 0.85098
v 0.0290574 0.0999843 0.00396875 0.862745 0.698039 0.85098
v 0.0293178 0.0996259 0 0.862745 0.698039 0.85098
v 0.0291814 0.0998005 0.00396875 0.862745 0.698039 0.85098
v 0.0294661 0.0994612 0 0.862745 0.698039 0.85098
v 0.0293178 0.0996259 0.00396875 0.862745 0.698039 0.85098
v 0.0296255 0.0993073 0 0.862745 0.698039 0.85098
v 0.0294661 0.0994612 0.00396875 0.862745 0.698039 0.85098
v 0.0297953 0.0991648 0 0.862745 0.698039 0.85098
v 0.0296255 0.0993073 0.00396875 0.862745 0.698039 0.85098
v 0.0299746 0.0990346 0 0.862745 0.698039 0.85098
v 0.0297953 0.0991648 0.00396875 0.862745 0.698039 0.85098
v 0.0301625 0.0989171 0 0.862745 0.698039 0.85098
v 0.0299746 0.0990346 0.00396875 0.862745 0.698039 0.85098
v 0.0303582 0.0988131 0 0.862745 0.698039 0.85098
v 0.0301625 0.0989171 0.00396875 0.862745 0.698039 0.85098
v 0.0305606 0.098723 0 0.862745 0.698039 0.85098
v 0.0303582 0.0988131 0.00396875 0.862745 0.698039 0.85098
v 0.0307689 0.0986472 0 0.862745 0.698039 0.85098
v 0.0305606 0.098723 0.00396875 0.862745 0.698039 0.85098
v 0.0309819 0.0985861 0 0.862745 0.698039 0.85098
v 0.0307689 0.0986472 0.00396875 0.862745 0.698039 0.85098
v 0.0311987 0.09854 0 0.862745 0.698039 0.85098
v 0.0309819 0.0985861 0.00396875 0.862745 0.698039 0.85098
v 0.0314181 0.0985092 0 0.862745 0.698039 0.85098
v 0.0311987 0.09854 0.00396875 0.862745 0.698039 0.85098
v 0.0316392 0.0984937 0 0.862745 0.698039 0.85098
v 0.0314181 0.0985092 0.00396875 0.862745 0.698039 0.85098
v 0.0318608 0.0984937 0 0.862745 0.698039 0.85098
v 0.0316392 0.0984937 0.00396875 0.862745 0.698039 0.85098
v 0.0320819 0.0985092 0 0.862745 0.698039 0.85098
v 0.0318608 0.0984937 0.00396875 0.862745 0.698039 0.85098
v 0.0323013 0.09854 0 0.862745 0.698039 0.85098
v 0.0320819 0.0985092 0.00396875 0.862745 0.698039 0.85098
v 0.0325181 0.0985861 0 0.862745 0.698039 0.85098
v 0.0323013 0.09854 0.00396875 0.862745 0.698039 0.85098
v 0.0327311 0.0986472 0 0.862745 0.698039 0.85098
v 0.0325181 0.0985861 0.00396875 0.862745 0.698039 0.85098
v 0.0329394 0.098723 0 0.862745 0.698039 0.85098
v 0.0327311 0.0986472 0.00396875 0.862745 0.698039 0.85098
v 0.0331418 0.0988131 0 0.862745 0.698039 0.85098
v 0.0329394 0.098723 0.00396875 0.862745 0.698039 0.85098
v 0.0333375 0.0989171 0 0.862745 0.698039 0.85098
v 0.0331418 0.0988131 0.00396875 0.862745 0.698039 0.85098
v 0.0335254 0.0990346 0 0.862745 0.698039 0.85098
v 0.0333375 0.0989171 0.00396875 0.862745 0.698039 0.85098
v 0.0337047 0.0991648 0 0.862745 0.698039 0.85098
v 0.0335254 0.0990346 0.00396875 0.862745 0.698039 0.85098
v 0.0338745 0.0993073 0 0.862745 0.698039 0.85098
v 0.0337047 0.0991648 0.00396875 0.862745 0.698039 0.85098
v 0.0340339 0.0994612 0 0.862745 0.698039 0.85098
v 0.0338745 0.0993073 0.00396875 0.862745 0.698039 0.85098
v 0.0341822 0.0996259 0 0.862745 0.698039 0.85098
v 0.0340339 0.0994612 0.00396875 0.862745 0.698039 0.85098
v 0.0343186 0.0998005 0 0.862745 0.698039 0.85098
v 0.0341822 0.0996259 0.00396875 0.862745 0.698039 0.85098
v 0.0344426 0.0999843 0 0.862745 0.698039 0.85098
v 0.0343186 0.0998005 0.00396875 0.862745 0.698039 0.85098
v 0.0345534 0.100176 0 0.862745 0.698039 0.85098
v 0.0344426 0.0999843 0.00396875 0.862745 0.698039 0.85098
v 0.0346505 0.100375 0 0.862745 0.698039 0.85098
v 0.0345534 0.100176 0.00396875 0.862745 0.698039 0.85098
v 0.0347335 0.100581 0 0.862745 0.698039 0.85098
v 0.0346505 0.100375 0.00396875 0.862745 0.698039 0.85098
v 0.034802 0.100792 0 0.862745 0.698039 0.85098
v 0.0347335 0.100581 0.00396875 0.862745 0.698039 0.85098
v 0.0348556 0.101007 0 0.862745 0.698039 0.85098
v 0.034802 0.100792 0.00396875 0.862745 0.698039 0.85098
v 0.0348941 0.101225 0 0.862745 0.698039 0.85098
v 0.0348556 0.101007 0.00396875 0.862745 0.698039 0.85098
v 0.0349173 0.101445 0 0.862745 0.698039 0.85098
v 0.0348941 0.101225 0.00396875 0.862745 0.698039 0.85098
v 0.034925 0.101667 0 0.862745 0.698039 0.85098
v 0.0349173 0.101445 0.00396875 0.862745 0.698039 0.85098
v 0.0349173 0.101888 0 0.862745 0.698039 0.85098
v 0.034925 0.101667 0.00396875 0.862745 0.698039 0.85098
v 0.0348941 0.102109 0 0.862745 0.698039 0.85098
v 0.0349173 0.101888 0.00396875 0.862745 0.698039 0.85098
v 0.0348556 0.102327 0 0.862745 0.698039 0.85098
v 0.0348941 0.102109 0.00396875 0.862745 0.698039 0.85098
v 0.034802 0.102542 0 0.862745 0.698039 0.85098
v 0.0348556 0.102327 0.00396875 0.862745 0.698039 0.85098
v 0.0347335 0.102753 0 0.862745 0.698039 0.85098
v 0.034802 0.102542 0.00396875 0.862745 0.698039 0.85098
v 0.0346505 0.102958 0 0.862745 0.698039 0.85098
v 0.0347335 0.102753 0.00396875 0.862745 0.698039 0.85098
v 0.0345534 0.103157 0 0.862745 0.698039 0.85098
v 0.0346505 0.102958 0.00396875 0.862745 0.698039 0.85098
v 0.0344426 0.103349 0 0.862745 0.698039 0.85098
v 0.0345534 0.103157 0.00396875 0.862745 0.698039 0.85098
v 0.0343186 0.103533 0 0.862745 0.698039 0.85098
v 0.0344426 0.103349 0.00396875 0.862745 0.698039 0.85098
v 0.0341822 0.103708 0 0.862745 0.698039 0.85098
v 0.0343186 0.103533 0.00396875 0.862745 0.698039 0.85098
v 0.0340339 0.103872 0 0.862745 0.698039 0.85098
v 0.0341822 0.103708 0.00396875 0.862745 0.698039 0.85098
v 0.0338745 0.104026 0 0.862745 0.698039 0.85098
v 0.0340339 0.103872 0.00396875 0.862745 0.698039 0.85098
v 0.0337047 0.104169 0 0.862745 0.698039 0.85098
v 0.0338745 0.104026 0.00396875 0.862745 0.698039 0.85098
v 0.0335254 0.104299 0 0.862745 0.698039 0.85098
v 0.0337047 0.104169 0.00396875 0.862745 0.698039 0.85098
v 0.0333375 0.104416 0 0.862745 0.698039 0.85098
v 0.0335254 0.104299 0.00396875 0.862745 0.698039 0.85098
v 0.0331418 0.10452 0 0.862745 0.698039 0.85098
v 0.0333375 0.104416 0.00396875 0.862745 0.698039 0.85098
v 0.0329394 0.104611 0 0.862745 0.698039 0.85098
v 0.0331418 0.10452 0.00396875 0.862745 0.698039 0.85098
v 0.0327311 0.104686 0 0.862745 0.698039 0.85098
v 0.0329394 0.104611 0.00396875 0.862745 0.698039 0.85098
v 0.0325181 0.104747 0 0.862745 0.698039 0.85098
v 0.0327311 0.104686 0.00396875 0.862745 0.698039 0.85098
v 0.0323013 0.104794 0 0.862745 0.698039 0.85098
v 0.0325181 0.104747 0.00396875 0.862745 0.698039 0.85098
v 0.0320819 0.104824 0 0.862745 0.698039 0.85098
v 0.0323013 0.104794 0.00396875 0.862745 0.698039 0.85098
v 0.0318608 0.10484 0 0.862745 0.698039 0.85098
v 0.0320819 0.104824 0.00396875 0.862745 0.698039 0.85098
v 0.0316392 0.10484 0 0.862745 0.698039 0.85098
v 0.0318608 0.10484 0.00396875 0.862745 0.698039 0.85098
v 0.0314181 0.104824 0 0.862745 0.698039 0.85098
v 0.0316392 0.10484 0.00396875 0.862745 0.698039 0.85098
v 0.0311987 0.104794 0 0.862745 0.698039 0.85098
v 0.0314181 0.104824 0.00396875 0.862745 0.698039 0.85098
v 0.0309819 0.104747 0 0.862745 0.698039 0.85098
v 0.0311987 0.104794 0.00396875 0.862745 0.698039 0.85098
v 0.0307689 0.104686 0 0.862745 0.698039 0.85098
v 0.0309819 0.104747 0.00396875 0.862745 0.698039 0.85098
v 0.0305606 0.104611 0 0.862745 0.698039 0.85098
v 0.0307689 0.104686 0.00396875 0.862745 0.698039 0.85098
v 0.0303582 0.10452 0 0.862745 0.698039 0.85098
v 0.0305606 0.104611 0.00396875 0.862745 0.698039 0.85098
v 0.0301625 0.104416 0 0.862745 0.698039 0.85098
v 0.0303582 0.10452 0.00396875 0.862745 0.698039 0.85098
v 0.0299746 0.104299 0 0.862745 0.698039 0.85098
v 0.0301625 0.104416 0.00396875 0.862745 0.698039 0.85098
v 0.0297953 0.104169 0 0.862745 0.698039 0.85098
v 0.0299746 0.104299 0.00396875 0.862745 0.698039 0.85098
v 0.0296255 0.104026 0 0.862745 0.698039 0.85098
v 0.0297953 0.104169 0.00396875 0.862745 0.698039 0.85098
v 0.0294661 0.103872 0 0.862745 0.698039 0.85098
v 0.0296255 0.104026 0.00396875 0.862745 0.698039 0.85098
v 0.0293178 0.103708 0 0.862745 0.698039 0.85098
v 0.0294661 0.103872 0.00396875 0.862745 0.698039 0.85098
v 0.0291814 0.103533 0 0.862745 0.698039 0.85098
v 0.0293178 0.103708 0.00396875 0.862745 0.698039 0.85098
v 0.0290574 0.103349 0 0.862745 0.698039 0.85098
v 0.0291814 0.103533 0.00396875 0.862745 0.698039 0.85098
v 0.0289466 0.103157 0 0.862745 0.698039 0.85098
v 0.0290574 0.103349 0.00396875 0.862745 0.698039 0.85098
v 0.0288495 0.102958 0 0.862745 0.698039 0.85098
v 0.0289466 0.103157 0.00396875 0.862745 0.698039 0.85098
v 0.0287665 0.102753 0 0.862745 0.698039 0.85098
v 0.0288495 0.102958 0.00396875 0.862745 0.698039 0.85098
v 0.028698 0.102542 0 0.862745 0.698039 0.85098
v 0.0287665 0.102753 0.00396875 0.862745 0.698039 0.85098
v 0.0286444 0.102327 0 0.862745 0.698039 0.85098
v 0.028698 0.102542 0.00396875 0.862745 0.698039 0.85098
v 0.0286059 0.102109 0 0.862745 0.698039 0.85098
v 0.0286444 0.102327 0.00396875 0.862745 0.698039 0.85098
v 0.0285827 0.101888 0 0.862745 0.698039 0.85098
v 0.0286059 0.102109 0.00396875 0.862745 0.698039 0.85098
v 0.0285827 0.101888 0.00396875 0.862745 0.698039 0.85098
v 0.0254 0.158817 0 0.862745 0.698039 0.85098
v 0.0381 0.158817 0 0.862745 0.698039 0.85098
v 0.0381 0.146117 0 0.862745 0.698039 0.85098
v 0.034925 0.152467 0 0.862745 0.698039 0.85098
v 0.0349173 0.152245 0 0.862745 0.698039 0.85098
v 0.0348556 0.153127 0 0.862745 0.698039 0.85098
v 0.034802 0.153342 0 0.862745 0.698039 0.85098
v 0.0349173 0.152688 0 0.862745 0.698039 0.85098
v 0.0345534 0.153957 0 0.862745 0.698039 0.85098
v 0.0344426 0.154149 0 0.862745 0.698039 0.85098
v 0.0348941 0.152909 0 0.862745 0.698039 0.85098
v 0.0348941 0.152025 0 0.862745 0.698039 0.85098
v 0.0347335 0.151381 0 0.862745 0.698039 0.85098
v 0.034802 0.151592 0 0.862745 0.698039 0.85098
v 0.0343186 0.154333 0 0.862745 0.698039 0.85098
v 0.0347335 0.153553 0 0.862745 0.698039 0.85098
v 0.0346505 0.153758 0 0.862745 0.698039 0.85098
v 0.0348556 0.151807 0 0.862745 0.698039 0.85098
v 0.0341822 0.150426 0 0.862745 0.698039 0.85098
v 0.0343186 0.150601 0 0.862745 0.698039 0.85098
v 0.0345534 0.150976 0 0.862745 0.698039 0.85098
v 0.0346505 0.151175 0 0.862745 0.698039 0.85098
v 0.0344426 0.150784 0 0.862745 0.698039 0.85098
v 0.0316392 0.15564 0 0.862745 0.698039 0.85098
v 0.0314181 0.155624 0 0.862745 0.698039 0.85098
v 0.0320819 0.155624 0 0.862745 0.698039 0.85098
v 0.0318608 0.15564 0 0.862745 0.698039 0.85098
v 0.0337047 0.149965 0 0.862745 0.698039 0.85098
v 0.0338745 0.150107 0 0.862745 0.698039 0.85098
v 0.0333375 0.149717 0 0.862745 0.698039 0.85098
v 0.0335254 0.149835 0 0.862745 0.698039 0.85098
v 0.0318608 0.149294 0 0.862745 0.698039 0.85098
v 0.0290574 0.154149 0 0.862745 0.698039 0.85098
v 0.0289466 0.153957 0 0.862745 0.698039 0.85098
v 0.0307689 0.155486 0 0.862745 0.698039 0.85098
v 0.0305606 0.155411 0 0.862745 0.698039 0.85098
v 0.0311987 0.155594 0 0.862745 0.698039 0.85098
v 0.0309819 0.155547 0 0.862745 0.698039 0.85098
v 0.0323013 0.155594 0 0.862745 0.698039 0.85098
v 0.0340339 0.154672 0 0.862745 0.698039 0.85098
v 0.0338745 0.154826 0 0.862745 0.698039 0.85098
v 0.0341822 0.154508 0 0.862745 0.698039 0.85098
v 0.0340339 0.150261 0 0.862745 0.698039 0.85098
v 0.0331418 0.149613 0 0.862745 0.698039 0.85098
v 0.0320819 0.149309 0 0.862745 0.698039 0.85098
v 0.0307689 0.149447 0 0.862745 0.698039 0.85098
v 0.0309819 0.149386 0 0.862745 0.698039 0.85098
v 0.0303582 0.149613 0 0.862745 0.698039 0.85098
v 0.0305606 0.149523 0 0.862745 0.698039 0.85098
v 0.0285827 0.152688 0 0.862745 0.698039 0.85098
v 0.028575 0.152467 0 0.862745 0.698039 0.85098
v 0.0287665 0.153553 0 0.862745 0.698039 0.85098
v 0.028698 0.153342 0 0.862745 0.698039 0.85098
v 0.0288495 0.153758 0 0.862745 0.698039 0.85098
v 0.0327311 0.155486 0 0.862745 0.698039 0.85098
v 0.0325181 0.155547 0 0.862745 0.698039 0.85098
v 0.0331418 0.15532 0 0.862745 0.698039 0.85098
v 0.0329394 0.155411 0 0.862745 0.698039 0.85098
v 0.0337047 0.154969 0 0.862745 0.698039 0.85098
v 0.0335254 0.155099 0 0.862745 0.698039 0.85098
v 0.0327311 0.149447 0 0.862745 0.698039 0.85098
v 0.0329394 0.149523 0 0.862745 0.698039 0.85098
v 0.0323013 0.14934 0 0.862745 0.698039 0.85098
v 0.0325181 0.149386 0 0.862745 0.698039 0.85098
v 0.0316392 0.149294 0 0.862745 0.698039 0.85098
v 0.0311987 0.14934 0 0.862745 0.698039 0.85098
v 0.0314181 0.149309 0 0.862745 0.698039 0.85098
v 0.0299746 0.149835 0 0.862745 0.698039 0.85098
v 0.0301625 0.149717 0 0.862745 0.698039 0.85098
v 0.0286059 0.152909 0 0.862745 0.698039 0.85098
v 0.0286444 0.153127 0 0.862745 0.698039 0.85098
v 0.0291814 0.154333 0 0.862745 0.698039 0.85098
v 0.0294661 0.154672 0 0.862745 0.698039 0.85098
v 0.0293178 0.154508 0 0.862745 0.698039 0.85098
v 0.0303582 0.15532 0 0.862745 0.698039 0.85098
v 0.0301625 0.155216 0 0.862745 0.698039 0.85098
v 0.0333375 0.155216 0 0.862745 0.698039 0.85098
v 0.028698 0.151592 0 0.862745 0.698039 0.85098
v 0.0287665 0.151381 0 0.862745 0.698039 0.85098
v 0.0286059 0.152025 0 0.862745 0.698039 0.85098
v 0.0286444 0.151807 0 0.862745 0.698039 0.85098
v 0.0297953 0.154969 0 0.862745 0.698039 0.85098
v 0.0296255 0.154826 0 0.862745 0.698039 0.85098
v 0.0296255 0.150107 0 0.862745 0.698039 0.85098
v 0.0297953 0.149965 0 0.862745 0.698039 0.85098
v 0.0290574 0.150784 0 0.862745 0.698039 0.85098
v 0.0291814 0.150601 0 0.862745 0.698039 0.85098
v 0.0288495 0.151175 0 0.862745 0.698039 0.85098
v 0.0289466 0.150976 0 0.862745 0.698039 0.85098
v 0.0285827 0.152245 0 0.862745 0.698039 0.85098
v 0.0299746 0.155099 0 0.862745 0.698039 0.85098
v 0.0294661 0.150261 0 0.862745 0.698039 0.85098
v 0.0293178 0.150426 0 0.862745 0.698039 0.85098
v 0.0254 0.146117 0 0.862745 0.698039 0.85098
v 0.0381 0.133417 0 0.862745 0.698039 0.85098
v 0.0349173 0.139545 0 0.862745 0.698039 0.85098
v 0.034925 0.139767 0 0.862745 0.698039 0.85098
v 0.0348556 0.140427 0 0.862745 0.698039 0.85098
v 0.034802 0.140642 0 0.862745 0.698039 0.85098
v 0.0349173 0.139988 0 0.862745 0.698039 0.85098
v 0.0345534 0.141257 0 0.862745 0.698039 0.85098
v 0.0344426 0.141449 0 0.862745 0.698039 0.85098
v 0.0348941 0.140209 0 0.862745 0.698039 0.85098
v 0.0348941 0.139325 0 0.862745 0.698039 0.85098
v 0.0347335 0.138681 0 0.862745 0.698039 0.85098
v 0.034802 0.138892 0 0.862745 0.698039 0.85098
v 0.0343186 0.141633 0 0.862745 0.698039 0.85098
v 0.0347335 0.140853 0 0.862745 0.698039 0.85098
v 0.0346505 0.141058 0 0.862745 0.698039 0.85098
v 0.0348556 0.139107 0 0.862745 0.698039 0.85098
v 0.0341822 0.137726 0 0.862745 0.698039 0.85098
v 0.0343186 0.137901 0 0.862745 0.698039 0.85098
v 0.0345534 0.138276 0 0.862745 0.698039 0.85098
v 0.0346505 0.138475 0 0.862745 0.698039 0.85098
v 0.0344426 0.138084 0 0.862745 0.698039 0.85098
v 0.0316392 0.14294 0 0.862745 0.698039 0.85098
v 0.0314181 0.142924 0 0.862745 0.698039 0.85098
v 0.0320819 0.142924 0 0.862745 0.698039 0.85098
v 0.0318608 0.14294 0 0.862745 0.698039 0.85098
v 0.0337047 0.137265 0 0.862745 0.698039 0.85098
v 0.0338745 0.137407 0 0.862745 0.698039 0.85098
v 0.0333375 0.137017 0 0.862745 0.698039 0.85098
v 0.0335254 0.137135 0 0.862745 0.698039 0.85098
v 0.0318608 0.136594 0 0.862745 0.698039 0.85098
v 0.0290574 0.141449 0 0.862745 0.698039 0.85098
v 0.0289466 0.141257 0 0.862745 0.698039 0.85098
v 0.0307689 0.142786 0 0.862745 0.698039 0.85098
v 0.0305606 0.142711 0 0.862745 0.698039 0.85098
v 0.0311987 0.142894 0 0.862745 0.698039 0.85098
v 0.0309819 0.142847 0 0.862745 0.698039 0.85098
v 0.0323013 0.142894 0 0.862745 0.698039 0.85098
v 0.0340339 0.141972 0 0.862745 0.698039 0.85098
v 0.0338745 0.142126 0 0.862745 0.698039 0.85098
v 0.0341822 0.141808 0 0.862745 0.698039 0.85098
v 0.0340339 0.137561 0 0.862745 0.698039 0.85098
v 0.0331418 0.136913 0 0.862745 0.698039 0.85098
v 0.0320819 0.136609 0 0.862745 0.698039 0.85098
v 0.0307689 0.136747 0 0.862745 0.698039 0.85098
v 0.0309819 0.136686 0 0.862745 0.698039 0.85098
v 0.0303582 0.136913 0 0.862745 0.698039 0.85098
v 0.0305606 0.136823 0 0.862745 0.698039 0.85098
v 0.0287665 0.140853 0 0.862745 0.698039 0.85098
v 0.028698 0.140642 0 0.862745 0.698039 0.85098
v 0.0288495 0.141058 0 0.862745 0.698039 0.85098
v 0.0327311 0.142786 0 0.862745 0.698039 0.85098
v 0.0325181 0.142847 0 0.862745 0.698039 0.85098
v 0.0331418 0.14262 0 0.862745 0.698039 0.85098
v 0.0329394 0.142711 0 0.862745 0.698039 0.85098
v 0.0337047 0.142269 0 0.862745 0.698039 0.85098
v 0.0335254 0.142399 0 0.862745 0.698039 0.85098
v 0.0327311 0.136747 0 0.862745 0.698039 0.85098
v 0.0329394 0.136823 0 0.862745 0.698039 0.85098
v 0.0323013 0.13664 0 0.862745 0.698039 0.85098
v 0.0325181 0.136686 0 0.862745 0.698039 0.85098
v 0.0316392 0.136594 0 0.862745 0.698039 0.85098
v 0.0311987 0.13664 0 0.862745 0.698039 0.85098
v 0.0314181 0.136609 0 0.862745 0.698039 0.85098
v 0.0299746 0.137135 0 0.862745 0.698039 0.85098
v 0.0301625 0.137017 0 0.862745 0.698039 0.85098
v 0.0286059 0.140209 0 0.862745 0.698039 0.85098
v 0.0285827 0.139988 0 0.862745 0.698039 0.85098
v 0.0286444 0.140427 0 0.862745 0.698039 0.85098
v 0.0291814 0.141633 0 0.862745 0.698039 0.85098
v 0.0294661 0.141972 0 0.862745 0.698039 0.85098
v 0.0293178 0.141808 0 0.862745 0.698039 0.85098
v 0.0303582 0.14262 0 0.862745 0.698039 0.85098
v 0.0301625 0.142516 0 0.862745 0.698039 0.85098
v 0.0333375 0.142516 0 0.862745 0.698039 0.85098
v 0.028698 0.138892 0 0.862745 0.698039 0.85098
v 0.0287665 0.138681 0 0.862745 0.698039 0.85098
v 0.0286059 0.139325 0 0.862745 0.698039 0.85098
v 0.0286444 0.139107 0 0.862745 0.698039 0.85098
v 0.028575 0.139767 0 0.862745 0.698039 0.85098
v 0.0297953 0.142269 0 0.862745 0.698039 0.85098
v 0.0296255 0.142126 0 0.862745 0.698039 0.85098
v 0.0296255 0.137407 0 0.862745 0.698039 0.85098
v 0.0297953 0.137265 0 0.862745 0.698039 0.85098
v 0.0290574 0.138084 0 0.862745 0.698039 0.85098
v 0.0291814 0.137901 0 0.862745 0.698039 0.85098
v 0.0288495 0.138475 0 0.862745 0.698039 0.85098
v 0.0289466 0.138276 0 0.862745 0.698039 0.85098
v 0.0285827 0.139545 0 0.862745 0.698039 0.85098
v 0.0299746 0.142399 0 0.862745 0.698039 0.85098
v 0.0294661 0.137561 0 0.862745 0.698039 0.85098
v 0.0293178 0.137726 0 0.862745 0.698039 0.85098
v 0.0254 0.133417 0 0.862745 0.698039 0.85098
v 0.0381 0.120717 0 0.862745 0.698039 0.85098
v 0.0349173 0.126845 0 0.862745 0.698039 0.85098
v 0.034925 0.127067 0 0.862745 0.698039 0.85098
v 0.0348556 0.127727 0 0.862745 0.698039 0.85098
v 0.034802 0.127942 0 0.862745 0.698039 0.85098
v 0.0349173 0.127288 0 0.862745 0.698039 0.85098
v 0.0348941 0.127509 0 0.862745 0.698039 0.85098
v 0.0348941 0.126625 0 0.862745 0.698039 0.85098
v 0.0347335 0.125981 0 0.862745 0.698039 0.85098
v 0.034802 0.126192 0 0.862745 0.698039 0.85098
v 0.0345534 0.128557 0 0.862745 0.698039 0.85098
v 0.0344426 0.128749 0 0.862745 0.698039 0.85098
v 0.0347335 0.128153 0 0.862745 0.698039 0.85098
v 0.0346505 0.128358 0 0.862745 0.698039 0.85098
v 0.0348556 0.126407 0 0.862745 0.698039 0.85098
v 0.0341822 0.125026 0 0.862745 0.698039 0.85098
v 0.0343186 0.125201 0 0.862745 0.698039 0.85098
v 0.0325181 0.123986 0 0.862745 0.698039 0.85098
v 0.0327311 0.124047 0 0.862745 0.698039 0.85098
v 0.0320819 0.123909 0 0.862745 0.698039 0.85098
v 0.0323013 0.12394 0 0.862745 0.698039 0.85098
v 0.0318608 0.123894 0 0.862745 0.698039 0.85098
v 0.0345534 0.125576 0 0.862745 0.698039 0.85098
v 0.0346505 0.125775 0 0.862745 0.698039 0.85098
v 0.0344426 0.125384 0 0.862745 0.698039 0.85098
v 0.0329394 0.124123 0 0.862745 0.698039 0.85098
v 0.0331418 0.124213 0 0.862745 0.698039 0.85098
v 0.0316392 0.123894 0 0.862745 0.698039 0.85098
v 0.0305606 0.124123 0 0.862745 0.698039 0.85098
v 0.0307689 0.124047 0 0.862745 0.698039 0.85098
v 0.0301625 0.124317 0 0.862745 0.698039 0.85098
v 0.0303582 0.124213 0 0.862745 0.698039 0.85098
v 0.0290574 0.128749 0 0.862745 0.698039 0.85098
v 0.0289466 0.128557 0 0.862745 0.698039 0.85098
v 0.0316392 0.13024 0 0.862745 0.698039 0.85098
v 0.0314181 0.130224 0 0.862745 0.698039 0.85098
v 0.0320819 0.130224 0 0.862745 0.698039 0.85098
v 0.0318608 0.13024 0 0.862745 0.698039 0.85098
v 0.0340339 0.129272 0 0.862745 0.698039 0.85098
v 0.0338745 0.129426 0 0.862745 0.698039 0.85098
v 0.0314181 0.123909 0 0.862745 0.698039 0.85098
v 0.0309819 0.123986 0 0.862745 0.698039 0.85098
v 0.0311987 0.12394 0 0.862745 0.698039 0.85098
v 0.0287665 0.128153 0 0.862745 0.698039 0.85098
v 0.028698 0.127942 0 0.862745 0.698039 0.85098
v 0.0288495 0.128358 0 0.862745 0.698039 0.85098
v 0.0307689 0.130086 0 0.862745 0.698039 0.85098
v 0.0305606 0.130011 0 0.862745 0.698039 0.85098
v 0.0311987 0.130194 0 0.862745 0.698039 0.85098
v 0.0309819 0.130147 0 0.862745 0.698039 0.85098
v 0.0323013 0.130194 0 0.862745 0.698039 0.85098
v 0.0337047 0.129569 0 0.862745 0.698039 0.85098
v 0.0343186 0.128933 0 0.862745 0.698039 0.85098
v 0.0341822 0.129108 0 0.862745 0.698039 0.85098
v 0.0293178 0.125026 0 0.862745 0.698039 0.85098
v 0.0294661 0.124861 0 0.862745 0.698039 0.85098
v 0.0286059 0.127509 0 0.862745 0.698039 0.85098
v 0.0285827 0.127288 0 0.862745 0.698039 0.85098
v 0.0286444 0.127727 0 0.862745 0.698039 0.85098
v 0.0291814 0.128933 0 0.862745 0.698039 0.85098
v 0.0294661 0.129272 0 0.862745 0.698039 0.85098
v 0.0293178 0.129108 0 0.862745 0.698039 0.85098
v 0.0327311 0.130086 0 0.862745 0.698039 0.85098
v 0.0325181 0.130147 0 0.862745 0.698039 0.85098
v 0.0331418 0.12992 0 0.862745 0.698039 0.85098
v 0.0329394 0.130011 0 0.862745 0.698039 0.85098
v 0.0340339 0.124861 0 0.862745 0.698039 0.85098
v 0.0333375 0.124317 0 0.862745 0.698039 0.85098
v 0.0335254 0.124435 0 0.862745 0.698039 0.85098
v 0.0297953 0.124565 0 0.862745 0.698039 0.85098
v 0.0299746 0.124435 0 0.862745 0.698039 0.85098
v 0.0296255 0.124707 0 0.862745 0.698039 0.85098
v 0.028698 0.126192 0 0.862745 0.698039 0.85098
v 0.0287665 0.125981 0 0.862745 0.698039 0.85098
v 0.0286059 0.126625 0 0.862745 0.698039 0.85098
v 0.0286444 0.126407 0 0.862745 0.698039 0.85098
v 0.028575 0.127067 0 0.862745 0.698039 0.85098
v 0.0297953 0.129569 0 0.862745 0.698039 0.85098
v 0.0296255 0.129426 0 0.862745 0.698039 0.85098
v 0.0303582 0.12992 0 0.862745 0.698039 0.85098
v 0.0301625 0.129816 0 0.862745 0.698039 0.85098
v 0.0335254 0.129699 0 0.862745 0.698039 0.85098
v 0.0333375 0.129816 0 0.862745 0.698039 0.85098
v 0.0337047 0.124565 0 0.862745 0.698039 0.85098
v 0.0338745 0.124707 0 0.862745 0.698039 0.85098
v 0.0290574 0.125384 0 0.862745 0.698039 0.85098
v 0.0291814 0.125201 0 0.862745 0.698039 0.85098
v 0.0288495 0.125775 0 0.862745 0.698039 0.85098
v 0.0289466 0.125576 0 0.862745 0.698039 0.85098
v 0.0285827 0.126845 0 0.862745 0.698039 0.85098
v 0.0299746 0.129699 0 0.862745 0.698039 0.85098
v 0.0254 0.120717 0 0.862745 0.698039 0.85098
v 0.0381 0.108017 0 0.862745 0.698039 0.85098
v 0.034925 0.114367 0 0.862745 0.698039 0.85098
v 0.0349173 0.114588 0 0.862745 0.698039 0.85098
v 0.0348941 0.114809 0 0.862745 0.698039 0.85098
v 0.0349173 0.114145 0 0.862745 0.698039 0.85098
v 0.0289466 0.115857 0 0.862745 0.698039 0.85098
v 0.0288495 0.115658 0 0.862745 0.698039 0.85098
v 0.0309819 0.117447 0 0.862745 0.698039 0.85098
v 0.0307689 0.117386 0 0.862745 0.698039 0.85098
v 0.0337047 0.116869 0 0.862745 0.698039 0.85098
v 0.0335254 0.116999 0 0.862745 0.698039 0.85098
v 0.0348556 0.113707 0 0.862745 0.698039 0.85098
v 0.0348941 0.113925 0 0.862745 0.698039 0.85098
v 0.0290574 0.116049 0 0.862745 0.698039 0.85098
v 0.0303582 0.11722 0 0.862745 0.698039 0.85098
v 0.0301625 0.117116 0 0.862745 0.698039 0.85098
v 0.0305606 0.117311 0 0.862745 0.698039 0.85098
v 0.0327311 0.117386 0 0.862745 0.698039 0.85098
v 0.0325181 0.117447 0 0.862745 0.698039 0.85098
v 0.0331418 0.11722 0 0.862745 0.698039 0.85098
v 0.0329394 0.117311 0 0.862745 0.698039 0.85098
v 0.0333375 0.117116 0 0.862745 0.698039 0.85098
v 0.0343186 0.116233 0 0.862745 0.698039 0.85098
v 0.0341822 0.116408 0 0.862745 0.698039 0.85098
v 0.0346505 0.115658 0 0.862745 0.698039 0.85098
v 0.0345534 0.115857 0 0.862745 0.698039 0.85098
v 0.0348556 0.115027 0 0.862745 0.698039 0.85098
v 0.034802 0.115242 0 0.862745 0.698039 0.85098
v 0.0341822 0.112326 0 0.862745 0.698039 0.85098
v 0.0343186 0.112501 0 0.862745 0.698039 0.85098
v 0.0291814 0.116233 0 0.862745 0.698039 0.85098
v 0.0314181 0.117524 0 0.862745 0.698039 0.85098
v 0.0311987 0.117494 0 0.862745 0.698039 0.85098
v 0.0318608 0.11754 0 0.862745 0.698039 0.85098
v 0.0316392 0.11754 0 0.862745 0.698039 0.85098
v 0.0320819 0.117524 0 0.862745 0.698039 0.85098
v 0.0323013 0.117494 0 0.862745 0.698039 0.85098
v 0.0344426 0.116049 0 0.862745 0.698039 0.85098
v 0.0347335 0.115453 0 0.862745 0.698039 0.85098
v 0.0347335 0.113281 0 0.862745 0.698039 0.85098
v 0.034802 0.113492 0 0.862745 0.698039 0.85098
v 0.0344426 0.112684 0 0.862745 0.698039 0.85098
v 0.0325181 0.111286 0 0.862745 0.698039 0.85098
v 0.0327311 0.111347 0 0.862745 0.698039 0.85098
v 0.0320819 0.111209 0 0.862745 0.698039 0.85098
v 0.0323013 0.11124 0 0.862745 0.698039 0.85098
v 0.0318608 0.111194 0 0.862745 0.698039 0.85098
v 0.0294661 0.112161 0 0.862745 0.698039 0.85098
v 0.0296255 0.112007 0 0.862745 0.698039 0.85098
v 0.028698 0.113492 0 0.862745 0.698039 0.85098
v 0.0287665 0.113281 0 0.862745 0.698039 0.85098
v 0.0285827 0.114145 0 0.862745 0.698039 0.85098
v 0.0286059 0.113925 0 0.862745 0.698039 0.85098
v 0.0286444 0.115027 0 0.862745 0.698039 0.85098
v 0.0286059 0.114809 0 0.862745 0.698039 0.85098
v 0.0287665 0.115453 0 0.862745 0.698039 0.85098
v 0.028698 0.115242 0 0.862745 0.698039 0.85098
v 0.0293178 0.116408 0 0.862745 0.698039 0.85098
v 0.0296255 0.116726 0 0.862745 0.698039 0.85098
v 0.0294661 0.116572 0 0.862745 0.698039 0.85098
v 0.0340339 0.116572 0 0.862745 0.698039 0.85098
v 0.0338745 0.116726 0 0.862745 0.698039 0.85098
v 0.0345534 0.112876 0 0.862745 0.698039 0.85098
v 0.0346505 0.113075 0 0.862745 0.698039 0.85098
v 0.0340339 0.112161 0 0.862745 0.698039 0.85098
v 0.0329394 0.111423 0 0.862745 0.698039 0.85098
v 0.0331418 0.111513 0 0.862745 0.698039 0.85098
v 0.0316392 0.111194 0 0.862745 0.698039 0.85098
v 0.0305606 0.111423 0 0.862745 0.698039 0.85098
v 0.0307689 0.111347 0 0.862745 0.698039 0.85098
v 0.0301625 0.111617 0 0.862745 0.698039 0.85098
v 0.0303582 0.111513 0 0.862745 0.698039 0.85098
v 0.0293178 0.112326 0 0.862745 0.698039 0.85098
v 0.0288495 0.113075 0 0.862745 0.698039 0.85098
v 0.0286444 0.113707 0 0.862745 0.698039 0.85098
v 0.0285827 0.114588 0 0.862745 0.698039 0.85098
v 0.028575 0.114367 0 0.862745 0.698039 0.85098
v 0.0299746 0.116999 0 0.862745 0.698039 0.85098
v 0.0297953 0.116869 0 0.862745 0.698039 0.85098
v 0.0314181 0.111209 0 0.862745 0.698039 0.85098
v 0.0309819 0.111286 0 0.862745 0.698039 0.85098
v 0.0311987 0.11124 0 0.862745 0.698039 0.85098
v 0.0291814 0.112501 0 0.862745 0.698039 0.85098
v 0.0289466 0.112876 0 0.862745 0.698039 0.85098
v 0.0290574 0.112684 0 0.862745 0.698039 0.85098
v 0.0333375 0.111617 0 0.862745 0.698039 0.85098
v 0.0335254 0.111735 0 0.862745 0.698039 0.85098
v 0.0297953 0.111865 0 0.862745 0.698039 0.85098
v 0.0299746 0.111735 0 0.862745 0.698039 0.85098
v 0.0337047 0.111865 0 0.862745 0.698039 0.85098
v 0.0338745 0.112007 0 0.862745 0.698039 0.85098
v 0.0254 0.108017 0 0.862745 0.698039 0.85098
v 0.0381 0.0498809 0 0.862745 0.698039 0.85098
v 0.0254 0.0498809 0 0.862745 0.698039 0.85098
v 0.0269875 0.00127 0 0.862745 0.698039 0.85098
v 0.0381 0.00127 0 0.862745 0.698039 0.85098
v 0.0259814 0.179996 0 0.862745 0.698039 0.85098
v 0.0254 0.175528 0 0.862745 0.698039 0.85098
v 0.0254365 0.176657 0 0.862745 0.698039 0.85098
v 0.025546 0.177781 0 0.862745 0.698039 0.85098
v 0.0318608 0.16834 0 0.862745 0.698039 0.85098
v 0.0325831 0.196937 0 0.862745 0.698039 0.85098
v 0.0326743 0.196876 0 0.862745 0.698039 0.85098
v 0.0324878 0.196991 0 0.862745 0.698039 0.85098
v 0.0321829 0.197113 0 0.862745 0.698039 0.85098
v 0.0322873 0.197079 0 0.862745 0.698039 0.85098
v 0.0307388 0.196809 0 0.862745 0.698039 0.85098
v 0.0308257 0.196876 0 0.862745 0.698039 0.85098
v 0.0323891 0.197039 0 0.862745 0.698039 0.85098
v 0.0320765 0.197139 0 0.862745 0.698039 0.85098
v 0.0311109 0.197039 0 0.862745 0.698039 0.85098
v 0.0312127 0.197079 0 0.862745 0.698039 0.85098
v 0.0309169 0.196937 0 0.862745 0.698039 0.85098
v 0.0316392 0.16834 0 0.862745 0.698039 0.85098
v 0.0314181 0.168324 0 0.862745 0.698039 0.85098
v 0.0302154 0.195992 0 0.862745 0.698039 0.85098
v 0.0318595 0.197169 0 0.862745 0.698039 0.85098
v 0.0319686 0.197158 0 0.862745 0.698039 0.85098
v 0.0313171 0.197113 0 0.862745 0.698039 0.85098
v 0.0310122 0.196991 0 0.862745 0.698039 0.85098
v 0.0304434 0.196487 0 0.862745 0.698039 0.85098
v 0.0305087 0.196575 0 0.862745 0.698039 0.85098
v 0.0303317 0.196299 0 0.862745 0.698039 0.85098
v 0.0303843 0.196395 0 0.862745 0.698039 0.85098
v 0.030247 0.196096 0 0.862745 0.698039 0.85098
v 0.0316405 0.197169 0 0.862745 0.698039 0.85098
v 0.03175 0.197173 0 0.862745 0.698039 0.85098
v 0.0314235 0.197139 0 0.862745 0.698039 0.85098
v 0.0315314 0.197158 0 0.862745 0.698039 0.85098
v 0.0331683 0.196299 0 0.862745 0.698039 0.85098
v 0.0332141 0.196199 0 0.862745 0.698039 0.85098
v 0.03292 0.196658 0 0.862745 0.698039 0.85098
v 0.0329913 0.196575 0 0.862745 0.698039 0.85098
v 0.0381 0.175528 0 0.862745 0.698039 0.85098
v 0.0349173 0.165388 0 0.862745 0.698039 0.85098
v 0.0349173 0.164945 0 0.862745 0.698039 0.85098
v 0.034925 0.165167 0 0.862745 0.698039 0.85098
v 0.0302859 0.196199 0 0.862745 0.698039 0.85098
v 0.0331157 0.196395 0 0.862745 0.698039 0.85098
v 0.0330566 0.196487 0 0.862745 0.698039 0.85098
v 0.0348556 0.165827 0 0.862745 0.698039 0.85098
v 0.034802 0.166042 0 0.862745 0.698039 0.85098
v 0.033253 0.196096 0 0.862745 0.698039 0.85098
v 0.0332846 0.195992 0 0.862745 0.698039 0.85098
v 0.0348941 0.165609 0 0.862745 0.698039 0.85098
v 0.0348941 0.164725 0 0.862745 0.698039 0.85098
v 0.0347335 0.164081 0 0.862745 0.698039 0.85098
v 0.034802 0.164292 0 0.862745 0.698039 0.85098
v 0.03058 0.196658 0 0.862745 0.698039 0.85098
v 0.0327612 0.196809 0 0.862745 0.698039 0.85098
v 0.0306568 0.196736 0 0.862745 0.698039 0.85098
v 0.0345534 0.166657 0 0.862745 0.698039 0.85098
v 0.0344426 0.166849 0 0.862745 0.698039 0.85098
v 0.0347335 0.166253 0 0.862745 0.698039 0.85098
v 0.0346505 0.166458 0 0.862745 0.698039 0.85098
v 0.0348556 0.164507 0 0.862745 0.698039 0.85098
v 0.0341822 0.163126 0 0.862745 0.698039 0.85098
v 0.0343186 0.163301 0 0.862745 0.698039 0.85098
v 0.0290574 0.166849 0 0.862745 0.698039 0.85098
v 0.0289466 0.166657 0 0.862745 0.698039 0.85098
v 0.0311987 0.168294 0 0.862745 0.698039 0.85098
v 0.0309819 0.168247 0 0.862745 0.698039 0.85098
v 0.0328432 0.196736 0 0.862745 0.698039 0.85098
v 0.0329394 0.168111 0 0.862745 0.698039 0.85098
v 0.0377722 0.178896 0 0.862745 0.698039 0.85098
v 0.037954 0.177781 0 0.862745 0.698039 0.85098
v 0.0345534 0.163676 0 0.862745 0.698039 0.85098
v 0.0346505 0.163875 0 0.862745 0.698039 0.85098
v 0.0344426 0.163484 0 0.862745 0.698039 0.85098
v 0.0337047 0.162665 0 0.862745 0.698039 0.85098
v 0.0338745 0.162807 0 0.862745 0.698039 0.85098
v 0.0333375 0.162417 0 0.862745 0.698039 0.85098
v 0.0335254 0.162535 0 0.862745 0.698039 0.85098
v 0.0286059 0.165609 0 0.862745 0.698039 0.85098
v 0.0285827 0.165388 0 0.862745 0.698039 0.85098
v 0.0287665 0.166253 0 0.862745 0.698039 0.85098
v 0.028698 0.166042 0 0.862745 0.698039 0.85098
v 0.0288495 0.166458 0 0.862745 0.698039 0.85098
v 0.0307689 0.168186 0 0.862745 0.698039 0.85098
v 0.0305606 0.168111 0 0.862745 0.698039 0.85098
v 0.0323013 0.168294 0 0.862745 0.698039 0.85098
v 0.0320819 0.168324 0 0.862745 0.698039 0.85098
v 0.0375186 0.179996 0 0.862745 0.698039 0.85098
v 0.0340339 0.167372 0 0.862745 0.698039 0.85098
v 0.0338745 0.167526 0 0.862745 0.698039 0.85098
v 0.0340339 0.162961 0 0.862745 0.698039 0.85098
v 0.0331418 0.162313 0 0.862745 0.698039 0.85098
v 0.0318608 0.161994 0 0.862745 0.698039 0.85098
v 0.0286444 0.165827 0 0.862745 0.698039 0.85098
v 0.0291814 0.167033 0 0.862745 0.698039 0.85098
v 0.0294661 0.167372 0 0.862745 0.698039 0.85098
v 0.0293178 0.167208 0 0.862745 0.698039 0.85098
v 0.0327311 0.168186 0 0.862745 0.698039 0.85098
v 0.0325181 0.168247 0 0.862745 0.698039 0.85098
v 0.0331418 0.16802 0 0.862745 0.698039 0.85098
v 0.0380635 0.176657 0 0.862745 0.698039 0.85098
v 0.0333375 0.167916 0 0.862745 0.698039 0.85098
v 0.0337047 0.167669 0 0.862745 0.698039 0.85098
v 0.0343186 0.167033 0 0.862745 0.698039 0.85098
v 0.0341822 0.167208 0 0.862745 0.698039 0.85098
v 0.0320819 0.162009 0 0.862745 0.698039 0.85098
v 0.0307689 0.162147 0 0.862745 0.698039 0.85098
v 0.0309819 0.162086 0 0.862745 0.698039 0.85098
v 0.0303582 0.162313 0 0.862745 0.698039 0.85098
v 0.0305606 0.162223 0 0.862745 0.698039 0.85098
v 0.0297953 0.167669 0 0.862745 0.698039 0.85098
v 0.0296255 0.167526 0 0.862745 0.698039 0.85098
v 0.0303582 0.16802 0 0.862745 0.698039 0.85098
v 0.0301625 0.167916 0 0.862745 0.698039 0.85098
v 0.0335254 0.167799 0 0.862745 0.698039 0.85098
v 0.0327311 0.162147 0 0.862745 0.698039 0.85098
v 0.0329394 0.162223 0 0.862745 0.698039 0.85098
v 0.0323013 0.16204 0 0.862745 0.698039 0.85098
v 0.0325181 0.162086 0 0.862745 0.698039 0.85098
v 0.0316392 0.161994 0 0.862745 0.698039 0.85098
v 0.0311987 0.16204 0 0.862745 0.698039 0.85098
v 0.0314181 0.162009 0 0.862745 0.698039 0.85098
v 0.0299746 0.162535 0 0.862745 0.698039 0.85098
v 0.0301625 0.162417 0 0.862745 0.698039 0.85098
v 0.028698 0.164292 0 0.862745 0.698039 0.85098
v 0.0287665 0.164081 0 0.862745 0.698039 0.85098
v 0.0286059 0.164725 0 0.862745 0.698039 0.85098
v 0.0286444 0.164507 0 0.862745 0.698039 0.85098
v 0.0299746 0.167799 0 0.862745 0.698039 0.85098
v 0.0296255 0.162807 0 0.862745 0.698039 0.85098
v 0.0297953 0.162665 0 0.862745 0.698039 0.85098
v 0.0290574 0.163484 0 0.862745 0.698039 0.85098
v 0.0291814 0.163301 0 0.862745 0.698039 0.85098
v 0.0288495 0.163875 0 0.862745 0.698039 0.85098
v 0.0289466 0.163676 0 0.862745 0.698039 0.85098
v 0.028575 0.165167 0 0.862745 0.698039 0.85098
v 0.0285827 0.164945 0 0.862745 0.698039 0.85098
v 0.0294661 0.162961 0 0.862745 0.698039 0.85098
v 0.0293178 0.163126 0 0.862745 0.698039 0.85098
v 0.0257278 0.178896 0 0.862745 0.698039 0.85098
v 0.0254 0.00127 0 0.862745 0.698039 0.85098
v 0.0269875 0.158817 0 0.862745 0.698039 0.85098
v 0.0269875 0.146117 0 0.862745 0.698039 0.85098
v 0.0269875 0.133417 0 0.862745 0.698039 0.85098
v 0.0269875 0.120717 0 0.862745 0.698039 0.85098
v 0.0269875 0.108017 0 0.862745 0.698039 0.85098
v 0.0269875 0.0498809 0 0.862745 0.698039 0.85098
v 0.0254 0.0498809 0.00396875 0.862745 0.698039 0.85098
v 0.0254 0.00127 0.00396875 0.862745 0.698039 0.85098
v 0.0269875 0.00127 0.00396875 0.862745 0.698039 0.85098
v 0.0381 0.00127 0.00396875 0.862745 0.698039 0.85098
v 0.0254 0.108017 0.00396875 0.862745 0.698039 0.85098
v 0.0381 0.108017 0.00396875 0.862745 0.698039 0.85098
v 0.0381 0.0498809 0.00396875 0.862745 0.698039 0.85098
v 0.0254 0.120717 0.00396875 0.862745 0.698039 0.85098
v 0.0381 0.120717 0.00396875 0.862745 0.698039 0.85098
v 0.0333375 0.117116 0.00396875 0.862745 0.698039 0.85098
v 0.0335254 0.116999 0.00396875 0.862745 0.698039 0.85098
v 0.0349173 0.114588 0.00396875 0.862745 0.698039 0.85098
v 0.034925 0.114367 0.00396875 0.862745 0.698039 0.85098
v 0.0348556 0.115027 0.00396875 0.862745 0.698039 0.85098
v 0.0348941 0.114809 0.00396875 0.862745 0.698039 0.85098
v 0.0344426 0.116049 0.00396875 0.862745 0.698039 0.85098
v 0.0345534 0.115857 0.00396875 0.862745 0.698039 0.85098
v 0.0340339 0.116572 0.00396875 0.862745 0.698039 0.85098
v 0.0341822 0.116408 0.00396875 0.862745 0.698039 0.85098
v 0.0331418 0.11722 0.00396875 0.862745 0.698039 0.85098
v 0.0327311 0.117386 0.00396875 0.862745 0.698039 0.85098
v 0.0329394 0.117311 0.00396875 0.862745 0.698039 0.85098
v 0.0323013 0.117494 0.00396875 0.862745 0.698039 0.85098
v 0.0325181 0.117447 0.00396875 0.862745 0.698039 0.85098
v 0.0287665 0.115453 0.00396875 0.862745 0.698039 0.85098
v 0.0288495 0.115658 0.00396875 0.862745 0.698039 0.85098
v 0.0347335 0.115453 0.00396875 0.862745 0.698039 0.85098
v 0.034802 0.115242 0.00396875 0.862745 0.698039 0.85098
v 0.0346505 0.115658 0.00396875 0.862745 0.698039 0.85098
v 0.0343186 0.116233 0.00396875 0.862745 0.698039 0.85098
v 0.0320819 0.117524 0.00396875 0.862745 0.698039 0.85098
v 0.0289466 0.115857 0.00396875 0.862745 0.698039 0.85098
v 0.0337047 0.116869 0.00396875 0.862745 0.698039 0.85098
v 0.0338745 0.116726 0.00396875 0.862745 0.698039 0.85098
v 0.0318608 0.11754 0.00396875 0.862745 0.698039 0.85098
v 0.0305606 0.117311 0.00396875 0.862745 0.698039 0.85098
v 0.0307689 0.117386 0.00396875 0.862745 0.698039 0.85098
v 0.0290574 0.116049 0.00396875 0.862745 0.698039 0.85098
v 0.0286444 0.115027 0.00396875 0.862745 0.698039 0.85098
v 0.028698 0.115242 0.00396875 0.862745 0.698039 0.85098
v 0.0285827 0.114588 0.00396875 0.862745 0.698039 0.85098
v 0.0286059 0.114809 0.00396875 0.862745 0.698039 0.85098
v 0.028575 0.114367 0.00396875 0.862745 0.698039 0.85098
v 0.0286444 0.113707 0.00396875 0.862745 0.698039 0.85098
v 0.0286059 0.113925 0.00396875 0.862745 0.698039 0.85098
v 0.0288495 0.113075 0.00396875 0.862745 0.698039 0.85098
v 0.0287665 0.113281 0.00396875 0.862745 0.698039 0.85098
v 0.0316392 0.11754 0.00396875 0.862745 0.698039 0.85098
v 0.0303582 0.11722 0.00396875 0.862745 0.698039 0.85098
v 0.0299746 0.116999 0.00396875 0.862745 0.698039 0.85098
v 0.0301625 0.117116 0.00396875 0.862745 0.698039 0.85098
v 0.0293178 0.116408 0.00396875 0.862745 0.698039 0.85098
v 0.0294661 0.116572 0.00396875 0.862745 0.698039 0.85098
v 0.0291814 0.116233 0.00396875 0.862745 0.698039 0.85098
v 0.0285827 0.114145 0.00396875 0.862745 0.698039 0.85098
v 0.028698 0.113492 0.00396875 0.862745 0.698039 0.85098
v 0.0289466 0.112876 0.00396875 0.862745 0.698039 0.85098
v 0.0314181 0.117524 0.00396875 0.862745 0.698039 0.85098
v 0.0309819 0.117447 0.00396875 0.862745 0.698039 0.85098
v 0.0311987 0.117494 0.00396875 0.862745 0.698039 0.85098
v 0.0296255 0.116726 0.00396875 0.862745 0.698039 0.85098
v 0.0297953 0.116869 0.00396875 0.862745 0.698039 0.85098
v 0.0297953 0.111865 0.00396875 0.862745 0.698039 0.85098
v 0.0296255 0.112007 0.00396875 0.862745 0.698039 0.85098
v 0.0305606 0.111423 0.00396875 0.862745 0.698039 0.85098
v 0.0303582 0.111513 0.00396875 0.862745 0.698039 0.85098
v 0.0309819 0.111286 0.00396875 0.862745 0.698039 0.85098
v 0.0307689 0.111347 0.00396875 0.862745 0.698039 0.85098
v 0.0294661 0.112161 0.00396875 0.862745 0.698039 0.85098
v 0.0314181 0.111209 0.00396875 0.862745 0.698039 0.85098
v 0.0311987 0.11124 0.00396875 0.862745 0.698039 0.85098
v 0.0318608 0.111194 0.00396875 0.862745 0.698039 0.85098
v 0.0316392 0.111194 0.00396875 0.862745 0.698039 0.85098
v 0.0320819 0.111209 0.00396875 0.862745 0.698039 0.85098
v 0.0325181 0.111286 0.00396875 0.862745 0.698039 0.85098
v 0.0323013 0.11124 0.00396875 0.862745 0.698039 0.85098
v 0.0329394 0.111423 0.00396875 0.862745 0.698039 0.85098
v 0.0327311 0.111347 0.00396875 0.862745 0.698039 0.85098
v 0.0344426 0.112684 0.00396875 0.862745 0.698039 0.85098
v 0.0343186 0.112501 0.00396875 0.862745 0.698039 0.85098
v 0.0291814 0.112501 0.00396875 0.862745 0.698039 0.85098
v 0.0290574 0.112684 0.00396875 0.862745 0.698039 0.85098
v 0.0293178 0.112326 0.00396875 0.862745 0.698039 0.85098
v 0.0333375 0.111617 0.00396875 0.862745 0.698039 0.85098
v 0.0331418 0.111513 0.00396875 0.862745 0.698039 0.85098
v 0.0345534 0.112876 0.00396875 0.862745 0.698039 0.85098
v 0.0349173 0.114145 0.00396875 0.862745 0.698039 0.85098
v 0.0348941 0.113925 0.00396875 0.862745 0.698039 0.85098
v 0.0341822 0.112326 0.00396875 0.862745 0.698039 0.85098
v 0.0347335 0.113281 0.00396875 0.862745 0.698039 0.85098
v 0.0346505 0.113075 0.00396875 0.862745 0.698039 0.85098
v 0.0348556 0.113707 0.00396875 0.862745 0.698039 0.85098
v 0.034802 0.113492 0.00396875 0.862745 0.698039 0.85098
v 0.0301625 0.111617 0.00396875 0.862745 0.698039 0.85098
v 0.0299746 0.111735 0.00396875 0.862745 0.698039 0.85098
v 0.0337047 0.111865 0.00396875 0.862745 0.698039 0.85098
v 0.0335254 0.111735 0.00396875 0.862745 0.698039 0.85098
v 0.0340339 0.112161 0.00396875 0.862745 0.698039 0.85098
v 0.0338745 0.112007 0.00396875 0.862745 0.698039 0.85098
v 0.0254 0.133417 0.00396875 0.862745 0.698039 0.85098
v 0.0285827 0.126845 0.00396875 0.862745 0.698039 0.85098
v 0.028575 0.127067 0.00396875 0.862745 0.698039 0.85098
v 0.0381 0.133417 0.00396875 0.862745 0.698039 0.85098
v 0.0318608 0.13024 0.00396875 0.862745 0.698039 0.85098
v 0.0288495 0.128358 0.00396875 0.862745 0.698039 0.85098
v 0.0289466 0.128557 0.00396875 0.862745 0.698039 0.85098
v 0.0286444 0.127727 0.00396875 0.862745 0.698039 0.85098
v 0.028698 0.127942 0.00396875 0.862745 0.698039 0.85098
v 0.0285827 0.127288 0.00396875 0.862745 0.698039 0.85098
v 0.0305606 0.124123 0.00396875 0.862745 0.698039 0.85098
v 0.0303582 0.124213 0.00396875 0.862745 0.698039 0.85098
v 0.0309819 0.123986 0.00396875 0.862745 0.698039 0.85098
v 0.0307689 0.124047 0.00396875 0.862745 0.698039 0.85098
v 0.0320819 0.130224 0.00396875 0.862745 0.698039 0.85098
v 0.0287665 0.128153 0.00396875 0.862745 0.698039 0.85098
v 0.0286059 0.127509 0.00396875 0.862745 0.698039 0.85098
v 0.0286059 0.126625 0.00396875 0.862745 0.698039 0.85098
v 0.028698 0.126192 0.00396875 0.862745 0.698039 0.85098
v 0.0286444 0.126407 0.00396875 0.862745 0.698039 0.85098
v 0.0288495 0.125775 0.00396875 0.862745 0.698039 0.85098
v 0.0287665 0.125981 0.00396875 0.862745 0.698039 0.85098
v 0.0314181 0.123909 0.00396875 0.862745 0.698039 0.85098
v 0.0311987 0.12394 0.00396875 0.862745 0.698039 0.85098
v 0.0318608 0.123894 0.00396875 0.862745 0.698039 0.85098
v 0.0316392 0.123894 0.00396875 0.862745 0.698039 0.85098
v 0.0320819 0.123909 0.00396875 0.862745 0.698039 0.85098
v 0.0325181 0.123986 0.00396875 0.862745 0.698039 0.85098
v 0.0323013 0.12394 0.00396875 0.862745 0.698039 0.85098
v 0.0329394 0.124123 0.00396875 0.862745 0.698039 0.85098
v 0.0327311 0.124047 0.00396875 0.862745 0.698039 0.85098
v 0.0344426 0.125384 0.00396875 0.862745 0.698039 0.85098
v 0.0343186 0.125201 0.00396875 0.862745 0.698039 0.85098
v 0.0348556 0.126407 0.00396875 0.862745 0.698039 0.85098
v 0.034802 0.126192 0.00396875 0.862745 0.698039 0.85098
v 0.034925 0.127067 0.00396875 0.862745 0.698039 0.85098
v 0.0316392 0.13024 0.00396875 0.862745 0.698039 0.85098
v 0.0311987 0.130194 0.00396875 0.862745 0.698039 0.85098
v 0.0314181 0.130224 0.00396875 0.862745 0.698039 0.85098
v 0.0307689 0.130086 0.00396875 0.862745 0.698039 0.85098
v 0.0309819 0.130147 0.00396875 0.862745 0.698039 0.85098
v 0.0303582 0.12992 0.00396875 0.862745 0.698039 0.85098
v 0.0305606 0.130011 0.00396875 0.862745 0.698039 0.85098
v 0.0291814 0.128933 0.00396875 0.862745 0.698039 0.85098
v 0.0293178 0.129108 0.00396875 0.862745 0.698039 0.85098
v 0.0290574 0.128749 0.00396875 0.862745 0.698039 0.85098
v 0.0333375 0.124317 0.00396875 0.862745 0.698039 0.85098
v 0.0331418 0.124213 0.00396875 0.862745 0.698039 0.85098
v 0.0345534 0.125576 0.00396875 0.862745 0.698039 0.85098
v 0.0347335 0.125981 0.00396875 0.862745 0.698039 0.85098
v 0.0346505 0.125775 0.00396875 0.862745 0.698039 0.85098
v 0.0348941 0.126625 0.00396875 0.862745 0.698039 0.85098
v 0.0349173 0.126845 0.00396875 0.862745 0.698039 0.85098
v 0.0327311 0.130086 0.00396875 0.862745 0.698039 0.85098
v 0.0329394 0.130011 0.00396875 0.862745 0.698039 0.85098
v 0.0323013 0.130194 0.00396875 0.862745 0.698039 0.85098
v 0.0325181 0.130147 0.00396875 0.862745 0.698039 0.85098
v 0.0290574 0.125384 0.00396875 0.862745 0.698039 0.85098
v 0.0289466 0.125576 0.00396875 0.862745 0.698039 0.85098
v 0.0293178 0.125026 0.00396875 0.862745 0.698039 0.85098
v 0.0291814 0.125201 0.00396875 0.862745 0.698039 0.85098
v 0.0296255 0.124707 0.00396875 0.862745 0.698039 0.85098
v 0.0294661 0.124861 0.00396875 0.862745 0.698039 0.85098
v 0.0347335 0.128153 0.00396875 0.862745 0.698039 0.85098
v 0.034802 0.127942 0.00396875 0.862745 0.698039 0.85098
v 0.0331418 0.12992 0.00396875 0.862745 0.698039 0.85098
v 0.0333375 0.129816 0.00396875 0.862745 0.698039 0.85098
v 0.0299746 0.129699 0.00396875 0.862745 0.698039 0.85098
v 0.0301625 0.129816 0.00396875 0.862745 0.698039 0.85098
v 0.0294661 0.129272 0.00396875 0.862745 0.698039 0.85098
v 0.0296255 0.129426 0.00396875 0.862745 0.698039 0.85098
v 0.0297953 0.124565 0.00396875 0.862745 0.698039 0.85098
v 0.0301625 0.124317 0.00396875 0.862745 0.698039 0.85098
v 0.0299746 0.124435 0.00396875 0.862745 0.698039 0.85098
v 0.0337047 0.124565 0.00396875 0.862745 0.698039 0.85098
v 0.0335254 0.124435 0.00396875 0.862745 0.698039 0.85098
v 0.0348941 0.127509 0.00396875 0.862745 0.698039 0.85098
v 0.0349173 0.127288 0.00396875 0.862745 0.698039 0.85098
v 0.0348556 0.127727 0.00396875 0.862745 0.698039 0.85098
v 0.0345534 0.128557 0.00396875 0.862745 0.698039 0.85098
v 0.0346505 0.128358 0.00396875 0.862745 0.698039 0.85098
v 0.0343186 0.128933 0.00396875 0.862745 0.698039 0.85098
v 0.0344426 0.128749 0.00396875 0.862745 0.698039 0.85098
v 0.0337047 0.129569 0.00396875 0.862745 0.698039 0.85098
v 0.0338745 0.129426 0.00396875 0.862745 0.698039 0.85098
v 0.0297953 0.129569 0.00396875 0.862745 0.698039 0.85098
v 0.0340339 0.124861 0.00396875 0.862745 0.698039 0.85098
v 0.0338745 0.124707 0.00396875 0.862745 0.698039 0.85098
v 0.0341822 0.125026 0.00396875 0.862745 0.698039 0.85098
v 0.0340339 0.129272 0.00396875 0.862745 0.698039 0.85098
v 0.0341822 0.129108 0.00396875 0.862745 0.698039 0.85098
v 0.0335254 0.129699 0.00396875 0.862745 0.698039 0.85098
v 0.0254 0.146117 0.00396875 0.862745 0.698039 0.85098
v 0.0285827 0.139545 0.00396875 0.862745 0.698039 0.85098
v 0.028575 0.139767 0.00396875 0.862745 0.698039 0.85098
v 0.0381 0.146117 0.00396875 0.862745 0.698039 0.85098
v 0.0318608 0.14294 0.00396875 0.862745 0.698039 0.85098
v 0.0347335 0.140853 0.00396875 0.862745 0.698039 0.85098
v 0.034802 0.140642 0.00396875 0.862745 0.698039 0.85098
v 0.0343186 0.141633 0.00396875 0.862745 0.698039 0.85098
v 0.0344426 0.141449 0.00396875 0.862745 0.698039 0.85098
v 0.0320819 0.142924 0.00396875 0.862745 0.698039 0.85098
v 0.0288495 0.141058 0.00396875 0.862745 0.698039 0.85098
v 0.0289466 0.141257 0.00396875 0.862745 0.698039 0.85098
v 0.0286444 0.140427 0.00396875 0.862745 0.698039 0.85098
v 0.028698 0.140642 0.00396875 0.862745 0.698039 0.85098
v 0.0285827 0.139988 0.00396875 0.862745 0.698039 0.85098
v 0.0348941 0.140209 0.00396875 0.862745 0.698039 0.85098
v 0.0349173 0.139988 0.00396875 0.862745 0.698039 0.85098
v 0.0348556 0.140427 0.00396875 0.862745 0.698039 0.85098
v 0.0345534 0.141257 0.00396875 0.862745 0.698039 0.85098
v 0.0346505 0.141058 0.00396875 0.862745 0.698039 0.85098
v 0.0341822 0.141808 0.00396875 0.862745 0.698039 0.85098
v 0.0316392 0.14294 0.00396875 0.862745 0.698039 0.85098
v 0.0311987 0.142894 0.00396875 0.862745 0.698039 0.85098
v 0.0314181 0.142924 0.00396875 0.862745 0.698039 0.85098
v 0.0307689 0.142786 0.00396875 0.862745 0.698039 0.85098
v 0.0309819 0.142847 0.00396875 0.862745 0.698039 0.85098
v 0.0303582 0.14262 0.00396875 0.862745 0.698039 0.85098
v 0.0305606 0.142711 0.00396875 0.862745 0.698039 0.85098
v 0.0287665 0.140853 0.00396875 0.862745 0.698039 0.85098
v 0.0286059 0.140209 0.00396875 0.862745 0.698039 0.85098
v 0.0286059 0.139325 0.00396875 0.862745 0.698039 0.85098
v 0.028698 0.138892 0.00396875 0.862745 0.698039 0.85098
v 0.0286444 0.139107 0.00396875 0.862745 0.698039 0.85098
v 0.0288495 0.138475 0.00396875 0.862745 0.698039 0.85098
v 0.0287665 0.138681 0.00396875 0.862745 0.698039 0.85098
v 0.0333375 0.142516 0.00396875 0.862745 0.698039 0.85098
v 0.0335254 0.142399 0.00396875 0.862745 0.698039 0.85098
v 0.0327311 0.142786 0.00396875 0.862745 0.698039 0.85098
v 0.0329394 0.142711 0.00396875 0.862745 0.698039 0.85098
v 0.0323013 0.142894 0.00396875 0.862745 0.698039 0.85098
v 0.0325181 0.142847 0.00396875 0.862745 0.698039 0.85098
v 0.0291814 0.141633 0.00396875 0.862745 0.698039 0.85098
v 0.0293178 0.141808 0.00396875 0.862745 0.698039 0.85098
v 0.0290574 0.141449 0.00396875 0.862745 0.698039 0.85098
v 0.0344426 0.138084 0.00396875 0.862745 0.698039 0.85098
v 0.0343186 0.137901 0.00396875 0.862745 0.698039 0.85098
v 0.0348556 0.139107 0.00396875 0.862745 0.698039 0.85098
v 0.034802 0.138892 0.00396875 0.862745 0.698039 0.85098
v 0.034925 0.139767 0.00396875 0.862745 0.698039 0.85098
v 0.0331418 0.14262 0.00396875 0.862745 0.698039 0.85098
v 0.0299746 0.142399 0.00396875 0.862745 0.698039 0.85098
v 0.0301625 0.142516 0.00396875 0.862745 0.698039 0.85098
v 0.0290574 0.138084 0.00396875 0.862745 0.698039 0.85098
v 0.0289466 0.138276 0.00396875 0.862745 0.698039 0.85098
v 0.0293178 0.137726 0.00396875 0.862745 0.698039 0.85098
v 0.0291814 0.137901 0.00396875 0.862745 0.698039 0.85098
v 0.0337047 0.137265 0.00396875 0.862745 0.698039 0.85098
v 0.0335254 0.137135 0.00396875 0.862745 0.698039 0.85098
v 0.0340339 0.137561 0.00396875 0.862745 0.698039 0.85098
v 0.0338745 0.137407 0.00396875 0.862745 0.698039 0.85098
v 0.0345534 0.138276 0.00396875 0.862745 0.698039 0.85098
v 0.0347335 0.138681 0.00396875 0.862745 0.698039 0.85098
v 0.0346505 0.138475 0.00396875 0.862745 0.698039 0.85098
v 0.0348941 0.139325 0.00396875 0.862745 0.698039 0.85098
v 0.0349173 0.139545 0.00396875 0.862745 0.698039 0.85098
v 0.0340339 0.141972 0.00396875 0.862745 0.698039 0.85098
v 0.0337047 0.142269 0.00396875 0.862745 0.698039 0.85098
v 0.0338745 0.142126 0.00396875 0.862745 0.698039 0.85098
v 0.0294661 0.141972 0.00396875 0.862745 0.698039 0.85098
v 0.0296255 0.142126 0.00396875 0.862745 0.698039 0.85098
v 0.0307689 0.136747 0.00396875 0.862745 0.698039 0.85098
v 0.0305606 0.136823 0.00396875 0.862745 0.698039 0.85098
v 0.0311987 0.13664 0.00396875 0.862745 0.698039 0.85098
v 0.0309819 0.136686 0.00396875 0.862745 0.698039 0.85098
v 0.0316392 0.136594 0.00396875 0.862745 0.698039 0.85098
v 0.0314181 0.136609 0.00396875 0.862745 0.698039 0.85098
v 0.0320819 0.136609 0.00396875 0.862745 0.698039 0.85098
v 0.0318608 0.136594 0.00396875 0.862745 0.698039 0.85098
v 0.0333375 0.137017 0.00396875 0.862745 0.698039 0.85098
v 0.0341822 0.137726 0.00396875 0.862745 0.698039 0.85098
v 0.0297953 0.142269 0.00396875 0.862745 0.698039 0.85098
v 0.0299746 0.137135 0.00396875 0.862745 0.698039 0.85098
v 0.0297953 0.137265 0.00396875 0.862745 0.698039 0.85098
v 0.0303582 0.136913 0.00396875 0.862745 0.698039 0.85098
v 0.0301625 0.137017 0.00396875 0.862745 0.698039 0.85098
v 0.0323013 0.13664 0.00396875 0.862745 0.698039 0.85098
v 0.0327311 0.136747 0.00396875 0.862745 0.698039 0.85098
v 0.0325181 0.136686 0.00396875 0.862745 0.698039 0.85098
v 0.0331418 0.136913 0.00396875 0.862745 0.698039 0.85098
v 0.0329394 0.136823 0.00396875 0.862745 0.698039 0.85098
v 0.0296255 0.137407 0.00396875 0.862745 0.698039 0.85098
v 0.0294661 0.137561 0.00396875 0.862745 0.698039 0.85098
v 0.0254 0.158817 0.00396875 0.862745 0.698039 0.85098
v 0.028575 0.152467 0.00396875 0.862745 0.698039 0.85098
v 0.0381 0.158817 0.00396875 0.862745 0.698039 0.85098
v 0.0318608 0.15564 0.00396875 0.862745 0.698039 0.85098
v 0.0285827 0.152245 0.00396875 0.862745 0.698039 0.85098
v 0.0349173 0.152688 0.00396875 0.862745 0.698039 0.85098
v 0.034925 0.152467 0.00396875 0.862745 0.698039 0.85098
v 0.0347335 0.153553 0.00396875 0.862745 0.698039 0.85098
v 0.034802 0.153342 0.00396875 0.862745 0.698039 0.85098
v 0.0343186 0.154333 0.00396875 0.862745 0.698039 0.85098
v 0.0344426 0.154149 0.00396875 0.862745 0.698039 0.85098
v 0.0320819 0.155624 0.00396875 0.862745 0.698039 0.85098
v 0.0288495 0.153758 0.00396875 0.862745 0.698039 0.85098
v 0.0289466 0.153957 0.00396875 0.862745 0.698039 0.85098
v 0.0286444 0.153127 0.00396875 0.862745 0.698039 0.85098
v 0.028698 0.153342 0.00396875 0.862745 0.698039 0.85098
v 0.0285827 0.152688 0.00396875 0.862745 0.698039 0.85098
v 0.0348941 0.152909 0.00396875 0.862745 0.698039 0.85098
v 0.0348556 0.153127 0.00396875 0.862745 0.698039 0.85098
v 0.0345534 0.153957 0.00396875 0.862745 0.698039 0.85098
v 0.0346505 0.153758 0.00396875 0.862745 0.698039 0.85098
v 0.0341822 0.154508 0.00396875 0.862745 0.698039 0.85098
v 0.0316392 0.15564 0.00396875 0.862745 0.698039 0.85098
v 0.0311987 0.155594 0.00396875 0.862745 0.698039 0.85098
v 0.0314181 0.155624 0.00396875 0.862745 0.698039 0.85098
v 0.0307689 0.155486 0.00396875 0.862745 0.698039 0.85098
v 0.0309819 0.155547 0.00396875 0.862745 0.698039 0.85098
v 0.0303582 0.15532 0.00396875 0.862745 0.698039 0.85098
v 0.0305606 0.155411 0.00396875 0.862745 0.698039 0.85098
v 0.0287665 0.153553 0.00396875 0.862745 0.698039 0.85098
v 0.0286059 0.152909 0.00396875 0.862745 0.698039 0.85098
v 0.0286059 0.152025 0.00396875 0.862745 0.698039 0.85098
v 0.028698 0.151592 0.00396875 0.862745 0.698039 0.85098
v 0.0286444 0.151807 0.00396875 0.862745 0.698039 0.85098
v 0.0288495 0.151175 0.00396875 0.862745 0.698039 0.85098
v 0.0287665 0.151381 0.00396875 0.862745 0.698039 0.85098
v 0.0333375 0.155216 0.00396875 0.862745 0.698039 0.85098
v 0.0335254 0.155099 0.00396875 0.862745 0.698039 0.85098
v 0.0327311 0.155486 0.00396875 0.862745 0.698039 0.85098
v 0.0329394 0.155411 0.00396875 0.862745 0.698039 0.85098
v 0.0323013 0.155594 0.00396875 0.862745 0.698039 0.85098
v 0.0325181 0.155547 0.00396875 0.862745 0.698039 0.85098
v 0.0291814 0.154333 0.00396875 0.862745 0.698039 0.85098
v 0.0293178 0.154508 0.00396875 0.862745 0.698039 0.85098
v 0.0290574 0.154149 0.00396875 0.862745 0.698039 0.85098
v 0.0344426 0.150784 0.00396875 0.862745 0.698039 0.85098
v 0.0343186 0.150601 0.00396875 0.862745 0.698039 0.85098
v 0.0348556 0.151807 0.00396875 0.862745 0.698039 0.85098
v 0.034802 0.151592 0.00396875 0.862745 0.698039 0.85098
v 0.0331418 0.15532 0.00396875 0.862745 0.698039 0.85098
v 0.0299746 0.155099 0.00396875 0.862745 0.698039 0.85098
v 0.0301625 0.155216 0.00396875 0.862745 0.698039 0.85098
v 0.0290574 0.150784 0.00396875 0.862745 0.698039 0.85098
v 0.0289466 0.150976 0.00396875 0.862745 0.698039 0.85098
v 0.0293178 0.150426 0.00396875 0.862745 0.698039 0.85098
v 0.0291814 0.150601 0.00396875 0.862745 0.698039 0.85098
v 0.0337047 0.149965 0.00396875 0.862745 0.698039 0.85098
v 0.0335254 0.149835 0.00396875 0.862745 0.698039 0.85098
v 0.0340339 0.150261 0.00396875 0.862745 0.698039 0.85098
v 0.0338745 0.150107 0.00396875 0.862745 0.698039 0.85098
v 0.0345534 0.150976 0.00396875 0.862745 0.698039 0.85098
v 0.0347335 0.151381 0.00396875 0.862745 0.698039 0.85098
v 0.0346505 0.151175 0.00396875 0.862745 0.698039 0.85098
v 0.0348941 0.152025 0.00396875 0.862745 0.698039 0.85098
v 0.0349173 0.152245 0.00396875 0.862745 0.698039 0.85098
v 0.0340339 0.154672 0.00396875 0.862745 0.698039 0.85098
v 0.0337047 0.154969 0.00396875 0.862745 0.698039 0.85098
v 0.0338745 0.154826 0.00396875 0.862745 0.698039 0.85098
v 0.0294661 0.154672 0.00396875 0.862745 0.698039 0.85098
v 0.0296255 0.154826 0.00396875 0.862745 0.698039 0.85098
v 0.0307689 0.149447 0.00396875 0.862745 0.698039 0.85098
v 0.0305606 0.149523 0.00396875 0.862745 0.698039 0.85098
v 0.0311987 0.14934 0.00396875 0.862745 0.698039 0.85098
v 0.0309819 0.149386 0.00396875 0.862745 0.698039 0.85098
v 0.0316392 0.149294 0.00396875 0.862745 0.698039 0.85098
v 0.0314181 0.149309 0.00396875 0.862745 0.698039 0.85098
v 0.0320819 0.149309 0.00396875 0.862745 0.698039 0.85098
v 0.0318608 0.149294 0.00396875 0.862745 0.698039 0.85098
v 0.0333375 0.149717 0.00396875 0.862745 0.698039 0.85098
v 0.0341822 0.150426 0.00396875 0.862745 0.698039 0.85098
v 0.0297953 0.154969 0.00396875 0.862745 0.698039 0.85098
v 0.0299746 0.149835 0.00396875 0.862745 0.698039 0.85098
v 0.0297953 0.149965 0.00396875 0.862745 0.698039 0.85098
v 0.0303582 0.149613 0.00396875 0.862745 0.698039 0.85098
v 0.0301625 0.149717 0.00396875 0.862745 0.698039 0.85098
v 0.0323013 0.14934 0.00396875 0.862745 0.698039 0.85098
v 0.0327311 0.149447 0.00396875 0.862745 0.698039 0.85098
v 0.0325181 0.149386 0.00396875 0.862745 0.698039 0.85098
v 0.0331418 0.149613 0.00396875 0.862745 0.698039 0.85098
v 0.0329394 0.149523 0.00396875 0.862745 0.698039 0.85098
v 0.0296255 0.150107 0.00396875 0.862745 0.698039 0.85098
v 0.0294661 0.150261 0.00396875 0.862745 0.698039 0.85098
v 0.0318608 0.16834 0.00396875 0.862745 0.698039 0.85098
v 0.0309169 0.196937 0.00396875 0.862745 0.698039 0.85098
v 0.0308257 0.196876 0.00396875 0.862745 0.698039 0.85098
v 0.0310122 0.196991 0.00396875 0.862745 0.698039 0.85098
v 0.0313171 0.197113 0.00396875 0.862745 0.698039 0.85098
v 0.0312127 0.197079 0.00396875 0.862745 0.698039 0.85098
v 0.0327612 0.196809 0.00396875 0.862745 0.698039 0.85098
v 0.0326743 0.196876 0.00396875 0.862745 0.698039 0.85098
v 0.0311109 0.197039 0.00396875 0.862745 0.698039 0.85098
v 0.0314235 0.197139 0.00396875 0.862745 0.698039 0.85098
v 0.0323891 0.197039 0.00396875 0.862745 0.698039 0.85098
v 0.0322873 0.197079 0.00396875 0.862745 0.698039 0.85098
v 0.0325831 0.196937 0.00396875 0.862745 0.698039 0.85098
v 0.033253 0.196096 0.00396875 0.862745 0.698039 0.85098
v 0.0332141 0.196199 0.00396875 0.862745 0.698039 0.85098
v 0.0320819 0.168324 0.00396875 0.862745 0.698039 0.85098
v 0.0332846 0.195992 0.00396875 0.862745 0.698039 0.85098
v 0.0316405 0.197169 0.00396875 0.862745 0.698039 0.85098
v 0.0315314 0.197158 0.00396875 0.862745 0.698039 0.85098
v 0.0321829 0.197113 0.00396875 0.862745 0.698039 0.85098
v 0.0324878 0.196991 0.00396875 0.862745 0.698039 0.85098
v 0.0330566 0.196487 0.00396875 0.862745 0.698039 0.85098
v 0.0329913 0.196575 0.00396875 0.862745 0.698039 0.85098
v 0.0318595 0.197169 0.00396875 0.862745 0.698039 0.85098
v 0.03175 0.197173 0.00396875 0.862745 0.698039 0.85098
v 0.0320765 0.197139 0.00396875 0.862745 0.698039 0.85098
v 0.0319686 0.197158 0.00396875 0.862745 0.698039 0.85098
v 0.0331157 0.196395 0.00396875 0.862745 0.698039 0.85098
v 0.0331683 0.196299 0.00396875 0.862745 0.698039 0.85098
v 0.0316392 0.16834 0.00396875 0.862745 0.698039 0.85098
v 0.030247 0.196096 0.00396875 0.862745 0.698039 0.85098
v 0.0302154 0.195992 0.00396875 0.862745 0.698039 0.85098
v 0.0303317 0.196299 0.00396875 0.862745 0.698039 0.85098
v 0.0302859 0.196199 0.00396875 0.862745 0.698039 0.85098
v 0.0304434 0.196487 0.00396875 0.862745 0.698039 0.85098
v 0.0303843 0.196395 0.00396875 0.862745 0.698039 0.85098
v 0.03058 0.196658 0.00396875 0.862745 0.698039 0.85098
v 0.0305087 0.196575 0.00396875 0.862745 0.698039 0.85098
v 0.0259814 0.179996 0.00396875 0.862745 0.698039 0.85098
v 0.028575 0.165167 0.00396875 0.862745 0.698039 0.85098
v 0.0285827 0.164945 0.00396875 0.862745 0.698039 0.85098
v 0.03292 0.196658 0.00396875 0.862745 0.698039 0.85098
v 0.0307388 0.196809 0.00396875 0.862745 0.698039 0.85098
v 0.0306568 0.196736 0.00396875 0.862745 0.698039 0.85098
v 0.0328432 0.196736 0.00396875 0.862745 0.698039 0.85098
v 0.0288495 0.166458 0.00396875 0.862745 0.698039 0.85098
v 0.0289466 0.166657 0.00396875 0.862745 0.698039 0.85098
v 0.0286444 0.165827 0.00396875 0.862745 0.698039 0.85098
v 0.028698 0.166042 0.00396875 0.862745 0.698039 0.85098
v 0.0285827 0.165388 0.00396875 0.862745 0.698039 0.85098
v 0.0329394 0.168111 0.00396875 0.862745 0.698039 0.85098
v 0.0331418 0.16802 0.00396875 0.862745 0.698039 0.85098
v 0.037954 0.177781 0.00396875 0.862745 0.698039 0.85098
v 0.0311987 0.168294 0.00396875 0.862745 0.698039 0.85098
v 0.0287665 0.166253 0.00396875 0.862745 0.698039 0.85098
v 0.0286059 0.165609 0.00396875 0.862745 0.698039 0.85098
v 0.0286059 0.164725 0.00396875 0.862745 0.698039 0.85098
v 0.028698 0.164292 0.00396875 0.862745 0.698039 0.85098
v 0.0286444 0.164507 0.00396875 0.862745 0.698039 0.85098
v 0.0288495 0.163875 0.00396875 0.862745 0.698039 0.85098
v 0.0287665 0.164081 0.00396875 0.862745 0.698039 0.85098
v 0.0377722 0.178896 0.00396875 0.862745 0.698039 0.85098
v 0.0323013 0.168294 0.00396875 0.862745 0.698039 0.85098
v 0.0325181 0.168247 0.00396875 0.862745 0.698039 0.85098
v 0.0375186 0.179996 0.00396875 0.862745 0.698039 0.85098
v 0.0314181 0.168324 0.00396875 0.862745 0.698039 0.85098
v 0.0307689 0.168186 0.00396875 0.862745 0.698039 0.85098
v 0.0309819 0.168247 0.00396875 0.862745 0.698039 0.85098
v 0.0303582 0.16802 0.00396875 0.862745 0.698039 0.85098
v 0.0305606 0.168111 0.00396875 0.862745 0.698039 0.85098
v 0.0291814 0.167033 0.00396875 0.862745 0.698039 0.85098
v 0.0293178 0.167208 0.00396875 0.862745 0.698039 0.85098
v 0.0290574 0.166849 0.00396875 0.862745 0.698039 0.85098
v 0.0381 0.175528 0.00396875 0.862745 0.698039 0.85098
v 0.0348941 0.165609 0.00396875 0.862745 0.698039 0.85098
v 0.0349173 0.165388 0.00396875 0.862745 0.698039 0.85098
v 0.0347335 0.166253 0.00396875 0.862745 0.698039 0.85098
v 0.034802 0.166042 0.00396875 0.862745 0.698039 0.85098
v 0.0333375 0.167916 0.00396875 0.862745 0.698039 0.85098
v 0.0335254 0.167799 0.00396875 0.862745 0.698039 0.85098
v 0.0380635 0.176657 0.00396875 0.862745 0.698039 0.85098
v 0.0327311 0.168186 0.00396875 0.862745 0.698039 0.85098
v 0.0290574 0.163484 0.00396875 0.862745 0.698039 0.85098
v 0.0289466 0.163676 0.00396875 0.862745 0.698039 0.85098
v 0.0293178 0.163126 0.00396875 0.862745 0.698039 0.85098
v 0.0291814 0.163301 0.00396875 0.862745 0.698039 0.85098
v 0.0344426 0.163484 0.00396875 0.862745 0.698039 0.85098
v 0.0343186 0.163301 0.00396875 0.862745 0.698039 0.85098
v 0.0348556 0.164507 0.00396875 0.862745 0.698039 0.85098
v 0.034802 0.164292 0.00396875 0.862745 0.698039 0.85098
v 0.0348556 0.165827 0.00396875 0.862745 0.698039 0.85098
v 0.0345534 0.166657 0.00396875 0.862745 0.698039 0.85098
v 0.0346505 0.166458 0.00396875 0.862745 0.698039 0.85098
v 0.0343186 0.167033 0.00396875 0.862745 0.698039 0.85098
v 0.0344426 0.166849 0.00396875 0.862745 0.698039 0.85098
v 0.0337047 0.167669 0.00396875 0.862745 0.698039 0.85098
v 0.0338745 0.167526 0.00396875 0.862745 0.698039 0.85098
v 0.0299746 0.167799 0.00396875 0.862745 0.698039 0.85098
v 0.0301625 0.167916 0.00396875 0.862745 0.698039 0.85098
v 0.0294661 0.167372 0.00396875 0.862745 0.698039 0.85098
v 0.0296255 0.167526 0.00396875 0.862745 0.698039 0.85098
v 0.0337047 0.162665 0.00396875 0.862745 0.698039 0.85098
v 0.0335254 0.162535 0.00396875 0.862745 0.698039 0.85098
v 0.0340339 0.162961 0.00396875 0.862745 0.698039 0.85098
v 0.0338745 0.162807 0.00396875 0.862745 0.698039 0.85098
v 0.0345534 0.163676 0.00396875 0.862745 0.698039 0.85098
v 0.0347335 0.164081 0.00396875 0.862745 0.698039 0.85098
v 0.0346505 0.163875 0.00396875 0.862745 0.698039 0.85098
v 0.0348941 0.164725 0.00396875 0.862745 0.698039 0.85098
v 0.034925 0.165167 0.00396875 0.862745 0.698039 0.85098
v 0.0349173 0.164945 0.00396875 0.862745 0.698039 0.85098
v 0.0340339 0.167372 0.00396875 0.862745 0.698039 0.85098
v 0.0341822 0.167208 0.00396875 0.862745 0.698039 0.85098
v 0.0297953 0.167669 0.00396875 0.862745 0.698039 0.85098
v 0.0307689 0.162147 0.00396875 0.862745 0.698039 0.85098
v 0.0305606 0.162223 0.00396875 0.862745 0.698039 0.85098
v 0.0311987 0.16204 0.00396875 0.862745 0.698039 0.85098
v 0.0309819 0.162086 0.00396875 0.862745 0.698039 0.85098
v 0.0316392 0.161994 0.00396875 0.862745 0.698039 0.85098
v 0.0314181 0.162009 0.00396875 0.862745 0.698039 0.85098
v 0.0320819 0.162009 0.00396875 0.862745 0.698039 0.85098
v 0.0318608 0.161994 0.00396875 0.862745 0.698039 0.85098
v 0.0333375 0.162417 0.00396875 0.862745 0.698039 0.85098
v 0.0341822 0.163126 0.00396875 0.862745 0.698039 0.85098
v 0.0299746 0.162535 0.00396875 0.862745 0.698039 0.85098
v 0.0297953 0.162665 0.00396875 0.862745 0.698039 0.85098
v 0.0303582 0.162313 0.00396875 0.862745 0.698039 0.85098
v 0.0301625 0.162417 0.00396875 0.862745 0.698039 0.85098
v 0.0323013 0.16204 0.00396875 0.862745 0.698039 0.85098
v 0.0327311 0.162147 0.00396875 0.862745 0.698039 0.85098
v 0.0325181 0.162086 0.00396875 0.862745 0.698039 0.85098
v 0.0331418 0.162313 0.00396875 0.862745 0.698039 0.85098
v 0.0329394 0.162223 0.00396875 0.862745 0.698039 0.85098
v 0.0296255 0.162807 0.00396875 0.862745 0.698039 0.85098
v 0.0294661 0.162961 0.00396875 0.862745 0.698039 0.85098
v 0.025546 0.177781 0.00396875 0.862745 0.698039 0.85098
v 0.0254365 0.176657 0.00396875 0.862745 0.698039 0.85098
v 0.0254 0.175528 0.00396875 0.862745 0.698039 0.85098
v 0.0257278 0.178896 0.00396875 0.862745 0.698039 0.85098
v 0.0269875 0.0498809 0.00396875 0.862745 0.698039 0.85098
v 0.0269875 0.108017 0.00396875 0.862745 0.698039 0.85098
v 0.0269875 0.120717 0.00396875 0.862745 0.698039 0.85098
v 0.0269875 0.133417 0.00396875 0.862745 0.698039 0.85098
v 0.0269875 0.146117 0.00396875 0.862745 0.698039 0.85098
v 0.0269875 0.158817 0.00396875 0.862745 0.698039 0.85098
vn 0.997564 0.0697565 -0
vn 1 2.44929e-16 -0
vn 0.990268 0.139173 -0
vn 0.997564 0.0697565 -0
vn 0.978148 0.207912 -0
vn 0.990268 0.139173 -0
vn 0.961262 0.275637 -0
vn 0.978148 0.207912 -0
vn 0.939693 0.34202 -0
vn 0.961262 0.275637 -0
vn 0.913545 0.406737 -0
vn 0.939693 0.34202 -0
vn 0.882948 0.469472 -0
vn 0.913545 0.406737 -0
vn 0.848048 0.529919 -0
vn 0.882948 0.469472 -0
vn 0.809017 0.587785 -0
vn 0.848048 0.529919 -0
vn 0.766044 0.642788 -0
vn 0.809017 0.587785 -0
vn 0.71934 0.694658 -0
vn 0.766044 0.642788 -0
vn 0.669131 0.743145 -0
vn 0.71934 0.694658 -0
vn 0.615661 0.788011 -0
vn 0.669131 0.743145 -0
vn 0.559193 0.829038 -0
vn 0.615661 0.788011 -0
vn 0.5 0.866025 -0
vn 0.559193 0.829038 -0
vn 0.438371 0.898794 -0
vn 0.5 0.866025 -0
vn 0.374607 0.927184 -0
vn 0.438371 0.898794 -0
vn 0.309017 0.951057 -0
vn 0.374607 0.927184 -0
vn 0.241922 0.970296 -0
vn 0.309017 0.951057 -0
vn 0.173648 0.984808 -0
vn 0.241922 0.970296 -0
vn 0.104528 0.994522 -0
vn 0.173648 0.984808 -0
vn 0.0348995 0.999391 -0
vn 0.104528 0.994522 -0
vn -0.0348995 0.999391 -0
vn 0.0348995 0.999391 -0
vn -0.104528 0.994522 -0
vn -0.0348995 0.999391 -0
vn -0.173648 0.984808 -0
vn -0.104528 0.994522 -0
vn -0.241922 0.970296 -0
vn -0.173648 0.984808 -0
vn -0.309017 0.951057 -0
vn -0.241922 0.970296 -0
vn -0.374607 0.927184 -0
vn -0.309017 0.951057 -0
vn -0.438371 0.898794 -0
vn -0.374607 0.927184 -0
vn -0.5 0.866025 -0
vn -0.438371 0.898794 -0
vn -0.559193 0.829038 -0
vn -0.5 0.866025 -0
vn -0.615661 0.788011 -0
vn -0.559193 0.829038 -0
vn -0.669131 0.743145 -0
vn -0.615661 0.788011 -0
vn -0.71934 0.694658 -0
vn -0.669131 0.743145 -0
vn -0.766044 0.642788 -0
vn -0.71934 0.694658 -0
vn -0.809017 0.587785 -0
vn -0.766044 0.642788 -0
vn -0.848048 0.529919 -0
vn -0.809017 0.587785 -0
vn -0.882948 0.469472 -0
vn -0.848048 0.529919 -0
vn -0.913545 0.406737 -0
vn -0.882948 0.469472 -0
vn -0.939693 0.34202 -0
vn -0.913545 0.406737 -0
vn -0.961262 0.275637 -0
vn -0.939693 0.34202 -0
vn -0.978148 0.207912 -0
vn -0.961262 0.275637 -0
vn -0.990268 0.139173 -0
vn -0.978148 0.207912 -0
vn -0.997564 0.0697565 -0
vn -0.990268 0.139173 -0
vn -1 -1.22465e-16 0
vn -0.997564 0.0697565 -0
vn -0.997564 -0.0697565 0
vn -1 -1.22465e-16 0
vn -0.990268 -0.139173 0
vn -0.997564 -0.0697565 0
vn -0.978148 -0.207912 0
vn -0.990268 -0.139173 0
vn -0.961262 -0.275637 0
vn -0.978148 -0.207912 0
vn -0.939693 -0.34202 0
vn -0.961262 -0.275637 0
vn -0.913545 -0.406737 0
vn -0.939693 -0.34202 0
vn -0.882948 -0.469472 0
vn -0.913545 -0.406737 0
vn -0.848048 -0.529919 0
vn -0.882948 -0.469472 0
vn -0.809017 -0.587785 0
vn -0.848048 -0.529919 0
vn -0.766044 -0.642788 0
vn -0.809017 -0.587785 0
vn -0.71934 -0.694658 0
vn -0.766044 -0.642788 0
vn -0.669131 -0.743145 0
vn -0.71934 -0.694658 0
vn -0.615661 -0.788011 0
vn -0.669131 -0.743145 0
vn -0.559193 -0.829038 0
vn -0.615661 -0.788011 0
vn -0.5 -0.866025 0
vn -0.559193 -0.829038 0
vn -0.438371 -0.898794 0
vn -0.5 -0.866025 0
vn -0.374607 -0.927184 0
vn -0.438371 -0.898794 0
vn -0.309017 -0.951057 0
vn -0.374607 -0.927184 0
vn -0.241922 -0.970296 0
vn -0.309017 -0.951057 0
vn -0.173648 -0.984808 0
vn -0.241922 -0.970296 0
vn -0.104528 -0.994522 0
vn -0.173648 -0.984808 0
vn -0.0348995 -0.999391 0
vn -0.104528 -0.994522 0
vn 0.0348995 -0.999391 -0
vn -0.0348995 -0.999391 0
vn 0.104528 -0.994522 -0
vn 0.0348995 -0.999391 -0
vn 0.173648 -0.984808 -0
vn 0.104528 -0.994522 -0
vn 0.241922 -0.970296 -0
vn 0.173648 -0.984808 -0
vn 0.309017 -0.951057 -0
vn 0.241922 -0.970296 -0
vn 0.374607 -0.927184 -0
vn 0.309017 -0.951057 -0
vn 0.438371 -0.898794 -0
vn 0.374607 -0.927184 -0
vn 0.5 -0.866025 -0
vn 0.438371 -0.898794 -0
vn 0.559193 -0.829038 -0
vn 0.5 -0.866025 -0
vn 0.615661 -0.788011 -0
vn 0.559193 -0.829038 -0
vn 0.669131 -0.743145 -0
vn 0.615661 -0.788011 -0
vn 0.71934 -0.694658 -0
vn 0.669131 -0.743145 -0
vn 0.766044 -0.642788 -0
vn 0.71934 -0.694658 -0
vn 0.809017 -0.587785 -0
vn 0.766044 -0.642788 -0
vn 0.848048 -0.529919 -0
vn 0.809017 -0.587785 -0
vn 0.882948 -0.469472 -0
vn 0.848048 -0.529919 -0
vn 0.913545 -0.406737 -0
vn 0.882948 -0.469472 -0
vn 0.939693 -0.34202 -0
vn 0.913545 -0.406737 -0
vn 0.961262 -0.275637 -0
vn 0.939693 -0.34202 -0
vn 0.978148 -0.207912 -0
vn 0.961262 -0.275637 -0
vn 0.990268 -0.139173 -0
vn 0.978148 -0.207912 -0
vn 0.997564 -0.0697565 -0
vn 0.990268 -0.139173 -0
vn -0 -0 -1
vn 0 0 1
vn -0.966706 0.25589 0
vn -0.981226 0.19286 0
vn -0.991642 0.129023 0
vn -0.997908 0.0646469 0
vn -1 1.22465e-16 0
vn 0.966706 0.25589 0
vn 0.981226 0.19286 0
vn 0.991642 0.129023 0
vn 0.997908 0.0646469 0
vn 1 1.22465e-16 0
vn 0.966706 0.25589 -0
vn 0.946746 0.321982 -0
vn 0.922273 0.386539 -0
vn 0.893404 0.449254 -0
vn 0.860277 0.509828 -0
vn 0.823049 0.567971 -0
vn 0.781897 0.623407 -0
vn 0.737019 0.675872 -0
vn 0.688628 0.725115 -0
vn 0.636955 0.770901 -0
vn 0.582245 0.813013 -0
vn 0.52476 0.85125 -0
vn 0.464774 0.88543 -0
vn 0.402572 0.915388 -0
vn 0.338451 0.940984 -0
vn 0.272718 0.962094 -0
vn 0.205684 0.978619 -0
vn 0.13767 0.990478 -0
vn 0.0689993 0.997617 -0
vn 6.12323e-17 1 -0
vn -0.0689993 0.997617 0
vn -0.13767 0.990478 0
vn -0.205684 0.978619 0
vn -0.272718 0.962094 0
vn -0.338451 0.940984 0
vn -0.402572 0.915388 0
vn -0.464774 0.88543 0
vn -0.52476 0.85125 0
vn -0.582245 0.813013 0
vn -0.636955 0.770901 0
vn -0.688628 0.725115 0
vn -0.737019 0.675872 0
vn -0.781897 0.623407 0
vn -0.823049 0.567971 0
vn -0.860277 0.509828 0
vn -0.893404 0.449254 0
vn -0.922273 0.386539 0
vn -0.946746 0.321982 0
vn -0.966706 0.25589 0
vn 0.966706 0.25589 -0
vn 1 -0 -0
vn -1 -0 0
vn 0.997564 0.0697565 -0
vn 1 2.44929e-16 -0
vn 0.990268 0.139173 -0
vn 0.997564 0.0697565 -0
vn 0.978148 0.207912 -0
vn 0.990268 0.139173 -0
vn 0.961262 0.275637 -0
vn 0.978148 0.207912 -0
vn 0.939693 0.34202 -0
vn 0.961262 0.275637 -0
vn 0.913545 0.406737 -0
vn 0.939693 0.34202 -0
vn 0.882948 0.469472 -0
vn 0.913545 0.406737 -0
vn 0.848048 0.529919 -0
vn 0.882948 0.469472 -0
vn 0.809017 0.587785 -0
vn 0.848048 0.529919 -0
vn 0.766044 0.642788 -0
vn 0.809017 0.587785 -0
vn 0.71934 0.694658 -0
vn 0.766044 0.642788 -0
vn 0.669131 0.743145 -0
vn 0.71934 0.694658 -0
vn 0.615661 0.788011 -0
vn 0.669131 0.743145 -0
vn 0.559193 0.829038 -0
vn 0.615661 0.788011 -0
vn 0.5 0.866025 -0
vn 0.559193 0.829038 -0
vn 0.438371 0.898794 -0
vn 0.5 0.866025 -0
vn 0.374607 0.927184 -0
vn 0.438371 0.898794 -0
vn 0.309017 0.951057 -0
vn 0.374607 0.927184 -0
vn 0.241922 0.970296 -0
vn 0.309017 0.951057 -0
vn 0.173648 0.984808 -0
vn 0.241922 0.970296 -0
vn 0.104528 0.994522 -0
vn 0.173648 0.984808 -0
vn 0.0348995 0.999391 -0
vn 0.104528 0.994522 -0
vn -0.0348995 0.999391 -0
vn 0.0348995 0.999391 -0
vn -0.104528 0.994522 -0
vn -0.0348995 0.999391 -0
vn -0.173648 0.984808 -0
vn -0.104528 0.994522 -0
vn -0.241922 0.970296 -0
vn -0.173648 0.984808 -0
vn -0.309017 0.951057 -0
vn -0.241922 0.970296 -0
vn -0.374607 0.927184 -0
vn -0.309017 0.951057 -0
vn -0.438371 0.898794 -0
vn -0.374607 0.927184 -0
vn -0.5 0.866025 -0
vn -0.438371 0.898794 -0
vn -0.559193 0.829038 -0
vn -0.5 0.866025 -0
vn -0.615661 0.788011 -0
vn -0.559193 0.829038 -0
vn -0.669131 0.743145 -0
vn -0.615661 0.788011 -0
vn -0.71934 0.694658 -0
vn -0.669131 0.743145 -0
vn -0.766044 0.642788 -0
vn -0.71934 0.694658 -0
vn -0.809017 0.587785 -0
vn -0.766044 0.642788 -0
vn -0.848048 0.529919 -0
vn -0.809017 0.587785 -0
vn -0.882948 0.469472 -0
vn -0.848048 0.529919 -0
vn -0.913545 0.406737 -0
vn -0.882948 0.469472 -0
vn -0.939693 0.34202 -0
vn -0.913545 0.406737 -0
vn -0.961262 0.275637 -0
vn -0.939693 0.34202 -0
vn -0.978148 0.207912 -0
vn -0.961262 0.275637 -0
vn -0.990268 0.139173 -0
vn -0.978148 0.207912 -0
vn -0.997564 0.0697565 -0
vn -0.990268 0.139173 -0
vn -1 -1.22465e-16 0
vn -0.997564 0.0697565 -0
vn -0.997564 -0.0697565 0
vn -1 -1.22465e-16 0
vn -0.990268 -0.139173 0
vn -0.997564 -0.0697565 0
vn -0.978148 -0.207912 0
vn -0.990268 -0.139173 0
vn -0.961262 -0.275637 0
vn -0.978148 -0.207912 0
vn -0.939693 -0.34202 0
vn -0.961262 -0.275637 0
vn -0.913545 -0.406737 0
vn -0.939693 -0.34202 0
vn -0.882948 -0.469472 0
vn -0.913545 -0.406737 0
vn -0.848048 -0.529919 0
vn -0.882948 -0.469472 0
vn -0.809017 -0.587785 0
vn -0.848048 -0.529919 0
vn -0.766044 -0.642788 0
vn -0.809017 -0.587785 0
vn -0.71934 -0.694658 0
vn -0.766044 -0.642788 0
vn -0.669131 -0.743145 0
vn -0.71934 -0.694658 0
vn -0.615661 -0.788011 0
vn -0.669131 -0.743145 0
vn -0.559193 -0.829038 0
vn -0.615661 -0.788011 0
vn -0.5 -0.866025 0
vn -0.559193 -0.829038 0
vn -0.438371 -0.898794 0
vn -0.5 -0.866025 0
vn -0.374607 -0.927184 0
vn -0.438371 -0.898794 0
vn -0.309017 -0.951057 0
vn -0.374607 -0.927184 0
vn -0.241922 -0.970296 0
vn -0.309017 -0.951057 0
vn -0.173648 -0.984808 0
vn -0.241922 -0.970296 0
vn -0.104528 -0.994522 0
vn -0.173648 -0.984808 0
vn -0.0348995 -0.999391 0
vn -0.104528 -0.994522 0
vn 0.0348995 -0.999391 -0
vn -0.0348995 -0.999391 0
vn 0.104528 -0.994522 -0
vn 0.0348995 -0.999391 -0
vn 0.173648 -0.984808 -0
vn 0.104528 -0.994522 -0
vn 0.241922 -0.970296 -0
vn 0.173648 -0.984808 -0
vn 0.309017 -0.951057 -0
vn 0.241922 -0.970296 -0
vn 0.374607 -0.927184 -0
vn 0.309017 -0.951057 -0
vn 0.438371 -0.898794 -0
vn 0.374607 -0.927184 -0
vn 0.5 -0.866025 -0
vn 0.438371 -0.898794 -0
vn 0.559193 -0.829038 -0
vn 0.5 -0.866025 -0
vn 0.615661 -0.788011 -0
vn 0.559193 -0.829038 -0
vn 0.669131 -0.743145 -0
vn 0.615661 -0.788011 -0
vn 0.71934 -0.694658 -0
vn 0.669131 -0.743145 -0
vn 0.766044 -0.642788 -0
vn 0.71934 -0.694658 -0
vn 0.809017 -0.587785 -0
vn 0.766044 -0.642788 -0
vn 0.848048 -0.529919 -0
vn 0.809017 -0.587785 -0
vn 0.882948 -0.469472 -0
vn 0.848048 -0.529919 -0
vn 0.913545 -0.406737 -0
vn 0.882948 -0.469472 -0
vn 0.939693 -0.34202 -0
vn 0.913545 -0.406737 -0
vn 0.961262 -0.275637 -0
vn 0.939693 -0.34202 -0
vn 0.978148 -0.207912 -0
vn 0.961262 -0.275637 -0
vn 0.990268 -0.139173 -0
vn 0.978148 -0.207912 -0
vn 0.997564 -0.0697565 -0
vn 0.990268 -0.139173 -0
vn 0.997564 0.0697565 -0
vn 1 2.44929e-16 -0
vn 0.990268 0.139173 -0
vn 0.997564 0.0697565 -0
vn 0.978148 0.207912 -0
vn 0.990268 0.139173 -0
vn 0.961262 0.275637 -0
vn 0.978148 0.207912 -0
vn 0.939693 0.34202 -0
vn 0.961262 0.275637 -0
vn 0.913545 0.406737 -0
vn 0.939693 0.34202 -0
vn 0.882948 0.469472 -0
vn 0.913545 0.406737 -0
vn 0.848048 0.529919 -0
vn 0.882948 0.469472 -0
vn 0.809017 0.587785 -0
vn 0.848048 0.529919 -0
vn 0.766044 0.642788 -0
vn 0.809017 0.587785 -0
vn 0.71934 0.694658 -0
vn 0.766044 0.642788 -0
vn 0.669131 0.743145 -0
vn 0.71934 0.694658 -0
vn 0.615661 0.788011 -0
vn 0.669131 0.743145 -0
vn 0.559193 0.829038 -0
vn 0.615661 0.788011 -0
vn 0.5 0.866025 -0
vn 0.559193 0.829038 -0
vn 0.438371 0.898794 -0
vn 0.5 0.866025 -0
vn 0.374607 0.927184 -0
vn 0.438371 0.898794 -0
vn 0.309017 0.951057 -0
vn 0.374607 0.927184 -0
vn 0.241922 0.970296 -0
vn 0.309017 0.951057 -0
vn 0.173648 0.984808 -0
vn 0.241922 0.970296 -0
vn 0.104528 0.994522 -0
vn 0.173648 0.984808 -0
vn 0.0348995 0.999391 -0
vn 0.104528 0.994522 -0
vn -0.0348995 0.999391 -0
vn 0.0348995 0.999391 -0
vn -0.104528 0.994522 -0
vn -0.0348995 0.999391 -0
vn -0.173648 0.984808 -0
vn -0.104528 0.994522 -0
vn -0.241922 0.970296 -0
vn -0.173648 0.984808 -0
vn -0.309017 0.951057 -0
vn -0.241922 0.970296 -0
vn -0.374607 0.927184 -0
vn -0.309017 0.951057 -0
vn -0.438371 0.898794 -0
vn -0.374607 0.927184 -0
vn -0.5 0.866025 -0
vn -0.438371 0.898794 -0
vn -0.559193 0.829038 -0
vn -0.5 0.866025 -0
vn -0.615661 0.788011 -0
vn -0.559193 0.829038 -0
vn -0.669131 0.743145 -0
vn -0.615661 0.788011 -0
vn -0.71934 0.694658 -0
vn -0.669131 0.743145 -0
vn -0.766044 0.642788 -0
vn -0.71934 0.694658 -0
vn -0.809017 0.587785 -0
vn -0.766044 0.642788 -0
vn -0.848048 0.529919 -0
vn -0.809017 0.587785 -0
vn -0.882948 0.469472 -0
vn -0.848048 0.529919 -0
vn -0.913545 0.406737 -0
vn -0.882948 0.469472 -0
vn -0.939693 0.34202 -0
vn -0.913545 0.406737 -0
vn -0.961262 0.275637 -0
vn -0.939693 0.34202 -0
vn -0.978148 0.207912 -0
vn -0.961262 0.275637 -0
vn -0.990268 0.139173 -0
vn -0.978148 0.207912 -0
vn -0.997564 0.0697565 -0
vn -0.990268 0.139173 -0
vn -1 -1.22465e-16 0
vn -0.997564 0.0697565 -0
vn -0.997564 -0.0697565 0
vn -1 -1.22465e-16 0
vn -0.990268 -0.139173 0
vn -0.997564 -0.0697565 0
vn -0.978148 -0.207912 0
vn -0.990268 -0.139173 0
vn -0.961262 -0.275637 0
vn -0.978148 -0.207912 0
vn -0.939693 -0.34202 0
vn -0.961262 -0.275637 0
vn -0.913545 -0.406737 0
vn -0.939693 -0.34202 0
vn -0.882948 -0.469472 0
vn -0.913545 -0.406737 0
vn -0.848048 -0.529919 0
vn -0.882948 -0.469472 0
vn -0.809017 -0.587785 0
vn -0.848048 -0.529919 0
vn -0.766044 -0.642788 0
vn -0.809017 -0.587785 0
vn -0.71934 -0.694658 0
vn -0.766044 -0.642788 0
vn -0.669131 -0.743145 0
vn -0.71934 -0.694658 0
vn -0.615661 -0.788011 0
vn -0.669131 -0.743145 0
vn -0.559193 -0.829038 0
vn -0.615661 -0.788011 0
vn -0.5 -0.866025 0
vn -0.559193 -0.829038 0
vn -0.438371 -0.898794 0
vn -0.5 -0.866025 0
vn -0.374607 -0.927184 0
vn -0.438371 -0.898794 0
vn -0.309017 -0.951057 0
vn -0.374607 -0.927184 0
vn -0.241922 -0.970296 0
vn -0.309017 -0.951057 0
vn -0.173648 -0.984808 0
vn -0.241922 -0.970296 0
vn -0.104528 -0.994522 0
vn -0.173648 -0.984808 0
vn -0.0348995 -0.999391 0
vn -0.104528 -0.994522 0
vn 0.0348995 -0.999391 -0
vn -0.0348995 -0.999391 0
vn 0.104528 -0.994522 -0
vn 0.0348995 -0.999391 -0
vn 0.173648 -0.984808 -0
vn 0.104528 -0.994522 -0
vn 0.241922 -0.970296 -0
vn 0.173648 -0.984808 -0
vn 0.309017 -0.951057 -0
vn 0.241922 -0.970296 -0
vn 0.374607 -0.927184 -0
vn 0.309017 -0.951057 -0
vn 0.438371 -0.898794 -0
vn 0.374607 -0.927184 -0
vn 0.5 -0.866025 -0
vn 0.438371 -0.898794 -0
vn 0.559193 -0.829038 -0
vn 0.5 -0.866025 -0
vn 0.615661 -0.788011 -0
vn 0.559193 -0.829038 -0
vn 0.669131 -0.743145 -0
vn 0.615661 -0.788011 -0
vn 0.71934 -0.694658 -0
vn 0.669131 -0.743145 -0
vn 0.766044 -0.642788 -0
vn 0.71934 -0.694658 -0
vn 0.809017 -0.587785 -0
vn 0.766044 -0.642788 -0
vn 0.848048 -0.529919 -0
vn 0.809017 -0.587785 -0
vn 0.882948 -0.469472 -0
vn 0.848048 -0.529919 -0
vn 0.913545 -0.406737 -0
vn 0.882948 -0.469472 -0
vn 0.939693 -0.34202 -0
vn 0.913545 -0.406737 -0
vn 0.961262 -0.275637 -0
vn 0.939693 -0.34202 -0
vn 0.978148 -0.207912 -0
vn 0.961262 -0.275637 -0
vn 0.990268 -0.139173 -0
vn 0.978148 -0.207912 -0
vn 0.997564 -0.0697565 -0
vn 0.990268 -0.139173 -0
vn 0.997564 0.0697565 -0
vn 1 2.44929e-16 -0
vn 0.990268 0.139173 -0
vn 0.997564 0.0697565 -0
vn 0.978148 0.207912 -0
vn 0.990268 0.139173 -0
vn 0.961262 0.275637 -0
vn 0.978148 0.207912 -0
vn 0.939693 0.34202 -0
vn 0.961262 0.275637 -0
vn 0.913545 0.406737 -0
vn 0.939693 0.34202 -0
vn 0.882948 0.469472 -0
vn 0.913545 0.406737 -0
vn 0.848048 0.529919 -0
vn 0.882948 0.469472 -0
vn 0.809017 0.587785 -0
vn 0.848048 0.529919 -0
vn 0.766044 0.642788 -0
vn 0.809017 0.587785 -0
vn 0.71934 0.694658 -0
vn 0.766044 0.642788 -0
vn 0.669131 0.743145 -0
vn 0.71934 0.694658 -0
vn 0.615661 0.788011 -0
vn 0.669131 0.743145 -0
vn 0.559193 0.829038 -0
vn 0.615661 0.788011 -0
vn 0.5 0.866025 -0
vn 0.559193 0.829038 -0
vn 0.438371 0.898794 -0
vn 0.5 0.866025 -0
vn 0.374607 0.927184 -0
vn 0.438371 0.898794 -0
vn 0.309017 0.951057 -0
vn 0.374607 0.927184 -0
vn 0.241922 0.970296 -0
vn 0.309017 0.951057 -0
vn 0.173648 0.984808 -0
vn 0.241922 0.970296 -0
vn 0.104528 0.994522 -0
vn 0.173648 0.984808 -0
vn 0.0348995 0.999391 -0
vn 0.104528 0.994522 -0
vn -0.0348995 0.999391 -0
vn 0.0348995 0.999391 -0
vn -0.104528 0.994522 -0
vn -0.0348995 0.999391 -0
vn -0.173648 0.984808 -0
vn -0.104528 0.994522 -0
vn -0.241922 0.970296 -0
vn -0.173648 0.984808 -0
vn -0.309017 0.951057 -0
vn -0.241922 0.970296 -0
vn -0.374607 0.927184 -0
vn -0.309017 0.951057 -0
vn -0.438371 0.898794 -0
vn -0.374607 0.927184 -0
vn -0.5 0.866025 -0
vn -0.438371 0.898794 -0
vn -0.559193 0.829038 -0
vn -0.5 0.866025 -0
vn -0.615661 0.788011 -0
vn -0.559193 0.829038 -0
vn -0.669131 0.743145 -0
vn -0.615661 0.788011 -0
vn -0.71934 0.694658 -0
vn -0.669131 0.743145 -0
vn -0.766044 0.642788 -0
vn -0.71934 0.694658 -0
vn -0.809017 0.587785 -0
vn -0.766044 0.642788 -0
vn -0.848048 0.529919 -0
vn -0.809017 0.587785 -0
vn -0.882948 0.469472 -0
vn -0.848048 0.529919 -0
vn -0.913545 0.406737 -0
vn -0.882948 0.469472 -0
vn -0.939693 0.34202 -0
vn -0.913545 0.406737 -0
vn -0.961262 0.275637 -0
vn -0.939693 0.34202 -0
vn -0.978148 0.207912 -0
vn -0.961262 0.275637 -0
vn -0.990268 0.139173 -0
vn -0.978148 0.207912 -0
vn -0.997564 0.0697565 -0
vn -0.990268 0.139173 -0
vn -1 -1.22465e-16 0
vn -0.997564 0.0697565 -0
vn -0.997564 -0.0697565 0
vn -1 -1.22465e-16 0
vn -0.990268 -0.139173 0
vn -0.997564 -0.0697565 0
vn -0.978148 -0.207912 0
vn -0.990268 -0.139173 0
vn -0.961262 -0.275637 0
vn -0.978148 -0.207912 0
vn -0.939693 -0.34202 0
vn -0.961262 -0.275637 0
vn -0.913545 -0.406737 0
vn -0.939693 -0.34202 0
vn -0.882948 -0.469472 0
vn -0.913545 -0.406737 0
vn -0.848048 -0.529919 0
vn -0.882948 -0.469472 0
vn -0.809017 -0.587785 0
vn -0.848048 -0.529919 0
vn -0.766044 -0.642788 0
vn -0.809017 -0.587785 0
vn -0.71934 -0.694658 0
vn -0.766044 -0.642788 0
vn -0.669131 -0.743145 0
vn -0.71934 -0.694658 0
vn -0.615661 -0.788011 0
vn -0.669131 -0.743145 0
vn -0.559193 -0.829038 0
vn -0.615661 -0.788011 0
vn -0.5 -0.866025 0
vn -0.559193 -0.829038 0
vn -0.438371 -0.898794 0
vn -0.5 -0.866025 0
vn -0.374607 -0.927184 0
vn -0.438371 -0.898794 0
vn -0.309017 -0.951057 0
vn -0.374607 -0.927184 0
vn -0.241922 -0.970296 0
vn -0.309017 -0.951057 0
vn -0.173648 -0.984808 0
vn -0.241922 -0.970296 0
vn -0.104528 -0.994522 0
vn -0.173648 -0.984808 0
vn -0.0348995 -0.999391 0
vn -0.104528 -0.994522 0
vn 0.0348995 -0.999391 -0
vn -0.0348995 -0.999391 0
vn 0.104528 -0.994522 -0
vn 0.0348995 -0.999391 -0
vn 0.173648 -0.984808 -0
vn 0.104528 -0.994522 -0
vn 0.241922 -0.970296 -0
vn 0.173648 -0.984808 -0
vn 0.309017 -0.951057 -0
vn 0.241922 -0.970296 -0
vn 0.374607 -0.927184 -0
vn 0.309017 -0.951057 -0
vn 0.438371 -0.898794 -0
vn 0.374607 -0.927184 -0
vn 0.5 -0.866025 -0
vn 0.438371 -0.898794 -0
vn 0.559193 -0.829038 -0
vn 0.5 -0.866025 -0
vn 0.615661 -0.788011 -0
vn 0.559193 -0.829038 -0
vn 0.669131 -0.743145 -0
vn 0.615661 -0.788011 -0
vn 0.71934 -0.694658 -0
vn 0.669131 -0.743145 -0
vn 0.766044 -0.642788 -0
vn 0.71934 -0.694658 -0
vn 0.809017 -0.587785 -0
vn 0.766044 -0.642788 -0
vn 0.848048 -0.529919 -0
vn 0.809017 -0.587785 -0
vn 0.882948 -0.469472 -0
vn 0.848048 -0.529919 -0
vn 0.913545 -0.406737 -0
vn 0.882948 -0.469472 -0
vn 0.939693 -0.34202 -0
vn 0.913545 -0.406737 -0
vn 0.961262 -0.275637 -0
vn 0.939693 -0.34202 -0
vn 0.978148 -0.207912 -0
vn 0.961262 -0.275637 -0
vn 0.990268 -0.139173 -0
vn 0.978148 -0.207912 -0
vn 0.997564 -0.0697565 -0
vn 0.990268 -0.139173 -0
vn 0.997564 0.0697565 -0
vn 1 2.44929e-16 -0
vn 0.990268 0.139173 -0
vn 0.997564 0.0697565 -0
vn 0.978148 0.207912 -0
vn 0.990268 0.139173 -0
vn 0.961262 0.275637 -0
vn 0.978148 0.207912 -0
vn 0.939693 0.34202 -0
vn 0.961262 0.275637 -0
vn 0.913545 0.406737 -0
vn 0.939693 0.34202 -0
vn 0.882948 0.469472 -0
vn 0.913545 0.406737 -0
vn 0.848048 0.529919 -0
vn 0.882948 0.469472 -0
vn 0.809017 0.587785 -0
vn 0.848048 0.529919 -0
vn 0.766044 0.642788 -0
vn 0.809017 0.587785 -0
vn 0.71934 0.694658 -0
vn 0.766044 0.642788 -0
vn 0.669131 0.743145 -0
vn 0.71934 0.694658 -0
vn 0.615661 0.788011 -0
vn 0.669131 0.743145 -0
vn 0.559193 0.829038 -0
vn 0.615661 0.788011 -0
vn 0.5 0.866025 -0
vn 0.559193 0.829038 -0
vn 0.438371 0.898794 -0
vn 0.5 0.866025 -0
vn 0.374607 0.927184 -0
vn 0.438371 0.898794 -0
vn 0.309017 0.951057 -0
vn 0.374607 0.927184 -0
vn 0.241922 0.970296 -0
vn 0.309017 0.951057 -0
vn 0.173648 0.984808 -0
vn 0.241922 0.970296 -0
vn 0.104528 0.994522 -0
vn 0.173648 0.984808 -0
vn 0.0348995 0.999391 -0
vn 0.104528 0.994522 -0
vn -0.0348995 0.999391 -0
vn 0.0348995 0.999391 -0
vn -0.104528 0.994522 -0
vn -0.0348995 0.999391 -0
vn -0.173648 0.984808 -0
vn -0.104528 0.994522 -0
vn -0.241922 0.970296 -0
vn -0.173648 0.984808 -0
vn -0.309017 0.951057 -0
vn -0.241922 0.970296 -0
vn -0.374607 0.927184 -0
vn -0.309017 0.951057 -0
vn -0.438371 0.898794 -0
vn -0.374607 0.927184 -0
vn -0.5 0.866025 -0
vn -0.438371 0.898794 -0
vn -0.559193 0.829038 -0
vn -0.5 0.866025 -0
vn -0.615661 0.788011 -0
vn -0.559193 0.829038 -0
vn -0.669131 0.743145 -0
vn -0.615661 0.788011 -0
vn -0.71934 0.694658 -0
vn -0.669131 0.743145 -0
vn -0.766044 0.642788 -0
vn -0.71934 0.694658 -0
vn -0.809017 0.587785 -0
vn -0.766044 0.642788 -0
vn -0.848048 0.529919 -0
vn -0.809017 0.587785 -0
vn -0.882948 0.469472 -0
vn -0.848048 0.529919 -0
vn -0.913545 0.406737 -0
vn -0.882948 0.469472 -0
vn -0.939693 0.34202 -0
vn -0.913545 0.406737 -0
vn -0.961262 0.275637 -0
vn -0.939693 0.34202 -0
vn -0.978148 0.207912 -0
vn -0.961262 0.275637 -0
vn -0.990268 0.139173 -0
vn -0.978148 0.207912 -0
vn -0.997564 0.0697565 -0
vn -0.990268 0.139173 -0
vn -1 -1.22465e-16 0
vn -0.997564 0.0697565 -0
vn -0.997564 -0.0697565 0
vn -1 -1.22465e-16 0
vn -0.990268 -0.139173 0
vn -0.997564 -0.0697565 0
vn -0.978148 -0.207912 0
vn -0.990268 -0.139173 0
vn -0.961262 -0.275637 0
vn -0.978148 -0.207912 0
vn -0.939693 -0.34202 0
vn -0.961262 -0.275637 0
vn -0.913545 -0.406737 0
vn -0.939693 -0.34202 0
vn -0.882948 -0.469472 0
vn -0.913545 -0.406737 0
vn -0.848048 -0.529919 0
vn -0.882948 -0.469472 0
vn -0.809017 -0.587785 0
vn -0.848048 -0.529919 0
vn -0.766044 -0.642788 0
vn -0.809017 -0.587785 0
vn -0.71934 -0.694658 0
vn -0.766044 -0.642788 0
vn -0.669131 -0.743145 0
vn -0.71934 -0.694658 0
vn -0.615661 -0.788011 0
vn -0.669131 -0.743145 0
vn -0.559193 -0.829038 0
vn -0.615661 -0.788011 0
vn -0.5 -0.866025 0
vn -0.559193 -0.829038 0
vn -0.438371 -0.898794 0
vn -0.5 -0.866025 0
vn -0.374607 -0.927184 0
vn -0.438371 -0.898794 0
vn -0.309017 -0.951057 0
vn -0.374607 -0.927184 0
vn -0.241922 -0.970296 0
vn -0.309017 -0.951057 0
vn -0.173648 -0.984808 0
vn -0.241922 -0.970296 0
vn -0.104528 -0.994522 0
vn -0.173648 -0.984808 0
vn -0.0348995 -0.999391 0
vn -0.104528 -0.994522 0
vn 0.0348995 -0.999391 -0
vn -0.0348995 -0.999391 0
vn 0.104528 -0.994522 -0
vn 0.0348995 -0.999391 -0
vn 0.173648 -0.984808 -0
vn 0.104528 -0.994522 -0
vn 0.241922 -0.970296 -0
vn 0.173648 -0.984808 -0
vn 0.309017 -0.951057 -0
vn 0.241922 -0.970296 -0
vn 0.374607 -0.927184 -0
vn 0.309017 -0.951057 -0
vn 0.438371 -0.898794 -0
vn 0.374607 -0.927184 -0
vn 0.5 -0.866025 -0
vn 0.438371 -0.898794 -0
vn 0.559193 -0.829038 -0
vn 0.5 -0.866025 -0
vn 0.615661 -0.788011 -0
vn 0.559193 -0.829038 -0
vn 0.669131 -0.743145 -0
vn 0.615661 -0.788011 -0
vn 0.71934 -0.694658 -0
vn 0.669131 -0.743145 -0
vn 0.766044 -0.642788 -0
vn 0.71934 -0.694658 -0
vn 0.809017 -0.587785 -0
vn 0.766044 -0.642788 -0
vn 0.848048 -0.529919 -0
vn 0.809017 -0.587785 -0
vn 0.882948 -0.469472 -0
vn 0.848048 -0.529919 -0
vn 0.913545 -0.406737 -0
vn 0.882948 -0.469472 -0
vn 0.939693 -0.34202 -0
vn 0.913545 -0.406737 -0
vn 0.961262 -0.275637 -0
vn 0.939693 -0.34202 -0
vn 0.978148 -0.207912 -0
vn 0.961262 -0.275637 -0
vn 0.990268 -0.139173 -0
vn 0.978148 -0.207912 -0
vn 0.997564 -0.0697565 -0
vn 0.990268 -0.139173 -0
vn 0.997564 0.0697565 -0
vn 1 2.44929e-16 -0
vn 0.990268 0.139173 -0
vn 0.997564 0.0697565 -0
vn 0.978148 0.207912 -0
vn 0.990268 0.139173 -0
vn 0.961262 0.275637 -0
vn 0.978148 0.207912 -0
vn 0.939693 0.34202 -0
vn 0.961262 0.275637 -0
vn 0.913545 0.406737 -0
vn 0.939693 0.34202 -0
vn 0.882948 0.469472 -0
vn 0.913545 0.406737 -0
vn 0.848048 0.529919 -0
vn 0.882948 0.469472 -0
vn 0.809017 0.587785 -0
vn 0.848048 0.529919 -0
vn 0.766044 0.642788 -0
vn 0.809017 0.587785 -0
vn 0.71934 0.694658 -0
vn 0.766044 0.642788 -0
vn 0.669131 0.743145 -0
vn 0.71934 0.694658 -0
vn 0.615661 0.788011 -0
vn 0.669131 0.743145 -0
vn 0.559193 0.829038 -0
vn 0.615661 0.788011 -0
vn 0.5 0.866025 -0
vn 0.559193 0.829038 -0
vn 0.438371 0.898794 -0
vn 0.5 0.866025 -0
vn 0.374607 0.927184 -0
vn 0.438371 0.898794 -0
vn 0.309017 0.951057 -0
vn 0.374607 0.927184 -0
vn 0.241922 0.970296 -0
vn 0.309017 0.951057 -0
vn 0.173648 0.984808 -0
vn 0.241922 0.970296 -0
vn 0.104528 0.994522 -0
vn 0.173648 0.984808 -0
vn 0.0348995 0.999391 -0
vn 0.104528 0.994522 -0
vn -0.0348995 0.999391 -0
vn 0.0348995 0.999391 -0
vn -0.104528 0.994522 -0
vn -0.0348995 0.999391 -0
vn -0.173648 0.984808 -0
vn -0.104528 0.994522 -0
vn -0.241922 0.970296 -0
vn -0.173648 0.984808 -0
vn -0.309017 0.951057 -0
vn -0.241922 0.970296 -0
vn -0.374607 0.927184 -0
vn -0.309017 0.951057 -0
vn -0.438371 0.898794 -0
vn -0.374607 0.927184 -0
vn -0.5 0.866025 -0
vn -0.438371 0.898794 -0
vn -0.559193 0.829038 -0
vn -0.5 0.866025 -0
vn -0.615661 0.788011 -0
vn -0.559193 0.829038 -0
vn -0.669131 0.743145 -0
vn -0.615661 0.788011 -0
vn -0.71934 0.694658 -0
vn -0.669131 0.743145 -0
vn -0.766044 0.642788 -0
vn -0.71934 0.694658 -0
vn -0.809017 0.587785 -0
vn -0.766044 0.642788 -0
vn -0.848048 0.529919 -0
vn -0.809017 0.587785 -0
vn -0.882948 0.469472 -0
vn -0.848048 0.529919 -0
vn -0.913545 0.406737 -0
vn -0.882948 0.469472 -0
vn -0.939693 0.34202 -0
vn -0.913545 0.406737 -0
vn -0.961262 0.275637 -0
vn -0.939693 0.34202 -0
vn -0.978148 0.207912 -0
vn -0.961262 0.275637 -0
vn -0.990268 0.139173 -0
vn -0.978148 0.207912 -0
vn -0.997564 0.0697565 -0
vn -0.990268 0.139173 -0
vn -1 -1.22465e-16 0
vn -0.997564 0.0697565 -0
vn -0.997564 -0.0697565 0
vn -1 -1.22465e-16 0
vn -0.990268 -0.139173 0
vn -0.997564 -0.0697565 0
vn -0.978148 -0.207912 0
vn -0.990268 -0.139173 0
vn -0.961262 -0.275637 0
vn -0.978148 -0.207912 0
vn -0.939693 -0.34202 0
vn -0.961262 -0.275637 0
vn -0.913545 -0.406737 0
vn -0.939693 -0.34202 0
vn -0.882948 -0.469472 0
vn -0.913545 -0.406737 0
vn -0.848048 -0.529919 0
vn -0.882948 -0.469472 0
vn -0.809017 -0.587785 0
vn -0.848048 -0.529919 0
vn -0.766044 -0.642788 0
vn -0.809017 -0.587785 0
vn -0.71934 -0.694658 0
vn -0.766044 -0.642788 0
vn -0.669131 -0.743145 0
vn -0.71934 -0.694658 0
vn -0.615661 -0.788011 0
vn -0.669131 -0.743145 0
vn -0.559193 -0.829038 0
vn -0.615661 -0.788011 0
vn -0.5 -0.866025 0
vn -0.559193 -0.829038 0
vn -0.438371 -0.898794 0
vn -0.5 -0.866025 0
vn -0.374607 -0.927184 0
vn -0.438371 -0.898794 0
vn -0.309017 -0.951057 0
vn -0.374607 -0.927184 0
vn -0.241922 -0.970296 0
vn -0.309017 -0.951057 0
vn -0.173648 -0.984808 0
vn -0.241922 -0.970296 0
vn -0.104528 -0.994522 0
vn -0.173648 -0.984808 0
vn -0.0348995 -0.999391 0
vn -0.104528 -0.994522 0
vn 0.0348995 -0.999391 -0
vn -0.0348995 -0.999391 0
vn 0.104528 -0.994522 -0
vn 0.0348995 -0.999391 -0
vn 0.173648 -0.984808 -0
vn 0.104528 -0.994522 -0
vn 0.241922 -0.970296 -0
vn 0.173648 -0.984808 -0
vn 0.309017 -0.951057 -0
vn 0.241922 -0.970296 -0
vn 0.374607 -0.927184 -0
vn 0.309017 -0.951057 -0
vn 0.438371 -0.898794 -0
vn 0.374607 -0.927184 -0
vn 0.5 -0.866025 -0
vn 0.438371 -0.898794 -0
vn 0.559193 -0.829038 -0
vn 0.5 -0.866025 -0
vn 0.615661 -0.788011 -0
vn 0.559193 -0.829038 -0
vn 0.669131 -0.743145 -0
vn 0.615661 -0.788011 -0
vn 0.71934 -0.694658 -0
vn 0.669131 -0.743145 -0
vn 0.766044 -0.642788 -0
vn 0.71934 -0.694658 -0
vn 0.809017 -0.587785 -0
vn 0.766044 -0.642788 -0
vn 0.848048 -0.529919 -0
vn 0.809017 -0.587785 -0
vn 0.882948 -0.469472 -0
vn 0.848048 -0.529919 -0
vn 0.913545 -0.406737 -0
vn 0.882948 -0.469472 -0
vn 0.939693 -0.34202 -0
vn 0.913545 -0.406737 -0
vn 0.961262 -0.275637 -0
vn 0.939693 -0.34202 -0
vn 0.978148 -0.207912 -0
vn 0.961262 -0.275637 -0
vn 0.990268 -0.139173 -0
vn 0.978148 -0.207912 -0
vn 0.997564 -0.0697565 -0
vn 0.990268 -0.139173 -0
vt -0.0698132 0.00396875
vt 0 0.00396875
vt 0 -0
vt 6.14356 0.00396875
vt -0.0698132 -0
vt 6.07375 0.00396875
vt 6.14356 -0
vt 6.00393 0.00396875
vt 6.07375 -0
vt 5.93412 0.00396875
vt 6.00393 -0
vt 5.86431 0.00396875
vt 5.93412 -0
vt 5.79449 0.00396875
vt 5.86431 -0
vt 5.72468 0.00396875
vt 5.79449 -0
vt 5.65487 0.00396875
vt 5.72468 -0
vt 5.58505 0.00396875
vt 5.65487 -0
vt 5.51524 0.00396875
vt 5.58505 -0
vt 5.44543 0.00396875
vt 5.51524 -0
vt 5.37561 0.00396875
vt 5.44543 -0
vt 5.3058 0.00396875
vt 5.37561 -0
vt 5.23599 0.00396875
vt 5.3058 -0
vt 5.16617 0.00396875
vt 5.23599 -0
vt 5.09636 0.00396875
vt 5.16617 -0
vt 5.02655 0.00396875
vt 5.09636 -0
vt 4.95674 0.00396875
vt 5.02655 -0
vt 4.88692 0.00396875
vt 4.95674 -0
vt 4.81711 0.00396875
vt 4.88692 -0
vt 4.7473 0.00396875
vt 4.81711 -0
vt 4.67748 0.00396875
vt 4.7473 -0
vt 4.60767 0.00396875
vt 4.67748 -0
vt 4.53786 0.00396875
vt 4.60767 -0
vt 4.46804 0.00396875
vt 4.53786 -0
vt 4.39823 0.00396875
vt 4.46804 -0
vt 4.32842 0.00396875
vt 4.39823 -0
vt 4.2586 0.00396875
vt 4.32842 -0
vt 4.18879 0.00396875
vt 4.2586 -0
vt 4.11898 0.00396875
vt 4.18879 -0
vt 4.04916 0.00396875
vt 4.11898 -0
vt 3.97935 0.00396875
vt 4.04916 -0
vt 3.90954 0.00396875
vt 3.97935 -0
vt 3.83972 0.00396875
vt 3.90954 -0
vt 3.76991 0.00396875
vt 3.83972 -0
vt 3.7001 0.00396875
vt 3.76991 -0
vt 3.63028 0.00396875
vt 3.7001 -0
vt 3.56047 0.00396875
vt 3.63028 -0
vt 3.49066 0.00396875
vt 3.56047 -0
vt 3.42085 0.00396875
vt 3.49066 -0
vt 3.35103 0.00396875
vt 3.42085 -0
vt 3.28122 0.00396875
vt 3.35103 -0
vt 3.21141 0.00396875
vt 3.28122 -0
vt 3.14159 0.00396875
vt 3.21141 -0
vt 3.07178 0.00396875
vt 3.14159 -0
vt 3.00197 0.00396875
vt 3.07178 -0
vt 2.93215 0.00396875
vt 3.00197 -0
vt 2.86234 0.00396875
vt 2.93215 -0
vt 2.79253 0.00396875
vt 2.86234 -0
vt 2.72271 0.00396875
vt 2.79253 -0
vt 2.6529 0.00396875
vt 2.72271 -0
vt 2.58309 0.00396875
vt 2.6529 -0
vt 2.51327 0.00396875
vt 2.58309 -0
vt 2.44346 0.00396875
vt 2.51327 -0
vt 2.37365 0.00396875
vt 2.44346 -0
vt 2.30383 0.00396875
vt 2.37365 -0
vt 2.23402 0.00396875
vt 2.30383 -0
vt 2.16421 0.00396875
vt 2.23402 -0
vt 2.0944 0.00396875
vt 2.16421 -0
vt 2.02458 0.00396875
vt 2.0944 -0
vt 1.95477 0.00396875
vt 2.02458 -0
vt 1.88496 0.00396875
vt 1.95477 -0
vt 1.81514 0.00396875
vt 1.88496 -0
vt 1.74533 0.00396875
vt 1.81514 -0
vt 1.67552 0.00396875
vt 1.74533 -0
vt 1.6057 0.00396875
vt 1.67552 -0
vt 1.53589 0.00396875
vt 1.6057 -0
vt 1.46608 0.00396875
vt 1.53589 -0
vt 1.39626 0.00396875
vt 1.46608 -0
vt 1.32645 0.00396875
vt 1.39626 -0
vt 1.25664 0.00396875
vt 1.32645 -0
vt 1.18682 0.00396875
vt 1.25664 -0
vt 1.11701 0.00396875
vt 1.18682 -0
vt 1.0472 0.00396875
vt 1.11701 -0
vt 0.977384 0.00396875
vt 1.0472 -0
vt 0.907571 0.00396875
vt 0.977384 -0
vt 0.837758 0.00396875
vt 0.907571 -0
vt 0.767945 0.00396875
vt 0.837758 -0
vt 0.698132 0.00396875
vt 0.767945 -0
vt 0.628319 0.00396875
vt 0.698132 -0
vt 0.558505 0.00396875
vt 0.628319 -0
vt 0.488692 0.00396875
vt 0.558505 -0
vt 0.418879 0.00396875
vt 0.488692 -0
vt 0.349066 0.00396875
vt 0.418879 -0
vt 0.279253 0.00396875
vt 0.349066 -0
vt 0.20944 0.00396875
vt 0.279253 -0
vt 0.139626 0.00396875
vt 0.20944 -0
vt 0.0698132 0.00396875
vt 0.139626 -0
vt 0.0698132 -0
vt 0.0254 0.158817
vt 0.0269875 0.158817
vt 0.0269875 0.146117
vt 0.0381 0.158817
vt 0.0381 0.146117
vt 0.034925 0.152467
vt 0.0349173 0.152245
vt 0.0348556 0.153127
vt 0.034802 0.153342
vt 0.0349173 0.152688
vt 0.0345534 0.153957
vt 0.0344426 0.154149
vt 0.0348941 0.152909
vt 0.0348941 0.152025
vt 0.0347335 0.151381
vt 0.034802 0.151592
vt 0.0343186 0.154333
vt 0.0347335 0.153553
vt 0.0346505 0.153758
vt 0.0348556 0.151807
vt 0.0341822 0.150426
vt 0.0343186 0.150601
vt 0.0345534 0.150976
vt 0.0346505 0.151175
vt 0.0344426 0.150784
vt 0.0316392 0.15564
vt 0.0314181 0.155624
vt 0.0320819 0.155624
vt 0.0318608 0.15564
vt 0.0337047 0.149965
vt 0.0338745 0.150107
vt 0.0333375 0.149717
vt 0.0335254 0.149835
vt 0.0318608 0.149294
vt 0.0290574 0.154149
vt 0.0289466 0.153957
vt 0.0307689 0.155486
vt 0.0305606 0.155411
vt 0.0311987 0.155594
vt 0.0309819 0.155547
vt 0.0323013 0.155594
vt 0.0340339 0.154672
vt 0.0338745 0.154826
vt 0.0341822 0.154508
vt 0.0340339 0.150261
vt 0.0331418 0.149613
vt 0.0320819 0.149309
vt 0.0307689 0.149447
vt 0.0309819 0.149386
vt 0.0303582 0.149613
vt 0.0305606 0.149523
vt 0.0285827 0.152688
vt 0.028575 0.152467
vt 0.0287665 0.153553
vt 0.028698 0.153342
vt 0.0288495 0.153758
vt 0.0327311 0.155486
vt 0.0325181 0.155547
vt 0.0331418 0.15532
vt 0.0329394 0.155411
vt 0.0337047 0.154969
vt 0.0335254 0.155099
vt 0.0327311 0.149447
vt 0.0329394 0.149523
vt 0.0323013 0.14934
vt 0.0325181 0.149386
vt 0.0316392 0.149294
vt 0.0311987 0.14934
vt 0.0314181 0.149309
vt 0.0299746 0.149835
vt 0.0301625 0.149717
vt 0.0286059 0.152909
vt 0.0286444 0.153127
vt 0.0291814 0.154333
vt 0.0294661 0.154672
vt 0.0293178 0.154508
vt 0.0303582 0.15532
vt 0.0301625 0.155216
vt 0.0333375 0.155216
vt 0.028698 0.151592
vt 0.0287665 0.151381
vt 0.0286059 0.152025
vt 0.0286444 0.151807
vt 0.0297953 0.154969
vt 0.0296255 0.154826
vt 0.0296255 0.150107
vt 0.0297953 0.149965
vt 0.0290574 0.150784
vt 0.0291814 0.150601
vt 0.0288495 0.151175
vt 0.0289466 0.150976
vt 0.0285827 0.152245
vt 0.0299746 0.155099
vt 0.0294661 0.150261
vt 0.0293178 0.150426
vt 0.0254 0.146117
vt 0.0269875 0.133417
vt 0.0381 0.133417
vt 0.0349173 0.139545
vt 0.034925 0.139767
vt 0.0348556 0.140427
vt 0.034802 0.140642
vt 0.0349173 0.139988
vt 0.0345534 0.141257
vt 0.0344426 0.141449
vt 0.0348941 0.140209
vt 0.0348941 0.139325
vt 0.0347335 0.138681
vt 0.034802 0.138892
vt 0.0343186 0.141633
vt 0.0347335 0.140853
vt 0.0346505 0.141058
vt 0.0348556 0.139107
vt 0.0341822 0.137726
vt 0.0343186 0.137901
vt 0.0345534 0.138276
vt 0.0346505 0.138475
vt 0.0344426 0.138084
vt 0.0316392 0.14294
vt 0.0314181 0.142924
vt 0.0320819 0.142924
vt 0.0318608 0.14294
vt 0.0337047 0.137265
vt 0.0338745 0.137407
vt 0.0333375 0.137017
vt 0.0335254 0.137135
vt 0.0318608 0.136594
vt 0.0290574 0.141449
vt 0.0289466 0.141257
vt 0.0307689 0.142786
vt 0.0305606 0.142711
vt 0.0311987 0.142894
vt 0.0309819 0.142847
vt 0.0323013 0.142894
vt 0.0340339 0.141972
vt 0.0338745 0.142126
vt 0.0341822 0.141808
vt 0.0340339 0.137561
vt 0.0331418 0.136913
vt 0.0320819 0.136609
vt 0.0307689 0.136747
vt 0.0309819 0.136686
vt 0.0303582 0.136913
vt 0.0305606 0.136823
vt 0.0287665 0.140853
vt 0.028698 0.140642
vt 0.0288495 0.141058
vt 0.0327311 0.142786
vt 0.0325181 0.142847
vt 0.0331418 0.14262
vt 0.0329394 0.142711
vt 0.0337047 0.142269
vt 0.0335254 0.142399
vt 0.0327311 0.136747
vt 0.0329394 0.136823
vt 0.0323013 0.13664
vt 0.0325181 0.136686
vt 0.0316392 0.136594
vt 0.0311987 0.13664
vt 0.0314181 0.136609
vt 0.0299746 0.137135
vt 0.0301625 0.137017
vt 0.0286059 0.140209
vt 0.0285827 0.139988
vt 0.0286444 0.140427
vt 0.0291814 0.141633
vt 0.0294661 0.141972
vt 0.0293178 0.141808
vt 0.0303582 0.14262
vt 0.0301625 0.142516
vt 0.0333375 0.142516
vt 0.028698 0.138892
vt 0.0287665 0.138681
vt 0.0286059 0.139325
vt 0.0286444 0.139107
vt 0.028575 0.139767
vt 0.0297953 0.142269
vt 0.0296255 0.142126
vt 0.0296255 0.137407
vt 0.0297953 0.137265
vt 0.0290574 0.138084
vt 0.0291814 0.137901
vt 0.0288495 0.138475
vt 0.0289466 0.138276
vt 0.0285827 0.139545
vt 0.0299746 0.142399
vt 0.0294661 0.137561
vt 0.0293178 0.137726
vt 0.0254 0.133417
vt 0.0269875 0.120717
vt 0.0381 0.120717
vt 0.0349173 0.126845
vt 0.034925 0.127067
vt 0.0348556 0.127727
vt 0.034802 0.127942
vt 0.0349173 0.127288
vt 0.0348941 0.127509
vt 0.0348941 0.126625
vt 0.0347335 0.125981
vt 0.034802 0.126192
vt 0.0345534 0.128557
vt 0.0344426 0.128749
vt 0.0347335 0.128153
vt 0.0346505 0.128358
vt 0.0348556 0.126407
vt 0.0341822 0.125026
vt 0.0343186 0.125201
vt 0.0325181 0.123986
vt 0.0327311 0.124047
vt 0.0320819 0.123909
vt 0.0323013 0.12394
vt 0.0318608 0.123894
vt 0.0345534 0.125576
vt 0.0346505 0.125775
vt 0.0344426 0.125384
vt 0.0329394 0.124123
vt 0.0331418 0.124213
vt 0.0316392 0.123894
vt 0.0305606 0.124123
vt 0.0307689 0.124047
vt 0.0301625 0.124317
vt 0.0303582 0.124213
vt 0.0290574 0.128749
vt 0.0289466 0.128557
vt 0.0316392 0.13024
vt 0.0314181 0.130224
vt 0.0320819 0.130224
vt 0.0318608 0.13024
vt 0.0340339 0.129272
vt 0.0338745 0.129426
vt 0.0314181 0.123909
vt 0.0309819 0.123986
vt 0.0311987 0.12394
vt 0.0287665 0.128153
vt 0.028698 0.127942
vt 0.0288495 0.128358
vt 0.0307689 0.130086
vt 0.0305606 0.130011
vt 0.0311987 0.130194
vt 0.0309819 0.130147
vt 0.0323013 0.130194
vt 0.0337047 0.129569
vt 0.0343186 0.128933
vt 0.0341822 0.129108
vt 0.0293178 0.125026
vt 0.0294661 0.124861
vt 0.0286059 0.127509
vt 0.0285827 0.127288
vt 0.0286444 0.127727
vt 0.0291814 0.128933
vt 0.0294661 0.129272
vt 0.0293178 0.129108
vt 0.0327311 0.130086
vt 0.0325181 0.130147
vt 0.0331418 0.12992
vt 0.0329394 0.130011
vt 0.0340339 0.124861
vt 0.0333375 0.124317
vt 0.0335254 0.124435
vt 0.0297953 0.124565
vt 0.0299746 0.124435
vt 0.0296255 0.124707
vt 0.028698 0.126192
vt 0.0287665 0.125981
vt 0.0286059 0.126625
vt 0.0286444 0.126407
vt 0.028575 0.127067
vt 0.0297953 0.129569
vt 0.0296255 0.129426
vt 0.0303582 0.12992
vt 0.0301625 0.129816
vt 0.0335254 0.129699
vt 0.0333375 0.129816
vt 0.0337047 0.124565
vt 0.0338745 0.124707
vt 0.0290574 0.125384
vt 0.0291814 0.125201
vt 0.0288495 0.125775
vt 0.0289466 0.125576
vt 0.0285827 0.126845
vt 0.0299746 0.129699
vt 0.0254 0.120717
vt 0.0269875 0.108017
vt 0.0381 0.108017
vt 0.034925 0.114367
vt 0.0349173 0.114588
vt 0.0348941 0.114809
vt 0.0349173 0.114145
vt 0.0289466 0.115857
vt 0.0288495 0.115658
vt 0.0309819 0.117447
vt 0.0307689 0.117386
vt 0.0337047 0.116869
vt 0.0335254 0.116999
vt 0.0348556 0.113707
vt 0.0348941 0.113925
vt 0.0290574 0.116049
vt 0.0303582 0.11722
vt 0.0301625 0.117116
vt 0.0305606 0.117311
vt 0.0327311 0.117386
vt 0.0325181 0.117447
vt 0.0331418 0.11722
vt 0.0329394 0.117311
vt 0.0333375 0.117116
vt 0.0343186 0.116233
vt 0.0341822 0.116408
vt 0.0346505 0.115658
vt 0.0345534 0.115857
vt 0.0348556 0.115027
vt 0.034802 0.115242
vt 0.0341822 0.112326
vt 0.0343186 0.112501
vt 0.0291814 0.116233
vt 0.0314181 0.117524
vt 0.0311987 0.117494
vt 0.0318608 0.11754
vt 0.0316392 0.11754
vt 0.0320819 0.117524
vt 0.0323013 0.117494
vt 0.0344426 0.116049
vt 0.0347335 0.115453
vt 0.0347335 0.113281
vt 0.034802 0.113492
vt 0.0344426 0.112684
vt 0.0325181 0.111286
vt 0.0327311 0.111347
vt 0.0320819 0.111209
vt 0.0323013 0.11124
vt 0.0318608 0.111194
vt 0.0294661 0.112161
vt 0.0296255 0.112007
vt 0.028698 0.113492
vt 0.0287665 0.113281
vt 0.0285827 0.114145
vt 0.0286059 0.113925
vt 0.0286444 0.115027
vt 0.0286059 0.114809
vt 0.0287665 0.115453
vt 0.028698 0.115242
vt 0.0293178 0.116408
vt 0.0296255 0.116726
vt 0.0294661 0.116572
vt 0.0340339 0.116572
vt 0.0338745 0.116726
vt 0.0345534 0.112876
vt 0.0346505 0.113075
vt 0.0340339 0.112161
vt 0.0329394 0.111423
vt 0.0331418 0.111513
vt 0.0316392 0.111194
vt 0.0305606 0.111423
vt 0.0307689 0.111347
vt 0.0301625 0.111617
vt 0.0303582 0.111513
vt 0.0293178 0.112326
vt 0.0288495 0.113075
vt 0.0286444 0.113707
vt 0.0285827 0.114588
vt 0.028575 0.114367
vt 0.0299746 0.116999
vt 0.0297953 0.116869
vt 0.0314181 0.111209
vt 0.0309819 0.111286
vt 0.0311987 0.11124
vt 0.0291814 0.112501
vt 0.0289466 0.112876
vt 0.0290574 0.112684
vt 0.0333375 0.111617
vt 0.0335254 0.111735
vt 0.0297953 0.111865
vt 0.0299746 0.111735
vt 0.0337047 0.111865
vt 0.0338745 0.112007
vt 0.0254 0.108017
vt 0.0269875 0.0498809
vt 0.0349173 0.101888
vt 0.0348941 0.102109
vt 0.0349173 0.101445
vt 0.034925 0.101667
vt 0.0289466 0.103157
vt 0.0288495 0.102958
vt 0.0309819 0.104747
vt 0.0307689 0.104686
vt 0.0329394 0.104611
vt 0.0327311 0.104686
vt 0.0348556 0.101007
vt 0.0348941 0.101225
vt 0.0290574 0.103349
vt 0.0303582 0.10452
vt 0.0301625 0.104416
vt 0.0305606 0.104611
vt 0.0325181 0.104747
vt 0.0323013 0.104794
vt 0.0331418 0.10452
vt 0.0337047 0.104169
vt 0.0335254 0.104299
vt 0.0343186 0.103533
vt 0.0341822 0.103708
vt 0.0346505 0.102958
vt 0.0345534 0.103157
vt 0.0348556 0.102327
vt 0.034802 0.102542
vt 0.0381 0.0498809
vt 0.0347335 0.100581
vt 0.034802 0.100792
vt 0.0285827 0.101445
vt 0.0291814 0.103533
vt 0.0314181 0.104824
vt 0.0311987 0.104794
vt 0.0318608 0.10484
vt 0.0316392 0.10484
vt 0.0320819 0.104824
vt 0.0333375 0.104416
vt 0.0344426 0.103349
vt 0.0347335 0.102753
vt 0.0343186 0.0998005
vt 0.0344426 0.0999843
vt 0.0340339 0.0994612
vt 0.0341822 0.0996259
vt 0.0325181 0.0985861
vt 0.0327311 0.0986472
vt 0.0320819 0.0985092
vt 0.0323013 0.09854
vt 0.028698 0.100792
vt 0.0287665 0.100581
vt 0.0286059 0.101225
vt 0.0286444 0.102327
vt 0.0286059 0.102109
vt 0.0287665 0.102753
vt 0.028698 0.102542
vt 0.0293178 0.103708
vt 0.0296255 0.104026
vt 0.0294661 0.103872
vt 0.0340339 0.103872
vt 0.0338745 0.104026
vt 0.0345534 0.100176
vt 0.0346505 0.100375
vt 0.0329394 0.098723
vt 0.0331418 0.0988131
vt 0.0316392 0.0984937
vt 0.0318608 0.0984937
vt 0.0314181 0.0985092
vt 0.0305606 0.098723
vt 0.0307689 0.0986472
vt 0.0301625 0.0989171
vt 0.0303582 0.0988131
vt 0.0293178 0.0996259
vt 0.0294661 0.0994612
vt 0.0289466 0.100176
vt 0.0290574 0.0999843
vt 0.0288495 0.100375
vt 0.0286444 0.101007
vt 0.0299746 0.104299
vt 0.0297953 0.104169
vt 0.0309819 0.0985861
vt 0.0311987 0.09854
vt 0.0296255 0.0993073
vt 0.0291814 0.0998005
vt 0.0285827 0.101888
vt 0.028575 0.101667
vt 0.0333375 0.0989171
vt 0.0335254 0.0990346
vt 0.0297953 0.0991648
vt 0.0299746 0.0990346
vt 0.0337047 0.0991648
vt 0.0338745 0.0993073
vt 0.0254 0.0498809
vt 0.0269875 0.00127
vt 0.0381 0.00127
vt 0.0259814 0.179996
vt 0.0254 0.175528
vt 0.0254365 0.176657
vt 0.025546 0.177781
vt 0.0318608 0.16834
vt 0.0325831 0.196937
vt 0.0326743 0.196876
vt 0.0324878 0.196991
vt 0.0321829 0.197113
vt 0.0322873 0.197079
vt 0.0307388 0.196809
vt 0.0308257 0.196876
vt 0.0323891 0.197039
vt 0.0320765 0.197139
vt 0.0311109 0.197039
vt 0.0312127 0.197079
vt 0.0309169 0.196937
vt 0.0316392 0.16834
vt 0.0314181 0.168324
vt 0.0302154 0.195992
vt 0.0318595 0.197169
vt 0.0319686 0.197158
vt 0.0313171 0.197113
vt 0.0310122 0.196991
vt 0.0304434 0.196487
vt 0.0305087 0.196575
vt 0.0303317 0.196299
vt 0.0303843 0.196395
vt 0.030247 0.196096
vt 0.0316405 0.197169
vt 0.03175 0.197173
vt 0.0314235 0.197139
vt 0.0315314 0.197158
vt 0.0331683 0.196299
vt 0.0332141 0.196199
vt 0.03292 0.196658
vt 0.0329913 0.196575
vt 0.0381 0.175528
vt 0.0349173 0.165388
vt 0.0349173 0.164945
vt 0.034925 0.165167
vt 0.0302859 0.196199
vt 0.0331157 0.196395
vt 0.0330566 0.196487
vt 0.0348556 0.165827
vt 0.034802 0.166042
vt 0.033253 0.196096
vt 0.0332846 0.195992
vt 0.0348941 0.165609
vt 0.0348941 0.164725
vt 0.0347335 0.164081
vt 0.034802 0.164292
vt 0.03058 0.196658
vt 0.0327612 0.196809
vt 0.0306568 0.196736
vt 0.0345534 0.166657
vt 0.0344426 0.166849
vt 0.0347335 0.166253
vt 0.0346505 0.166458
vt 0.0348556 0.164507
vt 0.0341822 0.163126
vt 0.0343186 0.163301
vt 0.0290574 0.166849
vt 0.0289466 0.166657
vt 0.0311987 0.168294
vt 0.0309819 0.168247
vt 0.0328432 0.196736
vt 0.0329394 0.168111
vt 0.0377722 0.178896
vt 0.037954 0.177781
vt 0.0345534 0.163676
vt 0.0346505 0.163875
vt 0.0344426 0.163484
vt 0.0337047 0.162665
vt 0.0338745 0.162807
vt 0.0333375 0.162417
vt 0.0335254 0.162535
vt 0.0286059 0.165609
vt 0.0285827 0.165388
vt 0.0287665 0.166253
vt 0.028698 0.166042
vt 0.0288495 0.166458
vt 0.0307689 0.168186
vt 0.0305606 0.168111
vt 0.0323013 0.168294
vt 0.0320819 0.168324
vt 0.0375186 0.179996
vt 0.0340339 0.167372
vt 0.0338745 0.167526
vt 0.0340339 0.162961
vt 0.0331418 0.162313
vt 0.0318608 0.161994
vt 0.0286444 0.165827
vt 0.0291814 0.167033
vt 0.0294661 0.167372
vt 0.0293178 0.167208
vt 0.0327311 0.168186
vt 0.0325181 0.168247
vt 0.0331418 0.16802
vt 0.0380635 0.176657
vt 0.0333375 0.167916
vt 0.0337047 0.167669
vt 0.0343186 0.167033
vt 0.0341822 0.167208
vt 0.0320819 0.162009
vt 0.0307689 0.162147
vt 0.0309819 0.162086
vt 0.0303582 0.162313
vt 0.0305606 0.162223
vt 0.0297953 0.167669
vt 0.0296255 0.167526
vt 0.0303582 0.16802
vt 0.0301625 0.167916
vt 0.0335254 0.167799
vt 0.0327311 0.162147
vt 0.0329394 0.162223
vt 0.0323013 0.16204
vt 0.0325181 0.162086
vt 0.0316392 0.161994
vt 0.0311987 0.16204
vt 0.0314181 0.162009
vt 0.0299746 0.162535
vt 0.0301625 0.162417
vt 0.028698 0.164292
vt 0.0287665 0.164081
vt 0.0286059 0.164725
vt 0.0286444 0.164507
vt 0.0299746 0.167799
vt 0.0296255 0.162807
vt 0.0297953 0.162665
vt 0.0290574 0.163484
vt 0.0291814 0.163301
vt 0.0288495 0.163875
vt 0.0289466 0.163676
vt 0.028575 0.165167
vt 0.0285827 0.164945
vt 0.0294661 0.162961
vt 0.0293178 0.163126
vt 0.0257278 0.178896
vt 0.0254 0.00127
vt 0.0254 0.0498809
vt 0.0254 0.00127
vt 0.0269875 0.00127
vt 0.0269875 0.0498809
vt 0.0381 0.00127
vt 0.0254 0.108017
vt 0.0381 0.108017
vt 0.0325181 0.104747
vt 0.0327311 0.104686
vt 0.0348556 0.102327
vt 0.0348941 0.102109
vt 0.0344426 0.103349
vt 0.0345534 0.103157
vt 0.0340339 0.103872
vt 0.0341822 0.103708
vt 0.0333375 0.104416
vt 0.0335254 0.104299
vt 0.0329394 0.104611
vt 0.0320819 0.104824
vt 0.0323013 0.104794
vt 0.0269875 0.108017
vt 0.0287665 0.102753
vt 0.0288495 0.102958
vt 0.0349173 0.101888
vt 0.0347335 0.102753
vt 0.034802 0.102542
vt 0.0346505 0.102958
vt 0.0343186 0.103533
vt 0.0331418 0.10452
vt 0.0289466 0.103157
vt 0.0337047 0.104169
vt 0.0338745 0.104026
vt 0.0318608 0.10484
vt 0.0305606 0.104611
vt 0.0307689 0.104686
vt 0.0290574 0.103349
vt 0.0286444 0.102327
vt 0.028698 0.102542
vt 0.0285827 0.101888
vt 0.0286059 0.102109
vt 0.0286444 0.101007
vt 0.0286059 0.101225
vt 0.028698 0.100792
vt 0.0288495 0.100375
vt 0.0287665 0.100581
vt 0.0316392 0.10484
vt 0.0303582 0.10452
vt 0.0299746 0.104299
vt 0.0301625 0.104416
vt 0.0293178 0.103708
vt 0.0294661 0.103872
vt 0.0291814 0.103533
vt 0.0285827 0.101445
vt 0.028575 0.101667
vt 0.0289466 0.100176
vt 0.0314181 0.104824
vt 0.0309819 0.104747
vt 0.0311987 0.104794
vt 0.0296255 0.104026
vt 0.0297953 0.104169
vt 0.0297953 0.0991648
vt 0.0296255 0.0993073
vt 0.0305606 0.098723
vt 0.0303582 0.0988131
vt 0.0309819 0.0985861
vt 0.0307689 0.0986472
vt 0.0294661 0.0994612
vt 0.0314181 0.0985092
vt 0.0311987 0.09854
vt 0.0318608 0.0984937
vt 0.0316392 0.0984937
vt 0.0381 0.0498809
vt 0.0320819 0.0985092
vt 0.0325181 0.0985861
vt 0.0323013 0.09854
vt 0.0329394 0.098723
vt 0.0327311 0.0986472
vt 0.0348941 0.101225
vt 0.0348556 0.101007
vt 0.0291814 0.0998005
vt 0.0290574 0.0999843
vt 0.0293178 0.0996259
vt 0.0333375 0.0989171
vt 0.0331418 0.0988131
vt 0.0344426 0.0999843
vt 0.0343186 0.0998005
vt 0.0347335 0.100581
vt 0.0346505 0.100375
vt 0.0349173 0.101445
vt 0.0341822 0.0996259
vt 0.0345534 0.100176
vt 0.034802 0.100792
vt 0.034925 0.101667
vt 0.0301625 0.0989171
vt 0.0299746 0.0990346
vt 0.0337047 0.0991648
vt 0.0335254 0.0990346
vt 0.0340339 0.0994612
vt 0.0338745 0.0993073
vt 0.0254 0.120717
vt 0.0381 0.120717
vt 0.0333375 0.117116
vt 0.0335254 0.116999
vt 0.0349173 0.114588
vt 0.034925 0.114367
vt 0.0348556 0.115027
vt 0.0348941 0.114809
vt 0.0344426 0.116049
vt 0.0345534 0.115857
vt 0.0340339 0.116572
vt 0.0341822 0.116408
vt 0.0331418 0.11722
vt 0.0327311 0.117386
vt 0.0329394 0.117311
vt 0.0323013 0.117494
vt 0.0325181 0.117447
vt 0.0269875 0.120717
vt 0.0287665 0.115453
vt 0.0288495 0.115658
vt 0.0347335 0.115453
vt 0.034802 0.115242
vt 0.0346505 0.115658
vt 0.0343186 0.116233
vt 0.0320819 0.117524
vt 0.0289466 0.115857
vt 0.0337047 0.116869
vt 0.0338745 0.116726
vt 0.0318608 0.11754
vt 0.0305606 0.117311
vt 0.0307689 0.117386
vt 0.0290574 0.116049
vt 0.0286444 0.115027
vt 0.028698 0.115242
vt 0.0285827 0.114588
vt 0.0286059 0.114809
vt 0.028575 0.114367
vt 0.0286444 0.113707
vt 0.0286059 0.113925
vt 0.0288495 0.113075
vt 0.0287665 0.113281
vt 0.0316392 0.11754
vt 0.0303582 0.11722
vt 0.0299746 0.116999
vt 0.0301625 0.117116
vt 0.0293178 0.116408
vt 0.0294661 0.116572
vt 0.0291814 0.116233
vt 0.0285827 0.114145
vt 0.028698 0.113492
vt 0.0289466 0.112876
vt 0.0314181 0.117524
vt 0.0309819 0.117447
vt 0.0311987 0.117494
vt 0.0296255 0.116726
vt 0.0297953 0.116869
vt 0.0297953 0.111865
vt 0.0296255 0.112007
vt 0.0305606 0.111423
vt 0.0303582 0.111513
vt 0.0309819 0.111286
vt 0.0307689 0.111347
vt 0.0294661 0.112161
vt 0.0314181 0.111209
vt 0.0311987 0.11124
vt 0.0318608 0.111194
vt 0.0316392 0.111194
vt 0.0320819 0.111209
vt 0.0325181 0.111286
vt 0.0323013 0.11124
vt 0.0329394 0.111423
vt 0.0327311 0.111347
vt 0.0344426 0.112684
vt 0.0343186 0.112501
vt 0.0291814 0.112501
vt 0.0290574 0.112684
vt 0.0293178 0.112326
vt 0.0333375 0.111617
vt 0.0331418 0.111513
vt 0.0345534 0.112876
vt 0.0349173 0.114145
vt 0.0348941 0.113925
vt 0.0341822 0.112326
vt 0.0347335 0.113281
vt 0.0346505 0.113075
vt 0.0348556 0.113707
vt 0.034802 0.113492
vt 0.0301625 0.111617
vt 0.0299746 0.111735
vt 0.0337047 0.111865
vt 0.0335254 0.111735
vt 0.0340339 0.112161
vt 0.0338745 0.112007
vt 0.0254 0.133417
vt 0.0285827 0.126845
vt 0.028575 0.127067
vt 0.0269875 0.133417
vt 0.0381 0.133417
vt 0.0318608 0.13024
vt 0.0288495 0.128358
vt 0.0289466 0.128557
vt 0.0286444 0.127727
vt 0.028698 0.127942
vt 0.0285827 0.127288
vt 0.0305606 0.124123
vt 0.0303582 0.124213
vt 0.0309819 0.123986
vt 0.0307689 0.124047
vt 0.0320819 0.130224
vt 0.0287665 0.128153
vt 0.0286059 0.127509
vt 0.0286059 0.126625
vt 0.028698 0.126192
vt 0.0286444 0.126407
vt 0.0288495 0.125775
vt 0.0287665 0.125981
vt 0.0314181 0.123909
vt 0.0311987 0.12394
vt 0.0318608 0.123894
vt 0.0316392 0.123894
vt 0.0320819 0.123909
vt 0.0325181 0.123986
vt 0.0323013 0.12394
vt 0.0329394 0.124123
vt 0.0327311 0.124047
vt 0.0344426 0.125384
vt 0.0343186 0.125201
vt 0.0348556 0.126407
vt 0.034802 0.126192
vt 0.034925 0.127067
vt 0.0316392 0.13024
vt 0.0311987 0.130194
vt 0.0314181 0.130224
vt 0.0307689 0.130086
vt 0.0309819 0.130147
vt 0.0303582 0.12992
vt 0.0305606 0.130011
vt 0.0291814 0.128933
vt 0.0293178 0.129108
vt 0.0290574 0.128749
vt 0.0333375 0.124317
vt 0.0331418 0.124213
vt 0.0345534 0.125576
vt 0.0347335 0.125981
vt 0.0346505 0.125775
vt 0.0348941 0.126625
vt 0.0349173 0.126845
vt 0.0327311 0.130086
vt 0.0329394 0.130011
vt 0.0323013 0.130194
vt 0.0325181 0.130147
vt 0.0290574 0.125384
vt 0.0289466 0.125576
vt 0.0293178 0.125026
vt 0.0291814 0.125201
vt 0.0296255 0.124707
vt 0.0294661 0.124861
vt 0.0347335 0.128153
vt 0.034802 0.127942
vt 0.0331418 0.12992
vt 0.0333375 0.129816
vt 0.0299746 0.129699
vt 0.0301625 0.129816
vt 0.0294661 0.129272
vt 0.0296255 0.129426
vt 0.0297953 0.124565
vt 0.0301625 0.124317
vt 0.0299746 0.124435
vt 0.0337047 0.124565
vt 0.0335254 0.124435
vt 0.0348941 0.127509
vt 0.0349173 0.127288
vt 0.0348556 0.127727
vt 0.0345534 0.128557
vt 0.0346505 0.128358
vt 0.0343186 0.128933
vt 0.0344426 0.128749
vt 0.0337047 0.129569
vt 0.0338745 0.129426
vt 0.0297953 0.129569
vt 0.0340339 0.124861
vt 0.0338745 0.124707
vt 0.0341822 0.125026
vt 0.0340339 0.129272
vt 0.0341822 0.129108
vt 0.0335254 0.129699
vt 0.0254 0.146117
vt 0.0285827 0.139545
vt 0.028575 0.139767
vt 0.0381 0.146117
vt 0.0269875 0.146117
vt 0.0318608 0.14294
vt 0.0347335 0.140853
vt 0.034802 0.140642
vt 0.0343186 0.141633
vt 0.0344426 0.141449
vt 0.0320819 0.142924
vt 0.0288495 0.141058
vt 0.0289466 0.141257
vt 0.0286444 0.140427
vt 0.028698 0.140642
vt 0.0285827 0.139988
vt 0.0348941 0.140209
vt 0.0349173 0.139988
vt 0.0348556 0.140427
vt 0.0345534 0.141257
vt 0.0346505 0.141058
vt 0.0341822 0.141808
vt 0.0316392 0.14294
vt 0.0311987 0.142894
vt 0.0314181 0.142924
vt 0.0307689 0.142786
vt 0.0309819 0.142847
vt 0.0303582 0.14262
vt 0.0305606 0.142711
vt 0.0287665 0.140853
vt 0.0286059 0.140209
vt 0.0286059 0.139325
vt 0.028698 0.138892
vt 0.0286444 0.139107
vt 0.0288495 0.138475
vt 0.0287665 0.138681
vt 0.0333375 0.142516
vt 0.0335254 0.142399
vt 0.0327311 0.142786
vt 0.0329394 0.142711
vt 0.0323013 0.142894
vt 0.0325181 0.142847
vt 0.0291814 0.141633
vt 0.0293178 0.141808
vt 0.0290574 0.141449
vt 0.0344426 0.138084
vt 0.0343186 0.137901
vt 0.0348556 0.139107
vt 0.034802 0.138892
vt 0.034925 0.139767
vt 0.0331418 0.14262
vt 0.0299746 0.142399
vt 0.0301625 0.142516
vt 0.0290574 0.138084
vt 0.0289466 0.138276
vt 0.0293178 0.137726
vt 0.0291814 0.137901
vt 0.0337047 0.137265
vt 0.0335254 0.137135
vt 0.0340339 0.137561
vt 0.0338745 0.137407
vt 0.0345534 0.138276
vt 0.0347335 0.138681
vt 0.0346505 0.138475
vt 0.0348941 0.139325
vt 0.0349173 0.139545
vt 0.0340339 0.141972
vt 0.0337047 0.142269
vt 0.0338745 0.142126
vt 0.0294661 0.141972
vt 0.0296255 0.142126
vt 0.0307689 0.136747
vt 0.0305606 0.136823
vt 0.0311987 0.13664
vt 0.0309819 0.136686
vt 0.0316392 0.136594
vt 0.0314181 0.136609
vt 0.0320819 0.136609
vt 0.0318608 0.136594
vt 0.0333375 0.137017
vt 0.0341822 0.137726
vt 0.0297953 0.142269
vt 0.0299746 0.137135
vt 0.0297953 0.137265
vt 0.0303582 0.136913
vt 0.0301625 0.137017
vt 0.0323013 0.13664
vt 0.0327311 0.136747
vt 0.0325181 0.136686
vt 0.0331418 0.136913
vt 0.0329394 0.136823
vt 0.0296255 0.137407
vt 0.0294661 0.137561
vt 0.0254 0.158817
vt 0.0269875 0.158817
vt 0.028575 0.152467
vt 0.0381 0.158817
vt 0.0318608 0.15564
vt 0.0285827 0.152245
vt 0.0349173 0.152688
vt 0.034925 0.152467
vt 0.0347335 0.153553
vt 0.034802 0.153342
vt 0.0343186 0.154333
vt 0.0344426 0.154149
vt 0.0320819 0.155624
vt 0.0288495 0.153758
vt 0.0289466 0.153957
vt 0.0286444 0.153127
vt 0.028698 0.153342
vt 0.0285827 0.152688
vt 0.0348941 0.152909
vt 0.0348556 0.153127
vt 0.0345534 0.153957
vt 0.0346505 0.153758
vt 0.0341822 0.154508
vt 0.0316392 0.15564
vt 0.0311987 0.155594
vt 0.0314181 0.155624
vt 0.0307689 0.155486
vt 0.0309819 0.155547
vt 0.0303582 0.15532
vt 0.0305606 0.155411
vt 0.0287665 0.153553
vt 0.0286059 0.152909
vt 0.0286059 0.152025
vt 0.028698 0.151592
vt 0.0286444 0.151807
vt 0.0288495 0.151175
vt 0.0287665 0.151381
vt 0.0333375 0.155216
vt 0.0335254 0.155099
vt 0.0327311 0.155486
vt 0.0329394 0.155411
vt 0.0323013 0.155594
vt 0.0325181 0.155547
vt 0.0291814 0.154333
vt 0.0293178 0.154508
vt 0.0290574 0.154149
vt 0.0344426 0.150784
vt 0.0343186 0.150601
vt 0.0348556 0.151807
vt 0.034802 0.151592
vt 0.0331418 0.15532
vt 0.0299746 0.155099
vt 0.0301625 0.155216
vt 0.0290574 0.150784
vt 0.0289466 0.150976
vt 0.0293178 0.150426
vt 0.0291814 0.150601
vt 0.0337047 0.149965
vt 0.0335254 0.149835
vt 0.0340339 0.150261
vt 0.0338745 0.150107
vt 0.0345534 0.150976
vt 0.0347335 0.151381
vt 0.0346505 0.151175
vt 0.0348941 0.152025
vt 0.0349173 0.152245
vt 0.0340339 0.154672
vt 0.0337047 0.154969
vt 0.0338745 0.154826
vt 0.0294661 0.154672
vt 0.0296255 0.154826
vt 0.0307689 0.149447
vt 0.0305606 0.149523
vt 0.0311987 0.14934
vt 0.0309819 0.149386
vt 0.0316392 0.149294
vt 0.0314181 0.149309
vt 0.0320819 0.149309
vt 0.0318608 0.149294
vt 0.0333375 0.149717
vt 0.0341822 0.150426
vt 0.0297953 0.154969
vt 0.0299746 0.149835
vt 0.0297953 0.149965
vt 0.0303582 0.149613
vt 0.0301625 0.149717
vt 0.0323013 0.14934
vt 0.0327311 0.149447
vt 0.0325181 0.149386
vt 0.0331418 0.149613
vt 0.0329394 0.149523
vt 0.0296255 0.150107
vt 0.0294661 0.150261
vt 0.0318608 0.16834
vt 0.0309169 0.196937
vt 0.0308257 0.196876
vt 0.0310122 0.196991
vt 0.0313171 0.197113
vt 0.0312127 0.197079
vt 0.0327612 0.196809
vt 0.0326743 0.196876
vt 0.0311109 0.197039
vt 0.0314235 0.197139
vt 0.0323891 0.197039
vt 0.0322873 0.197079
vt 0.0325831 0.196937
vt 0.033253 0.196096
vt 0.0332141 0.196199
vt 0.0320819 0.168324
vt 0.0332846 0.195992
vt 0.0316405 0.197169
vt 0.0315314 0.197158
vt 0.0321829 0.197113
vt 0.0324878 0.196991
vt 0.0330566 0.196487
vt 0.0329913 0.196575
vt 0.0318595 0.197169
vt 0.03175 0.197173
vt 0.0320765 0.197139
vt 0.0319686 0.197158
vt 0.0331157 0.196395
vt 0.0331683 0.196299
vt 0.0316392 0.16834
vt 0.030247 0.196096
vt 0.0302154 0.195992
vt 0.0303317 0.196299
vt 0.0302859 0.196199
vt 0.0304434 0.196487
vt 0.0303843 0.196395
vt 0.03058 0.196658
vt 0.0305087 0.196575
vt 0.0259814 0.179996
vt 0.028575 0.165167
vt 0.0285827 0.164945
vt 0.03292 0.196658
vt 0.0307388 0.196809
vt 0.0306568 0.196736
vt 0.0328432 0.196736
vt 0.0288495 0.166458
vt 0.0289466 0.166657
vt 0.0286444 0.165827
vt 0.028698 0.166042
vt 0.0285827 0.165388
vt 0.0329394 0.168111
vt 0.0331418 0.16802
vt 0.037954 0.177781
vt 0.0311987 0.168294
vt 0.0287665 0.166253
vt 0.0286059 0.165609
vt 0.0286059 0.164725
vt 0.028698 0.164292
vt 0.0286444 0.164507
vt 0.0288495 0.163875
vt 0.0287665 0.164081
vt 0.0377722 0.178896
vt 0.0323013 0.168294
vt 0.0325181 0.168247
vt 0.0375186 0.179996
vt 0.0314181 0.168324
vt 0.0307689 0.168186
vt 0.0309819 0.168247
vt 0.0303582 0.16802
vt 0.0305606 0.168111
vt 0.0291814 0.167033
vt 0.0293178 0.167208
vt 0.0290574 0.166849
vt 0.0381 0.175528
vt 0.0348941 0.165609
vt 0.0349173 0.165388
vt 0.0347335 0.166253
vt 0.034802 0.166042
vt 0.0333375 0.167916
vt 0.0335254 0.167799
vt 0.0380635 0.176657
vt 0.0327311 0.168186
vt 0.0290574 0.163484
vt 0.0289466 0.163676
vt 0.0293178 0.163126
vt 0.0291814 0.163301
vt 0.0344426 0.163484
vt 0.0343186 0.163301
vt 0.0348556 0.164507
vt 0.034802 0.164292
vt 0.0348556 0.165827
vt 0.0345534 0.166657
vt 0.0346505 0.166458
vt 0.0343186 0.167033
vt 0.0344426 0.166849
vt 0.0337047 0.167669
vt 0.0338745 0.167526
vt 0.0299746 0.167799
vt 0.0301625 0.167916
vt 0.0294661 0.167372
vt 0.0296255 0.167526
vt 0.0337047 0.162665
vt 0.0335254 0.162535
vt 0.0340339 0.162961
vt 0.0338745 0.162807
vt 0.0345534 0.163676
vt 0.0347335 0.164081
vt 0.0346505 0.163875
vt 0.0348941 0.164725
vt 0.034925 0.165167
vt 0.0349173 0.164945
vt 0.0340339 0.167372
vt 0.0341822 0.167208
vt 0.0297953 0.167669
vt 0.0307689 0.162147
vt 0.0305606 0.162223
vt 0.0311987 0.16204
vt 0.0309819 0.162086
vt 0.0316392 0.161994
vt 0.0314181 0.162009
vt 0.0320819 0.162009
vt 0.0318608 0.161994
vt 0.0333375 0.162417
vt 0.0341822 0.163126
vt 0.0299746 0.162535
vt 0.0297953 0.162665
vt 0.0303582 0.162313
vt 0.0301625 0.162417
vt 0.0323013 0.16204
vt 0.0327311 0.162147
vt 0.0325181 0.162086
vt 0.0331418 0.162313
vt 0.0329394 0.162223
vt 0.0296255 0.162807
vt 0.0294661 0.162961
vt 0.025546 0.177781
vt 0.0254365 0.176657
vt 0.0254 0.175528
vt 0.0257278 0.178896
vt 2.88282 0
vt 2.88282 -0.00396875
vt 2.94752 -0.00396875
vt 2.94752 0
vt 3.01221 -0.00396875
vt 3.01221 0
vt 3.0769 -0.00396875
vt 3.0769 0
vt 3.14159 -0.00396875
vt 3.14159 0
vt 2.88282 0.00396875
vt 2.88282 0
vt 2.94752 0
vt 2.94752 0.00396875
vt 3.01221 0
vt 3.01221 0.00396875
vt 3.0769 0
vt 3.0769 0.00396875
vt 3.14159 0
vt 3.14159 0.00396875
vt 0.258768 0
vt 0.258768 -0.00396875
vt 0.327822 -0.00396875
vt 0.327822 0
vt 0.396876 -0.00396875
vt 0.396876 0
vt 0.46593 -0.00396875
vt 0.46593 0
vt 0.534984 -0.00396875
vt 0.534984 0
vt 0.604039 -0.00396875
vt 0.604039 0
vt 0.673093 -0.00396875
vt 0.673093 0
vt 0.742147 -0.00396875
vt 0.742147 0
vt 0.811201 -0.00396875
vt 0.811201 0
vt 0.880255 -0.00396875
vt 0.880255 0
vt 0.949309 -0.00396875
vt 0.949309 0
vt 1.01836 -0.00396875
vt 1.01836 0
vt 1.08742 -0.00396875
vt 1.08742 0
vt 1.15647 -0.00396875
vt 1.15647 0
vt 1.22553 -0.00396875
vt 1.22553 0
vt 1.29458 -0.00396875
vt 1.29458 0
vt 1.36363 -0.00396875
vt 1.36363 0
vt 1.43269 -0.00396875
vt 1.43269 0
vt 1.50174 -0.00396875
vt 1.50174 0
vt 1.5708 -0.00396875
vt 1.5708 0
vt 1.63985 -0.00396875
vt 1.63985 0
vt 1.7089 -0.00396875
vt 1.7089 0
vt 1.77796 -0.00396875
vt 1.77796 0
vt 1.84701 -0.00396875
vt 1.84701 0
vt 1.91607 -0.00396875
vt 1.91607 0
vt 1.98512 -0.00396875
vt 1.98512 0
vt 2.05418 -0.00396875
vt 2.05418 0
vt 2.12323 -0.00396875
vt 2.12323 0
vt 2.19228 -0.00396875
vt 2.19228 0
vt 2.26134 -0.00396875
vt 2.26134 0
vt 2.33039 -0.00396875
vt 2.33039 0
vt 2.39945 -0.00396875
vt 2.39945 0
vt 2.4685 -0.00396875
vt 2.4685 0
vt 2.53755 -0.00396875
vt 2.53755 0
vt 2.60661 -0.00396875
vt 2.60661 0
vt 2.67566 -0.00396875
vt 2.67566 0
vt 2.74472 -0.00396875
vt 2.74472 0
vt 2.81377 -0.00396875
vt 2.81377 0
vt 2.88282 -0.00396875
vt 2.88282 0
vt -0.00641039 -0.00396875
vt -0.00641039 0
vt 0.0101356 0
vt 0.0101356 -0.00396875
vt -0.00641039 0
vt -0.00641039 -0.00396875
vt 0.0101356 -0.00396875
vt 0.0101356 0
vt -0.00396875 -0.08763
vt -0.00396875 -0.0390191
vt 0 -0.0390191
vt 0 0.0191168
vt -0.00396875 0.0191168
vt 0 0.0318168
vt -0.00396875 0.0318168
vt 0 0.0445168
vt -0.00396875 0.0445168
vt 0 0.0572168
vt -0.00396875 0.0572168
vt 0 0.0699168
vt -0.00396875 0.0699168
vt 0 0.0866279
vt -0.00396875 0.0866279
vt 0 -0.08763
vt -0 -0.08763
vt -0 -0.0390191
vt 0.00396875 -0.0390191
vt 0.00396875 0.0191168
vt 0 0.0191168
vt 0.00396875 0.0318168
vt 0 0.0318168
vt 0.00396875 0.0445168
vt 0 0.0445168
vt 0.00396875 0.0572168
vt 0 0.0572168
vt 0.00396875 0.0699168
vt 0 0.0699168
vt 0.00396875 0.0866279
vt 0 0.0866279
vt 0.00396875 -0.08763
vt -0.0698132 0.00396875
vt 0 0.00396875
vt 0 -0
vt 6.14356 0.00396875
vt -0.0698132 -0
vt 6.07375 0.00396875
vt 6.14356 -0
vt 6.00393 0.00396875
vt 6.07375 -0
vt 5.93412 0.00396875
vt 6.00393 -0
vt 5.86431 0.00396875
vt 5.93412 -0
vt 5.79449 0.00396875
vt 5.86431 -0
vt 5.72468 0.00396875
vt 5.79449 -0
vt 5.65487 0.00396875
vt 5.72468 -0
vt 5.58505 0.00396875
vt 5.65487 -0
vt 5.51524 0.00396875
vt 5.58505 -0
vt 5.44543 0.00396875
vt 5.51524 -0
vt 5.37561 0.00396875
vt 5.44543 -0
vt 5.3058 0.00396875
vt 5.37561 -0
vt 5.23599 0.00396875
vt 5.3058 -0
vt 5.16617 0.00396875
vt 5.23599 -0
vt 5.09636 0.00396875
vt 5.16617 -0
vt 5.02655 0.00396875
vt 5.09636 -0
vt 4.95674 0.00396875
vt 5.02655 -0
vt 4.88692 0.00396875
vt 4.95674 -0
vt 4.81711 0.00396875
vt 4.88692 -0
vt 4.7473 0.00396875
vt 4.81711 -0
vt 4.67748 0.00396875
vt 4.7473 -0
vt 4.60767 0.00396875
vt 4.67748 -0
vt 4.53786 0.00396875
vt 4.60767 -0
vt 4.46804 0.00396875
vt 4.53786 -0
vt 4.39823 0.00396875
vt 4.46804 -0
vt 4.32842 0.00396875
vt 4.39823 -0
vt 4.2586 0.00396875
vt 4.32842 -0
vt 4.18879 0.00396875
vt 4.2586 -0
vt 4.11898 0.00396875
vt 4.18879 -0
vt 4.04916 0.00396875
vt 4.11898 -0
vt 3.97935 0.00396875
vt 4.04916 -0
vt 3.90954 0.00396875
vt 3.97935 -0
vt 3.83972 0.00396875
vt 3.90954 -0
vt 3.76991 0.00396875
vt 3.83972 -0
vt 3.7001 0.00396875
vt 3.76991 -0
vt 3.63028 0.00396875
vt 3.7001 -0
vt 3.56047 0.00396875
vt 3.63028 -0
vt 3.49066 0.00396875
vt 3.56047 -0
vt 3.42085 0.00396875
vt 3.49066 -0
vt 3.35103 0.00396875
vt 3.42085 -0
vt 3.28122 0.00396875
vt 3.35103 -0
vt 3.21141 0.00396875
vt 3.28122 -0
vt 3.14159 0.00396875
vt 3.21141 -0
vt 3.07178 0.00396875
vt 3.14159 -0
vt 3.00197 0.00396875
vt 3.07178 -0
vt 2.93215 0.00396875
vt 3.00197 -0
vt 2.86234 0.00396875
vt 2.93215 -0
vt 2.79253 0.00396875
vt 2.86234 -0
vt 2.72271 0.00396875
vt 2.79253 -0
vt 2.6529 0.00396875
vt 2.72271 -0
vt 2.58309 0.00396875
vt 2.6529 -0
vt 2.51327 0.00396875
vt 2.58309 -0
vt 2.44346 0.00396875
vt 2.51327 -0
vt 2.37365 0.00396875
vt 2.44346 -0
vt 2.30383 0.00396875
vt 2.37365 -0
vt 2.23402 0.00396875
vt 2.30383 -0
vt 2.16421 0.00396875
vt 2.23402 -0
vt 2.0944 0.00396875
vt 2.16421 -0
vt 2.02458 0.00396875
vt 2.0944 -0
vt 1.95477 0.00396875
vt 2.02458 -0
vt 1.88496 0.00396875
vt 1.95477 -0
vt 1.81514 0.00396875
vt 1.88496 -0
vt 1.74533 0.00396875
vt 1.81514 -0
vt 1.67552 0.00396875
vt 1.74533 -0
vt 1.6057 0.00396875
vt 1.67552 -0
vt 1.53589 0.00396875
vt 1.6057 -0
vt 1.46608 0.00396875
vt 1.53589 -0
vt 1.39626 0.00396875
vt 1.46608 -0
vt 1.32645 0.00396875
vt 1.39626 -0
vt 1.25664 0.00396875
vt 1.32645 -0
vt 1.18682 0.00396875
vt 1.25664 -0
vt 1.11701 0.00396875
vt 1.18682 -0
vt 1.0472 0.00396875
vt 1.11701 -0
vt 0.977384 0.00396875
vt 1.0472 -0
vt 0.907571 0.00396875
vt 0.977384 -0
vt 0.837758 0.00396875
vt 0.907571 -0
vt 0.767945 0.00396875
vt 0.837758 -0
vt 0.698132 0.00396875
vt 0.767945 -0
vt 0.628319 0.00396875
vt 0.698132 -0
vt 0.558505 0.00396875
vt 0.628319 -0
vt 0.488692 0.00396875
vt 0.558505 -0
vt 0.418879 0.00396875
vt 0.488692 -0
vt 0.349066 0.00396875
vt 0.418879 -0
vt 0.279253 0.00396875
vt 0.349066 -0
vt 0.20944 0.00396875
vt 0.279253 -0
vt 0.139626 0.00396875
vt 0.20944 -0
vt 0.0698132 0.00396875
vt 0.139626 -0
vt 0.0698132 -0
vt -0.0698132 0.00396875
vt 0 0.00396875
vt 0 -0
vt 6.14356 0.00396875
vt -0.0698132 -0
vt 6.07375 0.00396875
vt 6.14356 -0
vt 6.00393 0.00396875
vt 6.07375 -0
vt 5.93412 0.00396875
vt 6.00393 -0
vt 5.86431 0.00396875
vt 5.93412 -0
vt 5.79449 0.00396875
vt 5.86431 -0
vt 5.72468 0.00396875
vt 5.79449 -0
vt 5.65487 0.00396875
vt 5.72468 -0
vt 5.58505 0.00396875
vt 5.65487 -0
vt 5.51524 0.00396875
vt 5.58505 -0
vt 5.44543 0.00396875
vt 5.51524 -0
vt 5.37561 0.00396875
vt 5.44543 -0
vt 5.3058 0.00396875
vt 5.37561 -0
vt 5.23599 0.00396875
vt 5.3058 -0
vt 5.16617 0.00396875
vt 5.23599 -0
vt 5.09636 0.00396875
vt 5.16617 -0
vt 5.02655 0.00396875
vt 5.09636 -0
vt 4.95674 0.00396875
vt 5.02655 -0
vt 4.88692 0.00396875
vt 4.95674 -0
vt 4.81711 0.00396875
vt 4.88692 -0
vt 4.7473 0.00396875
vt 4.81711 -0
vt 4.67748 0.00396875
vt 4.7473 -0
vt 4.60767 0.00396875
vt 4.67748 -0
vt 4.53786 0.00396875
vt 4.60767 -0
vt 4.46804 0.00396875
vt 4.53786 -0
vt 4.39823 0.00396875
vt 4.46804 -0
vt 4.32842 0.00396875
vt 4.39823 -0
vt 4.2586 0.00396875
vt 4.32842 -0
vt 4.18879 0.00396875
vt 4.2586 -0
vt 4.11898 0.00396875
vt 4.18879 -0
vt 4.04916 0.00396875
vt 4.11898 -0
vt 3.97935 0.00396875
vt 4.04916 -0
vt 3.90954 0.00396875
vt 3.97935 -0
vt 3.83972 0.00396875
vt 3.90954 -0
vt 3.76991 0.00396875
vt 3.83972 -0
vt 3.7001 0.00396875
vt 3.76991 -0
vt 3.63028 0.00396875
vt 3.7001 -0
vt 3.56047 0.00396875
vt 3.63028 -0
vt 3.49066 0.00396875
vt 3.56047 -0
vt 3.42085 0.00396875
vt 3.49066 -0
vt 3.35103 0.00396875
vt 3.42085 -0
vt 3.28122 0.00396875
vt 3.35103 -0
vt 3.21141 0.00396875
vt 3.28122 -0
vt 3.14159 0.00396875
vt 3.21141 -0
vt 3.07178 0.00396875
vt 3.14159 -0
vt 3.00197 0.00396875
vt 3.07178 -0
vt 2.93215 0.00396875
vt 3.00197 -0
vt 2.86234 0.00396875
vt 2.93215 -0
vt 2.79253 0.00396875
vt 2.86234 -0
vt 2.72271 0.00396875
vt 2.79253 -0
vt 2.6529 0.00396875
vt 2.72271 -0
vt 2.58309 0.00396875
vt 2.6529 -0
vt 2.51327 0.00396875
vt 2.58309 -0
vt 2.44346 0.00396875
vt 2.51327 -0
vt 2.37365 0.00396875
vt 2.44346 -0
vt 2.30383 0.00396875
vt 2.37365 -0
vt 2.23402 0.00396875
vt 2.30383 -0
vt 2.16421 0.00396875
vt 2.23402 -0
vt 2.0944 0.00396875
vt 2.16421 -0
vt 2.02458 0.00396875
vt 2.0944 -0
vt 1.95477 0.00396875
vt 2.02458 -0
vt 1.88496 0.00396875
vt 1.95477 -0
vt 1.81514 0.00396875
vt 1.88496 -0
vt 1.74533 0.00396875
vt 1.81514 -0
vt 1.67552 0.00396875
vt 1.74533 -0
vt 1.6057 0.00396875
vt 1.67552 -0
vt 1.53589 0.00396875
vt 1.6057 -0
vt 1.46608 0.00396875
vt 1.53589 -0
vt 1.39626 0.00396875
vt 1.46608 -0
vt 1.32645 0.00396875
vt 1.39626 -0
vt 1.25664 0.00396875
vt 1.32645 -0
vt 1.18682 0.00396875
vt 1.25664 -0
vt 1.11701 0.00396875
vt 1.18682 -0
vt 1.0472 0.00396875
vt 1.11701 -0
vt 0.977384 0.00396875
vt 1.0472 -0
vt 0.907571 0.00396875
vt 0.977384 -0
vt 0.837758 0.00396875
vt 0.907571 -0
vt 0.767945 0.00396875
vt 0.837758 -0
vt 0.698132 0.00396875
vt 0.767945 -0
vt 0.628319 0.00396875
vt 0.698132 -0
vt 0.558505 0.00396875
vt 0.628319 -0
vt 0.488692 0.00396875
vt 0.558505 -0
vt 0.418879 0.00396875
vt 0.488692 -0
vt 0.349066 0.00396875
vt 0.418879 -0
vt 0.279253 0.00396875
vt 0.349066 -0
vt 0.20944 0.00396875
vt 0.279253 -0
vt 0.139626 0.00396875
vt 0.20944 -0
vt 0.0698132 0.00396875
vt 0.139626 -0
vt 0.0698132 -0
vt -0.0698132 0.00396875
vt 0 0.00396875
vt 0 -0
vt 6.14356 0.00396875
vt -0.0698132 -0
vt 6.07375 0.00396875
vt 6.14356 -0
vt 6.00393 0.00396875
vt 6.07375 -0
vt 5.93412 0.00396875
vt 6.00393 -0
vt 5.86431 0.00396875
vt 5.93412 -0
vt 5.79449 0.00396875
vt 5.86431 -0
vt 5.72468 0.00396875
vt 5.79449 -0
vt 5.65487 0.00396875
vt 5.72468 -0
vt 5.58505 0.00396875
vt 5.65487 -0
vt 5.51524 0.00396875
vt 5.58505 -0
vt 5.44543 0.00396875
vt 5.51524 -0
vt 5.37561 0.00396875
vt 5.44543 -0
vt 5.3058 0.00396875
vt 5.37561 -0
vt 5.23599 0.00396875
vt 5.3058 -0
vt 5.16617 0.00396875
vt 5.23599 -0
vt 5.09636 0.00396875
vt 5.16617 -0
vt 5.02655 0.00396875
vt 5.09636 -0
vt 4.95674 0.00396875
vt 5.02655 -0
vt 4.88692 0.00396875
vt 4.95674 -0
vt 4.81711 0.00396875
vt 4.88692 -0
vt 4.7473 0.00396875
vt 4.81711 -0
vt 4.67748 0.00396875
vt 4.7473 -0
vt 4.60767 0.00396875
vt 4.67748 -0
vt 4.53786 0.00396875
vt 4.60767 -0
vt 4.46804 0.00396875
vt 4.53786 -0
vt 4.39823 0.00396875
vt 4.46804 -0
vt 4.32842 0.00396875
vt 4.39823 -0
vt 4.2586 0.00396875
vt 4.32842 -0
vt 4.18879 0.00396875
vt 4.2586 -0
vt 4.11898 0.00396875
vt 4.18879 -0
vt 4.04916 0.00396875
vt 4.11898 -0
vt 3.97935 0.00396875
vt 4.04916 -0
vt 3.90954 0.00396875
vt 3.97935 -0
vt 3.83972 0.00396875
vt 3.90954 -0
vt 3.76991 0.00396875
vt 3.83972 -0
vt 3.7001 0.00396875
vt 3.76991 -0
vt 3.63028 0.00396875
vt 3.7001 -0
vt 3.56047 0.00396875
vt 3.63028 -0
vt 3.49066 0.00396875
vt 3.56047 -0
vt 3.42085 0.00396875
vt 3.49066 -0
vt 3.35103 0.00396875
vt 3.42085 -0
vt 3.28122 0.00396875
vt 3.35103 -0
vt 3.21141 0.00396875
vt 3.28122 -0
vt 3.14159 0.00396875
vt 3.21141 -0
vt 3.07178 0.00396875
vt 3.14159 -0
vt 3.00197 0.00396875
vt 3.07178 -0
vt 2.93215 0.00396875
vt 3.00197 -0
vt 2.86234 0.00396875
vt 2.93215 -0
vt 2.79253 0.00396875
vt 2.86234 -0
vt 2.72271 0.00396875
vt 2.79253 -0
vt 2.6529 0.00396875
vt 2.72271 -0
vt 2.58309 0.00396875
vt 2.6529 -0
vt 2.51327 0.00396875
vt 2.58309 -0
vt 2.44346 0.00396875
vt 2.51327 -0
vt 2.37365 0.00396875
vt 2.44346 -0
vt 2.30383 0.00396875
vt 2.37365 -0
vt 2.23402 0.00396875
vt 2.30383 -0
vt 2.16421 0.00396875
vt 2.23402 -0
vt 2.0944 0.00396875
vt 2.16421 -0
vt 2.02458 0.00396875
vt 2.0944 -0
vt 1.95477 0.00396875
vt 2.02458 -0
vt 1.88496 0.00396875
vt 1.95477 -0
vt 1.81514 0.00396875
vt 1.88496 -0
vt 1.74533 0.00396875
vt 1.81514 -0
vt 1.67552 0.00396875
vt 1.74533 -0
vt 1.6057 0.00396875
vt 1.67552 -0
vt 1.53589 0.00396875
vt 1.6057 -0
vt 1.46608 0.00396875
vt 1.53589 -0
vt 1.39626 0.00396875
vt 1.46608 -0
vt 1.32645 0.00396875
vt 1.39626 -0
vt 1.25664 0.00396875
vt 1.32645 -0
vt 1.18682 0.00396875
vt 1.25664 -0
vt 1.11701 0.00396875
vt 1.18682 -0
vt 1.0472 0.00396875
vt 1.11701 -0
vt 0.977384 0.00396875
vt 1.0472 -0
vt 0.907571 0.00396875
vt 0.977384 -0
vt 0.837758 0.00396875
vt 0.907571 -0
vt 0.767945 0.00396875
vt 0.837758 -0
vt 0.698132 0.00396875
vt 0.767945 -0
vt 0.628319 0.00396875
vt 0.698132 -0
vt 0.558505 0.00396875
vt 0.628319 -0
vt 0.488692 0.00396875
vt 0.558505 -0
vt 0.418879 0.00396875
vt 0.488692 -0
vt 0.349066 0.00396875
vt 0.418879 -0
vt 0.279253 0.00396875
vt 0.349066 -0
vt 0.20944 0.00396875
vt 0.279253 -0
vt 0.139626 0.00396875
vt 0.20944 -0
vt 0.0698132 0.00396875
vt 0.139626 -0
vt 0.0698132 -0
vt -0.0698132 0.00396875
vt 0 0.00396875
vt 0 -0
vt 6.14356 0.00396875
vt -0.0698132 -0
vt 6.07375 0.00396875
vt 6.14356 -0
vt 6.00393 0.00396875
vt 6.07375 -0
vt 5.93412 0.00396875
vt 6.00393 -0
vt 5.86431 0.00396875
vt 5.93412 -0
vt 5.79449 0.00396875
vt 5.86431 -0
vt 5.72468 0.00396875
vt 5.79449 -0
vt 5.65487 0.00396875
vt 5.72468 -0
vt 5.58505 0.00396875
vt 5.65487 -0
vt 5.51524 0.00396875
vt 5.58505 -0
vt 5.44543 0.00396875
vt 5.51524 -0
vt 5.37561 0.00396875
vt 5.44543 -0
vt 5.3058 0.00396875
vt 5.37561 -0
vt 5.23599 0.00396875
vt 5.3058 -0
vt 5.16617 0.00396875
vt 5.23599 -0
vt 5.09636 0.00396875
vt 5.16617 -0
vt 5.02655 0.00396875
vt 5.09636 -0
vt 4.95674 0.00396875
vt 5.02655 -0
vt 4.88692 0.00396875
vt 4.95674 -0
vt 4.81711 0.00396875
vt 4.88692 -0
vt 4.7473 0.00396875
vt 4.81711 -0
vt 4.67748 0.00396875
vt 4.7473 -0
vt 4.60767 0.00396875
vt 4.67748 -0
vt 4.53786 0.00396875
vt 4.60767 -0
vt 4.46804 0.00396875
vt 4.53786 -0
vt 4.39823 0.00396875
vt 4.46804 -0
vt 4.32842 0.00396875
vt 4.39823 -0
vt 4.2586 0.00396875
vt 4.32842 -0
vt 4.18879 0.00396875
vt 4.2586 -0
vt 4.11898 0.00396875
vt 4.18879 -0
vt 4.04916 0.00396875
vt 4.11898 -0
vt 3.97935 0.00396875
vt 4.04916 -0
vt 3.90954 0.00396875
vt 3.97935 -0
vt 3.83972 0.00396875
vt 3.90954 -0
vt 3.76991 0.00396875
vt 3.83972 -0
vt 3.7001 0.00396875
vt 3.76991 -0
vt 3.63028 0.00396875
vt 3.7001 -0
vt 3.56047 0.00396875
vt 3.63028 -0
vt 3.49066 0.00396875
vt 3.56047 -0
vt 3.42085 0.00396875
vt 3.49066 -0
vt 3.35103 0.00396875
vt 3.42085 -0
vt 3.28122 0.00396875
vt 3.35103 -0
vt 3.21141 0.00396875
vt 3.28122 -0
vt 3.14159 0.00396875
vt 3.21141 -0
vt 3.07178 0.00396875
vt 3.14159 -0
vt 3.00197 0.00396875
vt 3.07178 -0
vt 2.93215 0.00396875
vt 3.00197 -0
vt 2.86234 0.00396875
vt 2.93215 -0
vt 2.79253 0.00396875
vt 2.86234 -0
vt 2.72271 0.00396875
vt 2.79253 -0
vt 2.6529 0.00396875
vt 2.72271 -0
vt 2.58309 0.00396875
vt 2.6529 -0
vt 2.51327 0.00396875
vt 2.58309 -0
vt 2.44346 0.00396875
vt 2.51327 -0
vt 2.37365 0.00396875
vt 2.44346 -0
vt 2.30383 0.00396875
vt 2.37365 -0
vt 2.23402 0.00396875
vt 2.30383 -0
vt 2.16421 0.00396875
vt 2.23402 -0
vt 2.0944 0.00396875
vt 2.16421 -0
vt 2.02458 0.00396875
vt 2.0944 -0
vt 1.95477 0.00396875
vt 2.02458 -0
vt 1.88496 0.00396875
vt 1.95477 -0
vt 1.81514 0.00396875
vt 1.88496 -0
vt 1.74533 0.00396875
vt 1.81514 -0
vt 1.67552 0.00396875
vt 1.74533 -0
vt 1.6057 0.00396875
vt 1.67552 -0
vt 1.53589 0.00396875
vt 1.6057 -0
vt 1.46608 0.00396875
vt 1.53589 -0
vt 1.39626 0.00396875
vt 1.46608 -0
vt 1.32645 0.00396875
vt 1.39626 -0
vt 1.25664 0.00396875
vt 1.32645 -0
vt 1.18682 0.00396875
vt 1.25664 -0
vt 1.11701 0.00396875
vt 1.18682 -0
vt 1.0472 0.00396875
vt 1.11701 -0
vt 0.977384 0.00396875
vt 1.0472 -0
vt 0.907571 0.00396875
vt 0.977384 -0
vt 0.837758 0.00396875
vt 0.907571 -0
vt 0.767945 0.00396875
vt 0.837758 -0
vt 0.698132 0.00396875
vt 0.767945 -0
vt 0.628319 0.00396875
vt 0.698132 -0
vt 0.558505 0.00396875
vt 0.628319 -0
vt 0.488692 0.00396875
vt 0.558505 -0
vt 0.418879 0.00396875
vt 0.488692 -0
vt 0.349066 0.00396875
vt 0.418879 -0
vt 0.279253 0.00396875
vt 0.349066 -0
vt 0.20944 0.00396875
vt 0.279253 -0
vt 0.139626 0.00396875
vt 0.20944 -0
vt 0.0698132 0.00396875
vt 0.139626 -0
vt 0.0698132 -0
vt -0.0698132 0.00396875
vt 0 0.00396875
vt 0 -0
vt 6.14356 0.00396875
vt -0.0698132 -0
vt 6.07375 0.00396875
vt 6.14356 -0
vt 6.00393 0.00396875
vt 6.07375 -0
vt 5.93412 0.00396875
vt 6.00393 -0
vt 5.86431 0.00396875
vt 5.93412 -0
vt 5.79449 0.00396875
vt 5.86431 -0
vt 5.72468 0.00396875
vt 5.79449 -0
vt 5.65487 0.00396875
vt 5.72468 -0
vt 5.58505 0.00396875
vt 5.65487 -0
vt 5.51524 0.00396875
vt 5.58505 -0
vt 5.44543 0.00396875
vt 5.51524 -0
vt 5.37561 0.00396875
vt 5.44543 -0
vt 5.3058 0.00396875
vt 5.37561 -0
vt 5.23599 0.00396875
vt 5.3058 -0
vt 5.16617 0.00396875
vt 5.23599 -0
vt 5.09636 0.00396875
vt 5.16617 -0
vt 5.02655 0.00396875
vt 5.09636 -0
vt 4.95674 0.00396875
vt 5.02655 -0
vt 4.88692 0.00396875
vt 4.95674 -0
vt 4.81711 0.00396875
vt 4.88692 -0
vt 4.7473 0.00396875
vt 4.81711 -0
vt 4.67748 0.00396875
vt 4.7473 -0
vt 4.60767 0.00396875
vt 4.67748 -0
vt 4.53786 0.00396875
vt 4.60767 -0
vt 4.46804 0.00396875
vt 4.53786 -0
vt 4.39823 0.00396875
vt 4.46804 -0
vt 4.32842 0.00396875
vt 4.39823 -0
vt 4.2586 0.00396875
vt 4.32842 -0
vt 4.18879 0.00396875
vt 4.2586 -0
vt 4.11898 0.00396875
vt 4.18879 -0
vt 4.04916 0.00396875
vt 4.11898 -0
vt 3.97935 0.00396875
vt 4.04916 -0
vt 3.90954 0.00396875
vt 3.97935 -0
vt 3.83972 0.00396875
vt 3.90954 -0
vt 3.76991 0.00396875
vt 3.83972 -0
vt 3.7001 0.00396875
vt 3.76991 -0
vt 3.63028 0.00396875
vt 3.7001 -0
vt 3.56047 0.00396875
vt 3.63028 -0
vt 3.49066 0.00396875
vt 3.56047 -0
vt 3.42085 0.00396875
vt 3.49066 -0
vt 3.35103 0.00396875
vt 3.42085 -0
vt 3.28122 0.00396875
vt 3.35103 -0
vt 3.21141 0.00396875
vt 3.28122 -0
vt 3.14159 0.00396875
vt 3.21141 -0
vt 3.07178 0.00396875
vt 3.14159 -0
vt 3.00197 0.00396875
vt 3.07178 -0
vt 2.93215 0.00396875
vt 3.00197 -0
vt 2.86234 0.00396875
vt 2.93215 -0
vt 2.79253 0.00396875
vt 2.86234 -0
vt 2.72271 0.00396875
vt 2.79253 -0
vt 2.6529 0.00396875
vt 2.72271 -0
vt 2.58309 0.00396875
vt 2.6529 -0
vt 2.51327 0.00396875
vt 2.58309 -0
vt 2.44346 0.00396875
vt 2.51327 -0
vt 2.37365 0.00396875
vt 2.44346 -0
vt 2.30383 0.00396875
vt 2.37365 -0
vt 2.23402 0.00396875
vt 2.30383 -0
vt 2.16421 0.00396875
vt 2.23402 -0
vt 2.0944 0.00396875
vt 2.16421 -0
vt 2.02458 0.00396875
vt 2.0944 -0
vt 1.95477 0.00396875
vt 2.02458 -0
vt 1.88496 0.00396875
vt 1.95477 -0
vt 1.81514 0.00396875
vt 1.88496 -0
vt 1.74533 0.00396875
vt 1.81514 -0
vt 1.67552 0.00396875
vt 1.74533 -0
vt 1.6057 0.00396875
vt 1.67552 -0
vt 1.53589 0.00396875
vt 1.6057 -0
vt 1.46608 0.00396875
vt 1.53589 -0
vt 1.39626 0.00396875
vt 1.46608 -0
vt 1.32645 0.00396875
vt 1.39626 -0
vt 1.25664 0.00396875
vt 1.32645 -0
vt 1.18682 0.00396875
vt 1.25664 -0
vt 1.11701 0.00396875
vt 1.18682 -0
vt 1.0472 0.00396875
vt 1.11701 -0
vt 0.977384 0.00396875
vt 1.0472 -0
vt 0.907571 0.00396875
vt 0.977384 -0
vt 0.837758 0.00396875
vt 0.907571 -0
vt 0.767945 0.00396875
vt 0.837758 -0
vt 0.698132 0.00396875
vt 0.767945 -0
vt 0.628319 0.00396875
vt 0.698132 -0
vt 0.558505 0.00396875
vt 0.628319 -0
vt 0.488692 0.00396875
vt 0.558505 -0
vt 0.418879 0.00396875
vt 0.488692 -0
vt 0.349066 0.00396875
vt 0.418879 -0
vt 0.279253 0.00396875
vt 0.349066 -0
vt 0.20944 0.00396875
vt 0.279253 -0
vt 0.139626 0.00396875
vt 0.20944 -0
vt 0.0698132 0.00396875
vt 0.139626 -0
vt 0.0698132 -0
f 1/1/1 2/2/2 3/3/2
f 4/4/3 1/1/1 5/5/4
f 6/6/5 4/4/3 7/7/6
f 8/8/7 6/6/5 9/9/8
f 10/10/9 8/8/7 11/11/10
f 12/12/11 10/10/9 13/13/12
f 14/14/13 12/12/11 15/15/14
f 16/16/15 14/14/13 17/17/16
f 18/18/17 16/16/15 19/19/18
f 20/20/19 18/18/17 21/21/20
f 22/22/21 20/20/19 23/23/22
f 24/24/23 22/22/21 25/25/24
f 26/26/25 24/24/23 27/27/26
f 28/28/27 26/26/25 29/29/28
f 30/30/29 28/28/27 31/31/30
f 32/32/31 30/30/29 33/33/32
f 34/34/33 32/32/31 35/35/34
f 36/36/35 34/34/33 37/37/36
f 38/38/37 36/36/35 39/39/38
f 40/40/39 38/38/37 41/41/40
f 42/42/41 40/40/39 43/43/42
f 44/44/43 42/42/41 45/45/44
f 46/46/45 44/44/43 47/47/46
f 48/48/47 46/46/45 49/49/48
f 50/50/49 48/48/47 51/51/50
f 52/52/51 50/50/49 53/53/52
f 54/54/53 52/52/51 55/55/54
f 56/56/55 54/54/53 57/57/56
f 58/58/57 56/56/55 59/59/58
f 60/60/59 58/58/57 61/61/60
f 62/62/61 60/60/59 63/63/62
f 64/64/63 62/62/61 65/65/64
f 66/66/65 64/64/63 67/67/66
f 68/68/67 66/66/65 69/69/68
f 70/70/69 68/68/67 71/71/70
f 72/72/71 70/70/69 73/73/72
f 74/74/73 72/72/71 75/75/74
f 76/76/75 74/74/73 77/77/76
f 78/78/77 76/76/75 79/79/78
f 80/80/79 78/78/77 81/81/80
f 82/82/81 80/80/79 83/83/82
f 84/84/83 82/82/81 85/85/84
f 86/86/85 84/84/83 87/87/86
f 88/88/87 86/86/85 89/89/88
f 90/90/89 88/88/87 91/91/90
f 92/92/91 90/90/89 93/93/92
f 94/94/93 92/92/91 95/95/94
f 96/96/95 94/94/93 97/97/96
f 98/98/97 96/96/95 99/99/98
f 100/100/99 98/98/97 101/101/100
f 102/102/101 100/100/99 103/103/102
f 104/104/103 102/102/101 105/105/104
f 106/106/105 104/104/103 107/107/106
f 108/108/107 106/106/105 109/109/108
f 110/110/109 108/108/107 111/111/110
f 112/112/111 110/110/109 113/113/112
f 114/114/113 112/112/111 115/115/114
f 116/116/115 114/114/113 117/117/116
f 118/118/117 116/116/115 119/119/118
f 120/120/119 118/118/117 121/121/120
f 122/122/121 120/120/119 123/123/122
f 124/124/123 122/122/121 125/125/124
f 126/126/125 124/124/123 127/127/126
f 128/128/127 126/126/125 129/129/128
f 130/130/129 128/128/127 131/131/130
f 132/132/131 130/130/129 133/133/132
f 134/134/133 132/132/131 135/135/134
f 136/136/135 134/134/133 137/137/136
f 138/138/137 136/136/135 139/139/138
f 140/140/139 138/138/137 141/141/140
f 142/142/141 140/140/139 143/143/142
f 144/144/143 142/142/141 145/145/144
f 146/146/145 144/144/143 147/147/146
f 148/148/147 146/146/145 149/149/148
f 150/150/149 148/148/147 151/151/150
f 152/152/151 150/150/149 153/153/152
f 154/154/153 152/152/151 155/155/154
f 156/156/155 154/154/153 157/157/156
f 158/158/157 156/156/155 159/159/158
f 160/160/159 158/158/157 161/161/160
f 162/162/161 160/160/159 163/163/162
f 164/164/163 162/162/161 165/165/164
f 166/166/165 164/164/163 167/167/166
f 168/168/167 166/166/165 169/169/168
f 170/170/169 168/168/167 171/171/170
f 172/172/171 170/170/169 173/173/172
f 174/174/173 172/172/171 175/175/174
f 176/176/175 174/174/173 177/177/176
f 178/178/177 176/176/175 179/179/178
f 2/2/2 178/178/177 180/180/177
f 180/180/177 3/3/2 2/2/2
f 179/179/178 180/180/177 178/178/177
f 177/177/176 179/179/178 176/176/175
f 175/175/174 177/177/176 174/174/173
f 173/173/172 175/175/174 172/172/171
f 171/171/170 173/173/172 170/170/169
f 169/169/168 171/171/170 168/168/167
f 167/167/166 169/169/168 166/166/165
f 165/165/164 167/167/166 164/164/163
f 163/163/162 165/165/164 162/162/161
f 161/161/160 163/163/162 160/160/159
f 159/159/158 161/161/160 158/158/157
f 157/157/156 159/159/158 156/156/155
f 155/155/154 157/157/156 154/154/153
f 153/153/152 155/155/154 152/152/151
f 151/151/150 153/153/152 150/150/149
f 149/149/148 151/151/150 148/148/147
f 147/147/146 149/149/148 146/146/145
f 145/145/144 147/147/146 144/144/143
f 143/143/142 145/145/144 142/142/141
f 141/141/140 143/143/142 140/140/139
f 139/139/138 141/141/140 138/138/137
f 137/137/136 139/139/138 136/136/135
f 135/135/134 137/137/136 134/134/133
f 133/133/132 135/135/134 132/132/131
f 131/131/130 133/133/132 130/130/129
f 129/129/128 131/131/130 128/128/127
f 127/127/126 129/129/128 126/126/125
f 125/125/124 127/127/126 124/124/123
f 123/123/122 125/125/124 122/122/121
f 121/121/120 123/123/122 120/120/119
f 119/119/118 121/121/120 118/118/117
f 117/117/116 119/119/118 116/116/115
f 115/115/114 117/117/116 114/114/113
f 113/113/112 115/115/114 112/112/111
f 111/111/110 113/113/112 110/110/109
f 109/109/108 111/111/110 108/108/107
f 107/107/106 109/109/108 106/106/105
f 105/105/104 107/107/106 104/104/103
f 103/103/102 105/105/104 102/102/101
f 101/101/100 103/103/102 100/100/99
f 99/99/98 101/101/100 98/98/97
f 97/97/96 99/99/98 96/96/95
f 95/95/94 97/97/96 94/94/93
f 93/93/92 95/95/94 92/92/91
f 91/91/90 93/93/92 90/90/89
f 89/89/88 91/91/90 88/88/87
f 87/87/86 89/89/88 86/86/85
f 85/85/84 87/87/86 84/84/83
f 83/83/82 85/85/84 82/82/81
f 81/81/80 83/83/82 80/80/79
f 79/79/78 81/81/80 78/78/77
f 77/77/76 79/79/78 76/76/75
f 75/75/74 77/77/76 74/74/73
f 73/73/72 75/75/74 72/72/71
f 71/71/70 73/73/72 70/70/69
f 69/69/68 71/71/70 68/68/67
f 67/67/66 69/69/68 66/66/65
f 65/65/64 67/67/66 64/64/63
f 63/63/62 65/65/64 62/62/61
f 61/61/60 63/63/62 60/60/59
f 59/59/58 61/61/60 58/58/57
f 57/57/56 59/59/58 56/56/55
f 55/55/54 57/57/56 54/54/53
f 53/53/52 55/55/54 52/52/51
f 51/51/50 53/53/52 50/50/49
f 49/49/48 51/51/50 48/48/47
f 47/47/46 49/49/48 46/46/45
f 45/45/44 47/47/46 44/44/43
f 43/43/42 45/45/44 42/42/41
f 41/41/40 43/43/42 40/40/39
f 39/39/38 41/41/40 38/38/37
f 37/37/36 39/39/38 36/36/35
f 35/35/34 37/37/36 34/34/33
f 33/33/32 35/35/34 32/32/31
f 31/31/30 33/33/32 30/30/29
f 29/29/28 31/31/30 28/28/27
f 27/27/26 29/29/28 26/26/25
f 25/25/24 27/27/26 24/24/23
f 23/23/22 25/25/24 22/22/21
f 21/21/20 23/23/22 20/20/19
f 19/19/18 21/21/20 18/18/17
f 17/17/16 19/19/18 16/16/15
f 15/15/14 17/17/16 14/14/13
f 13/13/12 15/15/14 12/12/11
f 11/11/10 13/13/12 10/10/9
f 9/9/8 11/11/10 8/8/7
f 7/7/6 9/9/8 6/6/5
f 5/5/4 7/7/6 4/4/3
f 3/3/2 5/5/4 1/1/1
f 181/181/179 695/182/179 696/183/179
f 182/184/179 183/185/179 184/186/179
f 183/185/179 185/187/179 184/186/179
f 182/184/179 186/188/179 187/189/179
f 184/186/179 188/190/179 182/184/179
f 182/184/179 189/191/179 190/192/179
f 182/184/179 191/193/179 186/188/179
f 183/185/179 192/194/179 185/187/179
f 183/185/179 193/195/179 194/196/179
f 190/192/179 195/197/179 182/184/179
f 182/184/179 196/198/179 197/199/179
f 188/190/179 191/193/179 182/184/179
f 194/196/179 198/200/179 183/185/179
f 183/185/179 199/201/179 200/202/179
f 197/199/179 189/191/179 182/184/179
f 198/200/179 192/194/179 183/185/179
f 183/185/179 201/203/179 202/204/179
f 200/202/179 203/205/179 183/185/179
f 187/189/179 196/198/179 182/184/179
f 203/205/179 201/203/179 183/185/179
f 695/182/179 204/206/179 205/207/179
f 182/184/179 206/208/179 207/209/179
f 202/204/179 193/195/179 183/185/179
f 183/185/179 208/210/179 209/211/179
f 183/185/179 210/212/179 211/213/179
f 183/185/179 696/183/179 212/214/179
f 695/182/179 213/215/179 214/216/179
f 695/182/179 215/217/179 216/218/179
f 695/182/179 217/219/179 218/220/179
f 695/182/179 207/209/179 204/206/179
f 182/184/179 219/221/179 206/208/179
f 182/184/179 220/222/179 221/223/179
f 195/197/179 222/224/179 182/184/179
f 209/211/179 223/225/179 183/185/179
f 183/185/179 224/226/179 210/212/179
f 212/214/179 225/227/179 183/185/179
f 696/183/179 226/228/179 227/229/179
f 696/183/179 228/230/179 229/231/179
f 695/182/179 230/232/179 231/233/179
f 695/182/179 232/234/179 233/235/179
f 214/216/179 234/236/179 695/182/179
f 218/220/179 215/217/179 695/182/179
f 207/209/179 695/182/179 182/184/179
f 182/184/179 235/237/179 236/238/179
f 182/184/179 237/239/179 238/240/179
f 182/184/179 239/241/179 240/242/179
f 222/224/179 220/222/179 182/184/179
f 211/213/179 208/210/179 183/185/179
f 183/185/179 241/243/179 242/244/179
f 183/185/179 243/245/179 244/246/179
f 696/183/179 245/247/179 212/214/179
f 696/183/179 246/248/179 247/249/179
f 229/231/179 226/228/179 696/183/179
f 696/183/179 248/250/179 249/251/179
f 695/182/179 250/252/179 230/232/179
f 233/235/179 251/253/179 695/182/179
f 695/182/179 252/254/179 213/215/179
f 695/182/179 253/255/179 254/256/179
f 695/182/179 255/257/179 256/258/179
f 205/207/179 217/219/179 695/182/179
f 238/240/179 235/237/179 182/184/179
f 240/242/179 257/259/179 182/184/179
f 223/225/179 199/201/179 183/185/179
f 244/246/179 241/243/179 183/185/179
f 247/249/179 245/247/179 696/183/179
f 249/251/179 228/230/179 696/183/179
f 696/183/179 258/260/179 259/261/179
f 696/183/179 260/262/179 261/263/179
f 251/253/179 250/252/179 695/182/179
f 254/256/179 252/254/179 695/182/179
f 695/182/179 262/264/179 263/265/179
f 216/218/179 255/257/179 695/182/179
f 257/259/179 237/239/179 182/184/179
f 242/244/179 224/226/179 183/185/179
f 227/229/179 246/248/179 696/183/179
f 696/183/179 264/266/179 265/267/179
f 696/183/179 266/268/179 267/269/179
f 696/183/179 268/270/179 269/271/179
f 261/263/179 258/260/179 696/183/179
f 696/183/179 231/233/179 270/272/179
f 234/236/179 232/234/179 695/182/179
f 695/182/179 271/273/179 262/264/179
f 236/238/179 219/221/179 182/184/179
f 225/227/179 243/245/179 183/185/179
f 696/183/179 272/274/179 264/266/179
f 269/271/179 266/268/179 696/183/179
f 270/272/179 260/262/179 696/183/179
f 263/265/179 253/255/179 695/182/179
f 221/223/179 239/241/179 182/184/179
f 696/183/179 273/275/179 272/274/179
f 259/261/179 268/270/179 696/183/179
f 256/258/179 271/273/179 695/182/179
f 267/269/179 273/275/179 696/183/179
f 265/267/179 248/250/179 696/183/179
f 274/276/179 696/183/179 697/277/179
f 275/278/179 276/279/179 277/280/179
f 277/280/179 183/185/179 275/278/179
f 183/185/179 278/281/179 279/282/179
f 277/280/179 280/283/179 183/185/179
f 183/185/179 281/284/179 282/285/179
f 183/185/179 283/286/179 278/281/179
f 275/278/179 284/287/179 276/279/179
f 275/278/179 285/288/179 286/289/179
f 282/285/179 287/290/179 183/185/179
f 183/185/179 288/291/179 289/292/179
f 280/283/179 283/286/179 183/185/179
f 286/289/179 290/293/179 275/278/179
f 275/278/179 291/294/179 292/295/179
f 289/292/179 281/284/179 183/185/179
f 290/293/179 284/287/179 275/278/179
f 275/278/179 293/296/179 294/297/179
f 292/295/179 295/298/179 275/278/179
f 279/282/179 288/291/179 183/185/179
f 295/298/179 293/296/179 275/278/179
f 696/183/179 296/299/179 297/300/179
f 183/185/179 298/301/179 299/302/179
f 294/297/179 285/288/179 275/278/179
f 275/278/179 300/303/179 301/304/179
f 275/278/179 302/305/179 303/306/179
f 275/278/179 697/277/179 304/307/179
f 696/183/179 305/308/179 306/309/179
f 696/183/179 307/310/179 308/311/179
f 696/183/179 309/312/179 310/313/179
f 696/183/179 299/302/179 296/299/179
f 183/185/179 311/314/179 298/301/179
f 183/185/179 312/315/179 313/316/179
f 287/290/179 314/317/179 183/185/179
f 301/304/179 315/318/179 275/278/179
f 275/278/179 316/319/179 302/305/179
f 304/307/179 317/320/179 275/278/179
f 697/277/179 318/321/179 319/322/179
f 697/277/179 320/323/179 321/324/179
f 696/183/179 322/325/179 323/326/179
f 306/309/179 324/327/179 696/183/179
f 310/313/179 307/310/179 696/183/179
f 299/302/179 696/183/179 183/185/179
f 183/185/179 325/328/179 326/329/179
f 183/185/179 327/330/179 328/331/179
f 183/185/179 329/332/179 330/333/179
f 314/317/179 312/315/179 183/185/179
f 303/306/179 300/303/179 275/278/179
f 275/278/179 331/334/179 332/335/179
f 275/278/179 333/336/179 334/337/179
f 697/277/179 335/338/179 304/307/179
f 697/277/179 336/339/179 337/340/179
f 321/324/179 318/321/179 697/277/179
f 697/277/179 338/341/179 339/342/179
f 696/183/179 340/343/179 341/344/179
f 323/326/179 342/345/179 696/183/179
f 696/183/179 343/346/179 305/308/179
f 696/183/179 344/347/179 345/348/179
f 696/183/179 346/349/179 347/350/179
f 297/300/179 309/312/179 696/183/179
f 328/331/179 325/328/179 183/185/179
f 330/333/179 348/351/179 183/185/179
f 315/318/179 291/294/179 275/278/179
f 334/337/179 331/334/179 275/278/179
f 337/340/179 335/338/179 697/277/179
f 339/342/179 320/323/179 697/277/179
f 697/277/179 349/352/179 350/353/179
f 697/277/179 351/354/179 352/355/179
f 697/277/179 696/183/179 353/356/179
f 342/345/179 340/343/179 696/183/179
f 345/348/179 343/346/179 696/183/179
f 696/183/179 354/357/179 355/358/179
f 308/311/179 346/349/179 696/183/179
f 348/351/179 327/330/179 183/185/179
f 332/335/179 316/319/179 275/278/179
f 319/322/179 336/339/179 697/277/179
f 697/277/179 356/359/179 357/360/179
f 697/277/179 358/361/179 359/362/179
f 697/277/179 360/363/179 361/364/179
f 352/355/179 349/352/179 697/277/179
f 353/356/179 362/365/179 697/277/179
f 324/327/179 322/325/179 696/183/179
f 696/183/179 363/366/179 354/357/179
f 326/329/179 311/314/179 183/185/179
f 317/320/179 333/336/179 275/278/179
f 697/277/179 364/367/179 356/359/179
f 361/364/179 358/361/179 697/277/179
f 362/365/179 351/354/179 697/277/179
f 355/358/179 344/347/179 696/183/179
f 313/316/179 329/332/179 183/185/179
f 697/277/179 365/368/179 364/367/179
f 350/353/179 360/363/179 697/277/179
f 347/350/179 363/366/179 696/183/179
f 359/362/179 365/368/179 697/277/179
f 357/360/179 338/341/179 697/277/179
f 366/369/179 697/277/179 698/370/179
f 367/371/179 368/372/179 369/373/179
f 369/373/179 275/278/179 367/371/179
f 275/278/179 370/374/179 371/375/179
f 369/373/179 372/376/179 275/278/179
f 275/278/179 373/377/179 370/374/179
f 367/371/179 374/378/179 368/372/179
f 367/371/179 375/379/179 376/380/179
f 275/278/179 377/381/179 378/382/179
f 275/278/179 379/383/179 380/384/179
f 372/376/179 373/377/179 275/278/179
f 376/380/179 381/385/179 367/371/179
f 367/371/179 382/386/179 383/387/179
f 367/371/179 384/388/179 385/389/179
f 367/371/179 386/390/179 387/391/179
f 367/371/179 698/370/179 388/392/179
f 380/384/179 377/381/179 275/278/179
f 381/385/179 374/378/179 367/371/179
f 367/371/179 389/393/179 390/394/179
f 383/387/179 391/395/179 367/371/179
f 367/371/179 392/396/179 393/397/179
f 387/391/179 384/388/179 367/371/179
f 698/370/179 394/398/179 388/392/179
f 698/370/179 395/399/179 396/400/179
f 698/370/179 397/401/179 398/402/179
f 697/277/179 399/403/179 400/404/179
f 697/277/179 401/405/179 402/406/179
f 275/278/179 403/407/179 404/408/179
f 275/278/179 405/409/179 406/410/179
f 371/375/179 379/383/179 275/278/179
f 391/395/179 389/393/179 367/371/179
f 385/389/179 392/396/179 367/371/179
f 698/370/179 407/411/179 394/398/179
f 698/370/179 408/412/179 409/413/179
f 398/402/179 395/399/179 698/370/179
f 697/277/179 410/414/179 411/415/179
f 400/404/179 412/416/179 697/277/179
f 697/277/179 413/417/179 414/418/179
f 697/277/179 415/419/179 416/420/179
f 697/277/179 404/408/179 401/405/179
f 275/278/179 417/421/179 403/407/179
f 406/410/179 418/422/179 275/278/179
f 275/278/179 419/423/179 420/424/179
f 390/394/179 375/379/179 367/371/179
f 388/392/179 386/390/179 367/371/179
f 396/400/179 408/412/179 698/370/179
f 698/370/179 421/425/179 422/426/179
f 697/277/179 423/427/179 424/428/179
f 411/415/179 425/429/179 697/277/179
f 697/277/179 426/430/179 399/403/179
f 697/277/179 427/431/179 428/432/179
f 416/420/179 413/417/179 697/277/179
f 404/408/179 697/277/179 275/278/179
f 275/278/179 429/433/179 430/434/179
f 275/278/179 431/435/179 432/436/179
f 420/424/179 405/409/179 275/278/179
f 367/371/179 433/437/179 382/386/179
f 367/371/179 434/438/179 435/439/179
f 409/413/179 407/411/179 698/370/179
f 698/370/179 436/440/179 437/441/179
f 422/426/179 438/442/179 698/370/179
f 698/370/179 439/443/179 440/444/179
f 698/370/179 441/445/179 442/446/179
f 698/370/179 697/277/179 443/447/179
f 425/429/179 423/427/179 697/277/179
f 428/432/179 426/430/179 697/277/179
f 697/277/179 444/448/179 445/449/179
f 697/277/179 446/450/179 447/451/179
f 402/406/179 415/419/179 697/277/179
f 432/436/179 429/433/179 275/278/179
f 275/278/179 448/452/179 449/453/179
f 378/382/179 419/423/179 275/278/179
f 367/371/179 450/454/179 451/455/179
f 393/397/179 434/438/179 367/371/179
f 438/442/179 436/440/179 698/370/179
f 698/370/179 452/456/179 453/457/179
f 698/370/179 454/458/179 455/459/179
f 442/446/179 439/443/179 698/370/179
f 443/447/179 456/460/179 698/370/179
f 412/416/179 410/414/179 697/277/179
f 697/277/179 457/461/179 444/448/179
f 414/418/179 446/450/179 697/277/179
f 449/453/179 431/435/179 275/278/179
f 451/455/179 433/437/179 367/371/179
f 437/441/179 397/401/179 698/370/179
f 455/459/179 452/456/179 698/370/179
f 456/460/179 441/445/179 698/370/179
f 445/449/179 427/431/179 697/277/179
f 430/434/179 417/421/179 275/278/179
f 435/439/179 450/454/179 367/371/179
f 440/444/179 454/458/179 698/370/179
f 447/451/179 457/461/179 697/277/179
f 453/457/179 421/425/179 698/370/179
f 418/422/179 448/452/179 275/278/179
f 458/462/179 698/370/179 699/463/179
f 367/371/179 459/464/179 460/465/179
f 367/371/179 461/466/179 462/467/179
f 459/464/179 463/468/179 460/465/179
f 698/370/179 464/469/179 465/470/179
f 698/370/179 466/471/179 467/472/179
f 367/371/179 468/473/179 469/474/179
f 460/465/179 461/466/179 367/371/179
f 459/464/179 470/475/179 471/476/179
f 698/370/179 472/477/179 464/469/179
f 698/370/179 473/478/179 474/479/179
f 467/472/179 475/480/179 698/370/179
f 367/371/179 476/481/179 477/482/179
f 367/371/179 478/483/179 479/484/179
f 469/474/179 480/485/179 367/371/179
f 367/371/179 481/486/179 482/487/179
f 367/371/179 483/488/179 484/489/179
f 367/371/179 485/490/179 486/491/179
f 471/476/179 463/468/179 459/464/179
f 459/464/179 487/492/179 488/493/179
f 698/370/179 489/494/179 472/477/179
f 475/480/179 473/478/179 698/370/179
f 698/370/179 490/495/179 491/496/179
f 698/370/179 492/497/179 493/498/179
f 367/371/179 494/499/179 492/497/179
f 477/482/179 495/500/179 367/371/179
f 480/485/179 478/483/179 367/371/179
f 367/371/179 496/501/179 481/486/179
f 367/371/179 497/502/179 483/488/179
f 462/467/179 485/490/179 367/371/179
f 459/464/179 498/503/179 499/504/179
f 488/493/179 500/505/179 459/464/179
f 459/464/179 501/506/179 502/507/179
f 459/464/179 503/508/179 504/509/179
f 459/464/179 699/463/179 505/510/179
f 699/463/179 506/511/179 507/512/179
f 699/463/179 508/513/179 509/514/179
f 699/463/179 510/515/179 511/516/179
f 698/370/179 512/517/179 513/518/179
f 698/370/179 514/519/179 515/520/179
f 698/370/179 516/521/179 489/494/179
f 698/370/179 517/522/179 518/523/179
f 491/496/179 466/471/179 698/370/179
f 492/497/179 698/370/179 367/371/179
f 479/484/179 476/481/179 367/371/179
f 367/371/179 519/524/179 520/525/179
f 484/489/179 496/501/179 367/371/179
f 499/504/179 470/475/179 459/464/179
f 459/464/179 521/526/179 522/527/179
f 459/464/179 523/528/179 487/492/179
f 459/464/179 524/529/179 525/530/179
f 504/509/179 501/506/179 459/464/179
f 699/463/179 526/531/179 505/510/179
f 699/463/179 527/532/179 528/533/179
f 699/463/179 529/534/179 530/535/179
f 699/463/179 531/536/179 506/511/179
f 509/514/179 532/537/179 699/463/179
f 511/516/179 533/538/179 699/463/179
f 698/370/179 534/539/179 535/540/179
f 515/520/179 512/517/179 698/370/179
f 518/523/179 516/521/179 698/370/179
f 698/370/179 536/541/179 537/542/179
f 493/498/179 490/495/179 698/370/179
f 520/525/179 468/473/179 367/371/179
f 486/491/179 497/502/179 367/371/179
f 500/505/179 521/526/179 459/464/179
f 502/507/179 524/529/179 459/464/179
f 699/463/179 538/543/179 526/531/179
f 699/463/179 539/544/179 540/545/179
f 530/535/179 527/532/179 699/463/179
f 699/463/179 541/546/179 531/536/179
f 699/463/179 542/547/179 543/548/179
f 533/538/179 508/513/179 699/463/179
f 513/518/179 534/539/179 698/370/179
f 537/542/179 517/522/179 698/370/179
f 495/500/179 494/499/179 367/371/179
f 522/527/179 498/503/179 459/464/179
f 505/510/179 503/508/179 459/464/179
f 528/533/179 539/544/179 699/463/179
f 543/548/179 541/546/179 699/463/179
f 699/463/179 535/540/179 510/515/179
f 465/470/179 514/519/179 698/370/179
f 482/487/179 519/524/179 367/371/179
f 459/464/179 544/549/179 545/550/179
f 540/545/179 538/543/179 699/463/179
f 699/463/179 546/551/179 547/552/179
f 532/537/179 542/547/179 699/463/179
f 474/479/179 536/541/179 698/370/179
f 459/464/179 548/553/179 549/554/179
f 525/530/179 544/549/179 459/464/179
f 507/512/179 546/551/179 699/463/179
f 549/554/179 523/528/179 459/464/179
f 547/552/179 529/534/179 699/463/179
f 545/550/179 548/553/179 459/464/179
f 550/555/179 699/463/179 700/556/179
f 459/464/179 92/557/179 94/558/179
f 459/464/179 88/559/179 90/560/179
f 699/463/179 166/561/179 168/562/179
f 699/463/179 142/563/179 144/564/179
f 459/464/179 124/565/179 126/566/179
f 90/560/179 92/557/179 459/464/179
f 459/464/179 84/567/179 86/568/179
f 699/463/179 164/569/179 166/561/179
f 699/463/179 148/570/179 150/571/179
f 144/564/179 146/572/179 699/463/179
f 459/464/179 128/573/179 130/574/179
f 459/464/179 122/575/179 124/565/179
f 459/464/179 116/576/179 118/577/179
f 459/464/179 108/578/179 110/579/179
f 459/464/179 102/580/179 104/581/179
f 459/464/179 96/582/179 98/583/179
f 86/568/179 88/559/179 459/464/179
f 551/584/179 80/585/179 82/586/179
f 700/556/179 699/463/179 1/587/179
f 699/463/179 162/588/179 164/569/179
f 146/572/179 148/570/179 699/463/179
f 699/463/179 138/589/179 140/590/179
f 699/463/179 134/591/179 136/592/179
f 459/464/179 132/593/179 134/591/179
f 126/566/179 128/573/179 459/464/179
f 118/577/179 120/594/179 459/464/179
f 459/464/179 106/595/179 108/578/179
f 459/464/179 100/596/179 102/580/179
f 94/558/179 96/582/179 459/464/179
f 82/586/179 459/464/179 551/584/179
f 551/584/179 72/597/179 74/598/179
f 551/584/179 68/599/179 70/600/179
f 551/584/179 52/601/179 54/602/179
f 551/584/179 48/603/179 50/604/179
f 700/556/179 8/605/179 10/606/179
f 1/587/179 4/607/179 700/556/179
f 699/463/179 174/608/179 176/609/179
f 699/463/179 170/610/179 172/611/179
f 699/463/179 160/612/179 162/588/179
f 699/463/179 156/613/179 158/614/179
f 140/590/179 142/563/179 699/463/179
f 134/591/179 699/463/179 459/464/179
f 120/594/179 122/575/179 459/464/179
f 459/464/179 112/615/179 114/616/179
f 104/581/179 106/595/179 459/464/179
f 82/586/179 84/567/179 459/464/179
f 551/584/179 76/617/179 78/618/179
f 70/600/179 72/597/179 551/584/179
f 551/584/179 56/619/179 58/620/179
f 50/604/179 52/601/179 551/584/179
f 551/584/179 44/621/179 46/622/179
f 700/556/179 42/623/179 44/621/179
f 700/556/179 34/624/179 36/625/179
f 700/556/179 30/626/179 32/627/179
f 700/556/179 20/628/179 22/629/179
f 700/556/179 14/630/179 16/631/179
f 10/606/179 12/632/179 700/556/179
f 4/607/179 6/633/179 700/556/179
f 172/611/179 174/608/179 699/463/179
f 158/614/179 160/612/179 699/463/179
f 699/463/179 152/634/179 154/635/179
f 136/592/179 138/589/179 699/463/179
f 114/616/179 116/576/179 459/464/179
f 98/583/179 100/596/179 459/464/179
f 74/598/179 76/617/179 551/584/179
f 54/602/179 56/619/179 551/584/179
f 44/621/179 551/584/179 700/556/179
f 700/556/179 38/636/179 40/637/179
f 32/627/179 34/624/179 700/556/179
f 22/629/179 24/638/179 700/556/179
f 16/631/179 18/639/179 700/556/179
f 6/633/179 8/605/179 700/556/179
f 176/609/179 178/640/179 699/463/179
f 154/635/179 156/613/179 699/463/179
f 130/574/179 132/593/179 459/464/179
f 78/618/179 80/585/179 551/584/179
f 46/622/179 48/603/179 551/584/179
f 36/625/179 38/636/179 700/556/179
f 18/639/179 20/628/179 700/556/179
f 699/463/179 2/641/179 1/587/179
f 168/562/179 170/610/179 699/463/179
f 110/579/179 112/615/179 459/464/179
f 551/584/179 60/642/179 62/643/179
f 40/637/179 42/623/179 700/556/179
f 700/556/179 26/644/179 28/645/179
f 12/632/179 14/630/179 700/556/179
f 150/571/179 152/634/179 699/463/179
f 551/584/179 64/646/179 66/647/179
f 58/620/179 60/642/179 551/584/179
f 24/638/179 26/644/179 700/556/179
f 66/647/179 68/599/179 551/584/179
f 28/645/179 30/626/179 700/556/179
f 62/643/179 64/646/179 551/584/179
f 552/648/179 700/556/179 553/649/179
f 700/556/179 551/584/179 554/650/179
f 555/651/179 556/652/179 557/653/179
f 557/653/179 558/654/179 555/651/179
f 695/182/179 181/181/179 556/652/179
f 556/652/179 555/651/179 695/182/179
f 559/655/179 560/656/179 561/657/179
f 559/655/179 562/658/179 560/656/179
f 559/655/179 563/659/179 564/660/179
f 559/655/179 565/661/179 566/662/179
f 559/655/179 567/663/179 562/658/179
f 559/655/179 568/664/179 563/659/179
f 559/655/179 569/665/179 570/666/179
f 566/662/179 571/667/179 559/655/179
f 572/668/179 573/669/179 574/670/179
f 564/660/179 567/663/179 559/655/179
f 559/655/179 575/671/179 576/672/179
f 570/666/179 577/673/179 559/655/179
f 571/667/179 578/674/179 559/655/179
f 572/668/179 579/675/179 580/676/179
f 572/668/179 581/677/179 582/678/179
f 574/670/179 583/679/179 572/668/179
f 576/672/179 568/664/179 559/655/179
f 559/655/179 584/680/179 585/681/179
f 559/655/179 586/682/179 587/683/179
f 578/674/179 569/665/179 559/655/179
f 559/655/179 588/684/179 589/685/179
f 559/655/179 590/686/179 591/687/179
f 592/688/179 182/184/179 593/689/179
f 182/184/179 594/690/179 595/691/179
f 582/678/179 579/675/179 572/668/179
f 583/679/179 596/692/179 572/668/179
f 585/681/179 575/671/179 559/655/179
f 577/673/179 586/682/179 559/655/179
f 559/655/179 597/693/179 588/684/179
f 591/687/179 598/694/179 559/655/179
f 592/688/179 599/695/179 600/696/179
f 595/691/179 593/689/179 182/184/179
f 596/692/179 581/677/179 572/668/179
f 587/683/179 584/680/179 559/655/179
f 559/655/179 601/697/179 602/698/179
f 598/694/179 597/693/179 559/655/179
f 592/688/179 603/699/179 599/695/179
f 182/184/179 604/700/179 594/690/179
f 182/184/179 605/701/179 606/702/179
f 580/676/179 607/703/179 572/668/179
f 561/657/179 608/704/179 559/655/179
f 559/655/179 572/668/179 609/705/179
f 589/685/179 601/697/179 559/655/179
f 592/688/179 610/706/179 611/707/179
f 592/688/179 612/708/179 613/709/179
f 593/689/179 603/699/179 592/688/179
f 606/702/179 614/710/179 182/184/179
f 182/184/179 615/711/179 616/712/179
f 555/651/179 617/713/179 618/714/179
f 619/715/179 620/716/179 555/651/179
f 607/703/179 609/705/179 572/668/179
f 609/705/179 565/661/179 559/655/179
f 559/655/179 621/717/179 590/686/179
f 622/718/179 623/719/179 624/720/179
f 613/709/179 610/706/179 592/688/179
f 614/710/179 604/700/179 182/184/179
f 182/184/179 625/721/179 626/722/179
f 616/712/179 627/723/179 182/184/179
f 182/184/179 628/724/179 629/725/179
f 182/184/179 630/726/179 631/727/179
f 555/651/179 632/728/179 633/729/179
f 555/651/179 634/730/179 635/731/179
f 618/714/179 636/732/179 555/651/179
f 555/651/179 637/733/179 638/734/179
f 555/651/179 574/670/179 619/715/179
f 608/704/179 621/717/179 559/655/179
f 602/698/179 639/735/179 640/736/179
f 639/735/179 602/698/179 641/737/179
f 622/718/179 641/737/179 623/719/179
f 592/688/179 642/738/179 643/739/179
f 600/696/179 612/708/179 592/688/179
f 627/723/179 625/721/179 182/184/179
f 629/725/179 644/740/179 182/184/179
f 182/184/179 645/741/179 630/726/179
f 182/184/179 695/182/179 646/742/179
f 633/729/179 695/182/179 555/651/179
f 635/731/179 647/743/179 555/651/179
f 555/651/179 648/744/179 617/713/179
f 555/651/179 649/745/179 650/746/179
f 620/716/179 637/733/179 555/651/179
f 602/698/179 640/736/179 559/655/179
f 641/737/179 651/747/179 652/748/179
f 624/720/179 653/749/179 622/718/179
f 653/749/179 624/720/179 654/750/179
f 655/751/179 654/750/179 592/688/179
f 643/739/179 656/752/179 592/688/179
f 592/688/179 657/753/179 658/754/179
f 626/722/179 605/701/179 182/184/179
f 631/727/179 628/724/179 182/184/179
f 646/742/179 659/755/179 182/184/179
f 695/182/179 660/756/179 661/757/179
f 695/182/179 662/758/179 663/759/179
f 647/743/179 632/728/179 555/651/179
f 650/746/179 648/744/179 555/651/179
f 555/651/179 664/760/179 665/761/179
f 555/651/179 666/762/179 667/763/179
f 573/669/179 619/715/179 574/670/179
f 622/718/179 651/747/179 641/737/179
f 592/688/179 668/764/179 655/751/179
f 658/754/179 642/738/179 592/688/179
f 644/740/179 615/711/179 182/184/179
f 182/184/179 669/765/179 670/766/179
f 182/184/179 671/767/179 672/768/179
f 695/182/179 673/769/179 646/742/179
f 695/182/179 674/770/179 675/771/179
f 663/759/179 660/756/179 695/182/179
f 695/182/179 676/772/179 677/773/179
f 695/182/179 678/774/179 679/775/179
f 695/182/179 680/776/179 681/777/179
f 636/732/179 634/730/179 555/651/179
f 555/651/179 682/778/179 664/760/179
f 638/734/179 666/762/179 555/651/179
f 654/750/179 655/751/179 653/749/179
f 611/707/179 657/753/179 592/688/179
f 672/768/179 669/765/179 182/184/179
f 675/771/179 673/769/179 695/182/179
f 677/773/179 662/758/179 695/182/179
f 695/182/179 683/779/179 684/780/179
f 695/182/179 685/781/179 686/782/179
f 695/182/179 687/783/179 688/784/179
f 681/777/179 678/774/179 695/182/179
f 695/182/179 689/785/179 690/786/179
f 665/761/179 649/745/179 555/651/179
f 641/737/179 652/748/179 639/735/179
f 670/766/179 645/741/179 182/184/179
f 661/757/179 674/770/179 695/182/179
f 695/182/179 691/787/179 683/779/179
f 688/784/179 685/781/179 695/182/179
f 690/786/179 680/776/179 695/182/179
f 667/763/179 682/778/179 555/651/179
f 659/755/179 671/767/179 182/184/179
f 695/182/179 692/788/179 691/787/179
f 679/775/179 687/783/179 695/182/179
f 656/752/179 668/764/179 592/688/179
f 686/782/179 692/788/179 695/182/179
f 684/780/179 676/772/179 695/182/179
f 633/729/179 689/785/179 695/182/179
f 558/654/179 693/789/179 555/651/179
f 554/650/179 553/649/179 700/556/179
f 553/649/179 694/790/179 552/648/179
f 178/640/179 2/641/179 699/463/179
f 700/556/179 552/648/179 550/555/179
f 535/540/179 699/463/179 698/370/179
f 699/463/179 550/555/179 458/462/179
f 424/428/179 443/447/179 697/277/179
f 698/370/179 458/462/179 366/369/179
f 341/344/179 353/356/179 696/183/179
f 697/277/179 366/369/179 274/276/179
f 231/233/179 696/183/179 695/182/179
f 696/183/179 274/276/179 181/181/179
f 701/791/180 702/792/180 703/793/180
f 1215/794/180 703/793/180 704/795/180
f 705/796/180 701/791/180 1215/794/180
f 706/797/180 131/798/180 129/799/180
f 706/797/180 99/800/180 97/801/180
f 706/797/180 109/802/180 107/803/180
f 706/797/180 115/804/180 113/805/180
f 706/797/180 123/806/180 121/807/180
f 129/799/180 127/808/180 706/797/180
f 706/797/180 135/809/180 133/810/180
f 1216/811/180 173/812/180 171/813/180
f 97/801/180 95/814/180 706/797/180
f 706/797/180 103/815/180 101/816/180
f 107/803/180 105/817/180 706/797/180
f 113/805/180 111/818/180 706/797/180
f 706/797/180 125/819/180 123/806/180
f 133/810/180 131/798/180 706/797/180
f 171/813/180 169/820/180 1216/811/180
f 101/816/180 99/800/180 706/797/180
f 111/818/180 109/802/180 706/797/180
f 706/797/180 119/821/180 117/822/180
f 127/808/180 125/819/180 706/797/180
f 706/797/180 1216/811/180 137/823/180
f 1216/811/180 149/824/180 147/825/180
f 169/820/180 167/826/180 1216/811/180
f 1216/811/180 177/827/180 175/828/180
f 1216/811/180 180/829/180 179/830/180
f 1216/811/180 9/831/180 7/832/180
f 1215/794/180 11/833/180 9/831/180
f 1215/794/180 15/834/180 13/835/180
f 105/817/180 103/815/180 706/797/180
f 121/807/180 119/821/180 706/797/180
f 1216/811/180 139/836/180 137/823/180
f 1216/811/180 151/837/180 149/824/180
f 1216/811/180 155/838/180 153/839/180
f 1216/811/180 163/840/180 161/841/180
f 167/826/180 165/842/180 1216/811/180
f 179/830/180 177/827/180 1216/811/180
f 1216/811/180 5/843/180 3/844/180
f 9/831/180 1216/811/180 1215/794/180
f 1215/794/180 17/845/180 15/834/180
f 117/822/180 115/804/180 706/797/180
f 1216/811/180 141/846/180 139/836/180
f 1216/811/180 145/847/180 143/848/180
f 153/839/180 151/837/180 1216/811/180
f 1216/811/180 159/849/180 157/850/180
f 165/842/180 163/840/180 1216/811/180
f 3/844/180 180/829/180 1216/811/180
f 13/835/180 11/833/180 1215/794/180
f 1215/794/180 29/851/180 27/852/180
f 1215/794/180 37/853/180 35/854/180
f 1215/794/180 41/855/180 39/856/180
f 137/823/180 135/809/180 706/797/180
f 147/825/180 145/847/180 1216/811/180
f 161/841/180 159/849/180 1216/811/180
f 7/832/180 5/843/180 1216/811/180
f 27/852/180 25/857/180 1215/794/180
f 39/856/180 37/853/180 1215/794/180
f 1215/794/180 45/858/180 43/859/180
f 1215/794/180 49/860/180 47/861/180
f 707/862/180 51/863/180 49/860/180
f 707/862/180 55/864/180 53/865/180
f 707/862/180 59/866/180 57/867/180
f 706/797/180 89/868/180 87/869/180
f 143/848/180 141/846/180 1216/811/180
f 175/828/180 173/812/180 1216/811/180
f 1215/794/180 21/870/180 19/871/180
f 25/857/180 23/872/180 1215/794/180
f 43/859/180 41/855/180 1215/794/180
f 49/860/180 1215/794/180 707/862/180
f 57/867/180 55/864/180 707/862/180
f 707/862/180 63/873/180 61/874/180
f 707/862/180 77/875/180 75/876/180
f 707/862/180 83/877/180 81/878/180
f 706/797/180 91/879/180 89/868/180
f 157/850/180 155/838/180 1216/811/180
f 23/872/180 21/870/180 1215/794/180
f 47/861/180 45/858/180 1215/794/180
f 61/874/180 59/866/180 707/862/180
f 75/876/180 73/880/180 707/862/180
f 81/878/180 79/881/180 707/862/180
f 707/862/180 87/869/180 85/882/180
f 706/797/180 93/883/180 91/879/180
f 19/871/180 17/845/180 1215/794/180
f 1215/794/180 33/884/180 31/885/180
f 53/865/180 51/863/180 707/862/180
f 707/862/180 67/886/180 65/887/180
f 79/881/180 77/875/180 707/862/180
f 87/869/180 707/862/180 706/797/180
f 31/885/180 29/851/180 1215/794/180
f 65/887/180 63/873/180 707/862/180
f 707/862/180 71/888/180 69/889/180
f 85/882/180 83/877/180 707/862/180
f 35/854/180 33/884/180 1215/794/180
f 73/880/180 71/888/180 707/862/180
f 69/889/180 67/886/180 707/862/180
f 708/890/180 705/796/180 1216/811/180
f 709/891/180 710/892/180 711/893/180
f 709/891/180 712/894/180 713/895/180
f 709/891/180 714/896/180 715/897/180
f 709/891/180 716/898/180 717/899/180
f 709/891/180 718/900/180 719/901/180
f 709/891/180 720/902/180 710/892/180
f 709/891/180 721/903/180 722/904/180
f 709/891/180 723/905/180 724/906/180
f 1217/907/180 725/908/180 726/909/180
f 715/897/180 712/894/180 709/891/180
f 709/891/180 727/910/180 728/911/180
f 717/899/180 729/912/180 709/891/180
f 719/901/180 730/913/180 709/891/180
f 722/904/180 720/902/180 709/891/180
f 709/891/180 731/914/180 723/905/180
f 726/909/180 732/915/180 1217/907/180
f 728/911/180 714/896/180 709/891/180
f 730/913/180 716/898/180 709/891/180
f 709/891/180 733/916/180 734/917/180
f 724/906/180 721/903/180 709/891/180
f 709/891/180 1217/907/180 735/918/180
f 1217/907/180 736/919/180 737/920/180
f 732/915/180 738/921/180 1217/907/180
f 1217/907/180 739/922/180 740/923/180
f 1217/907/180 741/924/180 742/925/180
f 1217/907/180 1216/811/180 743/926/180
f 1216/811/180 744/927/180 745/928/180
f 1216/811/180 746/929/180 747/930/180
f 729/912/180 727/910/180 709/891/180
f 711/893/180 733/916/180 709/891/180
f 1217/907/180 748/931/180 735/918/180
f 1217/907/180 749/932/180 736/919/180
f 1217/907/180 750/933/180 751/934/180
f 1217/907/180 752/935/180 753/936/180
f 738/921/180 754/937/180 1217/907/180
f 742/925/180 739/922/180 1217/907/180
f 1216/811/180 755/938/180 743/926/180
f 1216/811/180 756/939/180 744/927/180
f 1216/811/180 757/940/180 746/929/180
f 734/917/180 718/900/180 709/891/180
f 1217/907/180 758/941/180 748/931/180
f 1217/907/180 759/942/180 760/943/180
f 751/934/180 749/932/180 1217/907/180
f 1217/907/180 761/944/180 762/945/180
f 754/937/180 752/935/180 1217/907/180
f 743/926/180 741/924/180 1217/907/180
f 747/930/180 756/939/180 1216/811/180
f 1216/811/180 763/946/180 764/947/180
f 1216/811/180 765/948/180 766/949/180
f 1216/811/180 767/950/180 768/951/180
f 735/918/180 731/914/180 709/891/180
f 737/920/180 759/942/180 1217/907/180
f 753/936/180 761/944/180 1217/907/180
f 745/928/180 755/938/180 1216/811/180
f 764/947/180 769/952/180 1216/811/180
f 768/951/180 765/948/180 1216/811/180
f 1216/811/180 770/953/180 771/954/180
f 1216/811/180 772/955/180 773/956/180
f 706/797/180 774/957/180 772/955/180
f 706/797/180 775/958/180 776/959/180
f 706/797/180 777/960/180 778/961/180
f 706/797/180 779/962/180 780/963/180
f 760/943/180 758/941/180 1217/907/180
f 740/923/180 725/908/180 1217/907/180
f 1216/811/180 781/964/180 782/965/180
f 769/952/180 783/966/180 1216/811/180
f 771/954/180 767/950/180 1216/811/180
f 772/955/180 1216/811/180 706/797/180
f 778/961/180 775/958/180 706/797/180
f 706/797/180 784/967/180 785/968/180
f 706/797/180 786/969/180 779/962/180
f 706/797/180 787/970/180 788/971/180
f 762/945/180 750/933/180 1217/907/180
f 783/966/180 781/964/180 1216/811/180
f 773/956/180 770/953/180 1216/811/180
f 785/968/180 777/960/180 706/797/180
f 780/963/180 789/972/180 706/797/180
f 706/797/180 790/973/180 791/974/180
f 706/797/180 792/975/180 793/976/180
f 706/797/180 713/895/180 787/970/180
f 782/965/180 757/940/180 1216/811/180
f 1216/811/180 794/977/180 795/978/180
f 776/959/180 774/957/180 706/797/180
f 706/797/180 796/979/180 797/980/180
f 791/974/180 786/969/180 706/797/180
f 788/971/180 792/975/180 706/797/180
f 795/978/180 763/946/180 1216/811/180
f 797/980/180 784/967/180 706/797/180
f 706/797/180 798/981/180 799/982/180
f 793/976/180 790/973/180 706/797/180
f 766/949/180 794/977/180 1216/811/180
f 789/972/180 798/981/180 706/797/180
f 799/982/180 796/979/180 706/797/180
f 800/983/180 708/890/180 1217/907/180
f 1217/907/180 801/984/180 802/985/180
f 802/985/180 1218/986/180 1217/907/180
f 803/987/180 1218/986/180 804/988/180
f 1218/986/180 805/989/180 806/990/180
f 1218/986/180 807/991/180 808/992/180
f 802/985/180 809/993/180 1218/986/180
f 1217/907/180 810/994/180 811/995/180
f 1217/907/180 812/996/180 813/997/180
f 804/988/180 814/998/180 803/987/180
f 1218/986/180 815/999/180 805/989/180
f 1218/986/180 816/1000/180 807/991/180
f 1217/907/180 817/1001/180 801/984/180
f 1217/907/180 818/1002/180 819/1003/180
f 1217/907/180 820/1004/180 821/1005/180
f 813/997/180 810/994/180 1217/907/180
f 1217/907/180 822/1006/180 823/1007/180
f 1217/907/180 824/1008/180 825/1009/180
f 709/891/180 826/1010/180 824/1008/180
f 709/891/180 827/1011/180 828/1012/180
f 709/891/180 829/1013/180 830/1014/180
f 709/891/180 831/1015/180 832/1016/180
f 709/891/180 833/1017/180 834/1018/180
f 709/891/180 803/987/180 835/1019/180
f 1218/986/180 836/1020/180 804/988/180
f 1218/986/180 837/1021/180 838/1022/180
f 1218/986/180 839/1023/180 840/1024/180
f 1218/986/180 841/1025/180 842/1026/180
f 1218/986/180 843/1027/180 844/1028/180
f 806/990/180 845/1029/180 1218/986/180
f 809/993/180 816/1000/180 1218/986/180
f 821/1005/180 818/1002/180 1217/907/180
f 823/1007/180 812/996/180 1217/907/180
f 824/1008/180 1217/907/180 709/891/180
f 830/1014/180 827/1011/180 709/891/180
f 709/891/180 846/1030/180 847/1031/180
f 709/891/180 848/1032/180 831/1015/180
f 709/891/180 849/1033/180 850/1034/180
f 709/891/180 851/1035/180 833/1017/180
f 835/1019/180 852/1036/180 709/891/180
f 803/987/180 853/1037/180 854/1038/180
f 803/987/180 855/1039/180 856/1040/180
f 838/1022/180 836/1020/180 1218/986/180
f 842/1026/180 839/1023/180 1218/986/180
f 845/1029/180 843/1027/180 1218/986/180
f 819/1003/180 817/1001/180 1217/907/180
f 1217/907/180 857/1041/180 858/1042/180
f 1217/907/180 859/1043/180 860/1044/180
f 1217/907/180 861/1045/180 862/1046/180
f 825/1009/180 822/1006/180 1217/907/180
f 847/1031/180 829/1013/180 709/891/180
f 850/1034/180 848/1032/180 709/891/180
f 852/1036/180 851/1035/180 709/891/180
f 803/987/180 863/1047/180 864/1048/180
f 803/987/180 865/1049/180 866/1050/180
f 856/1040/180 853/1037/180 803/987/180
f 840/1024/180 837/1021/180 1218/986/180
f 1218/986/180 867/1051/180 868/1052/180
f 1218/986/180 869/1053/180 870/1054/180
f 808/992/180 815/999/180 1218/986/180
f 860/1044/180 857/1041/180 1217/907/180
f 1217/907/180 871/1055/180 861/1045/180
f 1217/907/180 872/1056/180 873/1057/180
f 828/1012/180 826/1010/180 709/891/180
f 709/891/180 874/1058/180 875/1059/180
f 834/1018/180 849/1033/180 709/891/180
f 803/987/180 876/1060/180 877/1061/180
f 864/1048/180 878/1062/180 803/987/180
f 803/987/180 879/1063/180 880/1064/180
f 803/987/180 881/1065/180 882/1066/180
f 803/987/180 883/1067/180 884/1068/180
f 854/1038/180 865/1049/180 803/987/180
f 868/1052/180 841/1025/180 1218/986/180
f 870/1054/180 885/1069/180 1218/986/180
f 858/1042/180 820/1004/180 1217/907/180
f 873/1057/180 871/1055/180 1217/907/180
f 875/1059/180 846/1030/180 709/891/180
f 709/891/180 886/1070/180 887/1071/180
f 832/1016/180 888/1072/180 709/891/180
f 878/1062/180 876/1060/180 803/987/180
f 882/1066/180 879/1063/180 803/987/180
f 803/987/180 889/1073/180 890/1074/180
f 803/987/180 891/1075/180 883/1067/180
f 814/998/180 855/1039/180 803/987/180
f 844/1028/180 869/1053/180 1218/986/180
f 811/995/180 872/1056/180 1217/907/180
f 888/1072/180 886/1070/180 709/891/180
f 880/1064/180 863/1047/180 803/987/180
f 884/1068/180 889/1073/180 803/987/180
f 885/1069/180 867/1051/180 1218/986/180
f 887/1071/180 874/1058/180 709/891/180
f 890/1074/180 881/1065/180 803/987/180
f 862/1046/180 859/1043/180 1217/907/180
f 866/1050/180 891/1075/180 803/987/180
f 892/1076/180 800/983/180 1218/986/180
f 1218/986/180 893/1077/180 894/1078/180
f 895/1079/180 1219/1080/180 896/1081/180
f 894/1078/180 1219/1080/180 1218/986/180
f 895/1079/180 897/1082/180 898/1083/180
f 895/1079/180 899/1084/180 900/1085/180
f 896/1081/180 901/1086/180 895/1079/180
f 1219/1080/180 902/1087/180 903/1088/180
f 1219/1080/180 904/1089/180 905/1090/180
f 894/1078/180 906/1091/180 1219/1080/180
f 895/1079/180 907/1092/180 908/1093/180
f 898/1083/180 909/1094/180 895/1079/180
f 895/1079/180 910/1095/180 911/1096/180
f 895/1079/180 912/1097/180 899/1084/180
f 1219/1080/180 913/1098/180 896/1081/180
f 1219/1080/180 914/1099/180 915/1100/180
f 1219/1080/180 916/1101/180 917/1102/180
f 1219/1080/180 918/1103/180 919/1104/180
f 1219/1080/180 920/1105/180 902/1087/180
f 1219/1080/180 921/1106/180 904/1089/180
f 1218/986/180 922/1107/180 893/1077/180
f 1218/986/180 923/1108/180 924/1109/180
f 1218/986/180 925/1110/180 926/1111/180
f 909/1094/180 907/1092/180 895/1079/180
f 900/1085/180 910/1095/180 895/1079/180
f 895/1079/180 927/1112/180 928/1113/180
f 895/1079/180 929/1114/180 930/1115/180
f 895/1079/180 931/1116/180 932/1117/180
f 915/1100/180 913/1098/180 1219/1080/180
f 919/1104/180 916/1101/180 1219/1080/180
f 1219/1080/180 933/1118/180 934/1119/180
f 903/1088/180 935/1120/180 1219/1080/180
f 906/1091/180 921/1106/180 1219/1080/180
f 926/1111/180 923/1108/180 1218/986/180
f 803/987/180 936/1121/180 937/1122/180
f 803/987/180 938/1123/180 939/1124/180
f 803/987/180 895/1079/180 940/1125/180
f 911/1096/180 897/1082/180 895/1079/180
f 895/1079/180 941/1126/180 927/1112/180
f 932/1117/180 929/1114/180 895/1079/180
f 917/1102/180 914/1099/180 1219/1080/180
f 1219/1080/180 942/1127/180 943/1128/180
f 935/1120/180 933/1118/180 1219/1080/180
f 924/1109/180 922/1107/180 1218/986/180
f 1218/986/180 944/1129/180 945/1130/180
f 1218/986/180 946/1131/180 947/1132/180
f 803/987/180 948/1133/180 949/1134/180
f 803/987/180 950/1135/180 951/1136/180
f 803/987/180 952/1137/180 936/1121/180
f 803/987/180 953/1138/180 954/1139/180
f 803/987/180 955/1140/180 938/1123/180
f 940/1125/180 956/1141/180 803/987/180
f 895/1079/180 957/1142/180 912/1097/180
f 895/1079/180 958/1143/180 959/1144/180
f 930/1115/180 941/1126/180 895/1079/180
f 943/1128/180 918/1103/180 1219/1080/180
f 1219/1080/180 960/1145/180 961/1146/180
f 905/1090/180 920/1105/180 1219/1080/180
f 947/1132/180 944/1129/180 1218/986/180
f 1218/986/180 962/1147/180 963/1148/180
f 1218/986/180 964/1149/180 965/1150/180
f 1218/986/180 966/1151/180 967/1152/180
f 803/987/180 968/1153/180 969/1154/180
f 949/1134/180 970/1155/180 803/987/180
f 803/987/180 971/1156/180 950/1135/180
f 954/1139/180 952/1137/180 803/987/180
f 956/1141/180 955/1140/180 803/987/180
f 959/1144/180 957/1142/180 895/1079/180
f 901/1086/180 931/1116/180 895/1079/180
f 961/1146/180 972/1157/180 1219/1080/180
f 945/1130/180 925/1110/180 1218/986/180
f 1218/986/180 973/1158/180 974/1159/180
f 1218/986/180 975/1160/180 976/1161/180
f 965/1150/180 962/1147/180 1218/986/180
f 1218/986/180 969/1154/180 966/1151/180
f 803/987/180 977/1162/180 968/1153/180
f 803/987/180 978/1163/180 979/1164/180
f 803/987/180 980/1165/180 981/1166/180
f 951/1136/180 948/1133/180 803/987/180
f 939/1124/180 953/1138/180 803/987/180
f 928/1113/180 958/1143/180 895/1079/180
f 934/1119/180 960/1145/180 1219/1080/180
f 974/1159/180 982/1167/180 1218/986/180
f 963/1148/180 975/1160/180 1218/986/180
f 969/1154/180 1218/986/180 803/987/180
f 981/1166/180 978/1163/180 803/987/180
f 937/1122/180 971/1156/180 803/987/180
f 972/1157/180 942/1127/180 1219/1080/180
f 982/1167/180 983/1168/180 1218/986/180
f 967/1152/180 964/1149/180 1218/986/180
f 970/1155/180 980/1165/180 803/987/180
f 983/1168/180 946/1131/180 1218/986/180
f 979/1164/180 977/1162/180 803/987/180
f 976/1161/180 973/1158/180 1218/986/180
f 984/1169/180 892/1076/180 1219/1080/180
f 1220/1170/180 1219/1080/180 985/1171/180
f 986/1172/180 1220/1170/180 987/1173/180
f 1219/1080/180 988/1174/180 985/1171/180
f 986/1172/180 989/1175/180 990/1176/180
f 986/1172/180 991/1177/180 992/1178/180
f 986/1172/180 993/1179/180 994/1180/180
f 987/1173/180 995/1181/180 986/1172/180
f 1220/1170/180 996/1182/180 997/1183/180
f 1220/1170/180 998/1184/180 999/1185/180
f 985/1171/180 1000/1186/180 1220/1170/180
f 986/1172/180 1001/1187/180 989/1175/180
f 992/1178/180 1002/1188/180 986/1172/180
f 986/1172/180 1003/1189/180 1004/1190/180
f 986/1172/180 1005/1191/180 993/1179/180
f 1220/1170/180 1006/1192/180 987/1173/180
f 1220/1170/180 1007/1193/180 1008/1194/180
f 1220/1170/180 1009/1195/180 1010/1196/180
f 1220/1170/180 1011/1197/180 1012/1198/180
f 1220/1170/180 1013/1199/180 996/1182/180
f 1220/1170/180 1014/1200/180 998/1184/180
f 1219/1080/180 1015/1201/180 988/1174/180
f 1219/1080/180 1016/1202/180 1017/1203/180
f 1219/1080/180 1018/1204/180 1019/1205/180
f 1002/1188/180 1001/1187/180 986/1172/180
f 994/1180/180 1003/1189/180 986/1172/180
f 986/1172/180 1020/1206/180 1021/1207/180
f 986/1172/180 1022/1208/180 1023/1209/180
f 986/1172/180 1024/1210/180 1025/1211/180
f 1008/1194/180 1006/1192/180 1220/1170/180
f 1012/1198/180 1009/1195/180 1220/1170/180
f 1220/1170/180 1026/1212/180 1027/1213/180
f 997/1183/180 1028/1214/180 1220/1170/180
f 1000/1186/180 1014/1200/180 1220/1170/180
f 1019/1205/180 1016/1202/180 1219/1080/180
f 895/1079/180 1029/1215/180 1030/1216/180
f 895/1079/180 1031/1217/180 1032/1218/180
f 1004/1190/180 991/1177/180 986/1172/180
f 986/1172/180 1033/1219/180 1020/1206/180
f 1025/1211/180 1022/1208/180 986/1172/180
f 1010/1196/180 1007/1193/180 1220/1170/180
f 1220/1170/180 1034/1220/180 1035/1221/180
f 1028/1214/180 1026/1212/180 1220/1170/180
f 1017/1203/180 1015/1201/180 1219/1080/180
f 1219/1080/180 1036/1222/180 1037/1223/180
f 1219/1080/180 1038/1224/180 1039/1225/180
f 895/1079/180 1040/1226/180 1041/1227/180
f 895/1079/180 1042/1228/180 1043/1229/180
f 895/1079/180 1044/1230/180 1029/1215/180
f 895/1079/180 1045/1231/180 1046/1232/180
f 895/1079/180 1047/1233/180 1031/1217/180
f 895/1079/180 990/1176/180 1048/1234/180
f 986/1172/180 1049/1235/180 1005/1191/180
f 986/1172/180 1050/1236/180 1051/1237/180
f 1023/1209/180 1033/1219/180 986/1172/180
f 1035/1221/180 1011/1197/180 1220/1170/180
f 1220/1170/180 1052/1238/180 1053/1239/180
f 999/1185/180 1013/1199/180 1220/1170/180
f 1039/1225/180 1036/1222/180 1219/1080/180
f 1219/1080/180 1054/1240/180 1055/1241/180
f 1219/1080/180 1056/1242/180 1057/1243/180
f 1219/1080/180 1058/1244/180 1059/1245/180
f 895/1079/180 1060/1246/180 1061/1247/180
f 1041/1227/180 1062/1248/180 895/1079/180
f 895/1079/180 1063/1249/180 1042/1228/180
f 1046/1232/180 1044/1230/180 895/1079/180
f 1048/1234/180 1047/1233/180 895/1079/180
f 1051/1237/180 1049/1235/180 986/1172/180
f 995/1181/180 1024/1210/180 986/1172/180
f 1053/1239/180 1064/1250/180 1220/1170/180
f 1037/1223/180 1018/1204/180 1219/1080/180
f 1219/1080/180 1065/1251/180 1066/1252/180
f 1219/1080/180 1067/1253/180 1068/1254/180
f 1057/1243/180 1054/1240/180 1219/1080/180
f 1219/1080/180 1061/1247/180 1058/1244/180
f 895/1079/180 1069/1255/180 1060/1246/180
f 895/1079/180 1070/1256/180 1071/1257/180
f 895/1079/180 1072/1258/180 1073/1259/180
f 1043/1229/180 1040/1226/180 895/1079/180
f 1032/1218/180 1045/1231/180 895/1079/180
f 1021/1207/180 1050/1236/180 986/1172/180
f 1027/1213/180 1052/1238/180 1220/1170/180
f 1066/1252/180 1074/1260/180 1219/1080/180
f 1055/1241/180 1067/1253/180 1219/1080/180
f 1061/1247/180 1219/1080/180 895/1079/180
f 1073/1259/180 1070/1256/180 895/1079/180
f 1030/1216/180 1063/1249/180 895/1079/180
f 1064/1250/180 1034/1220/180 1220/1170/180
f 1074/1260/180 1075/1261/180 1219/1080/180
f 1059/1245/180 1056/1242/180 1219/1080/180
f 1062/1248/180 1072/1258/180 895/1079/180
f 1075/1261/180 1038/1224/180 1219/1080/180
f 1071/1257/180 1069/1255/180 895/1079/180
f 1068/1254/180 1065/1251/180 1219/1080/180
f 1076/1262/180 1077/1263/180 1078/1264/180
f 1076/1262/180 1079/1265/180 1077/1263/180
f 1076/1262/180 1080/1266/180 1081/1267/180
f 1076/1262/180 1082/1268/180 1083/1269/180
f 1076/1262/180 1084/1270/180 1079/1265/180
f 1076/1262/180 1085/1271/180 1080/1266/180
f 1076/1262/180 1086/1272/180 1087/1273/180
f 1083/1269/180 1088/1274/180 1076/1262/180
f 1076/1262/180 1089/1275/180 1090/1276/180
f 1076/1262/180 1091/1277/180 1092/1278/180
f 1081/1267/180 1084/1270/180 1076/1262/180
f 1076/1262/180 1093/1279/180 1094/1280/180
f 1087/1273/180 1095/1281/180 1076/1262/180
f 1088/1274/180 1096/1282/180 1076/1262/180
f 1076/1262/180 1097/1283/180 1098/1284/180
f 1092/1278/180 1089/1275/180 1076/1262/180
f 1094/1280/180 1085/1271/180 1076/1262/180
f 1076/1262/180 1099/1285/180 1100/1286/180
f 1076/1262/180 1101/1287/180 1102/1288/180
f 1096/1282/180 1086/1272/180 1076/1262/180
f 1076/1262/180 1103/1289/180 1097/1283/180
f 1090/1276/180 1104/1290/180 1076/1262/180
f 1100/1286/180 1093/1279/180 1076/1262/180
f 1095/1281/180 1101/1287/180 1076/1262/180
f 1105/1291/180 1106/1292/180 1107/1293/180
f 1105/1291/180 1108/1294/180 1109/1295/180
f 1105/1291/180 1110/1296/180 1111/1297/180
f 1105/1291/180 1112/1298/180 1113/1299/180
f 1114/1300/180 1220/1170/180 1115/1301/180
f 1104/1290/180 1103/1289/180 1076/1262/180
f 1102/1288/180 1099/1285/180 1076/1262/180
f 1109/1295/180 1106/1292/180 1105/1291/180
f 1113/1299/180 1110/1296/180 1105/1291/180
f 1220/1170/180 1116/1302/180 1115/1301/180
f 1098/1284/180 1117/1303/180 1076/1262/180
f 1076/1262/180 1118/1304/180 1119/1305/180
f 1076/1262/180 1120/1306/180 1082/1268/180
f 1111/1297/180 1108/1294/180 1105/1291/180
f 1114/1300/180 1121/1307/180 1122/1308/180
f 1114/1300/180 1123/1309/180 1124/1310/180
f 1115/1301/180 1125/1311/180 1114/1300/180
f 1126/1312/180 1127/1313/180 1128/1314/180
f 1117/1303/180 1120/1306/180 1076/1262/180
f 1078/1264/180 1118/1304/180 1076/1262/180
f 1105/1291/180 1119/1305/180 1112/1298/180
f 1129/1315/180 1107/1293/180 1114/1300/180
f 1114/1300/180 1130/1316/180 1121/1307/180
f 1114/1300/180 1131/1317/180 1123/1309/180
f 1220/1170/180 1132/1318/180 1116/1302/180
f 1220/1170/180 1133/1319/180 1134/1320/180
f 1220/1170/180 1135/1321/180 1136/1322/180
f 1128/1314/180 1137/1323/180 1126/1312/180
f 1138/1324/180 1139/1325/180 1140/1326/180
f 1119/1305/180 1105/1291/180 1076/1262/180
f 1107/1293/180 1129/1315/180 1141/1327/180
f 1114/1300/180 1142/1328/180 1143/1329/180
f 1114/1300/180 1144/1330/180 1145/1331/180
f 1114/1300/180 1146/1332/180 1147/1333/180
f 1122/1308/180 1148/1334/180 1114/1300/180
f 1125/1311/180 1131/1317/180 1114/1300/180
f 1136/1322/180 1133/1319/180 1220/1170/180
f 1149/1335/180 1150/1336/180 1151/1337/180
f 1149/1335/180 1152/1338/180 1153/1339/180
f 1154/1340/180 1155/1341/180 1149/1335/180
f 1127/1313/180 1154/1340/180 1156/1342/180
f 1140/1326/180 1157/1343/180 1126/1312/180
f 1140/1326/180 1092/1278/180 1138/1324/180
f 1107/1293/180 1141/1327/180 1105/1291/180
f 1145/1331/180 1142/1328/180 1114/1300/180
f 1148/1334/180 1146/1332/180 1114/1300/180
f 1134/1320/180 1132/1318/180 1220/1170/180
f 1220/1170/180 1158/1344/180 1159/1345/180
f 1220/1170/180 1160/1346/180 1161/1347/180
f 986/1172/180 1162/1348/180 1163/1349/180
f 986/1172/180 1164/1350/180 1165/1351/180
f 1151/1337/180 986/1172/180 1149/1335/180
f 1153/1339/180 1166/1352/180 1149/1335/180
f 1149/1335/180 1167/1353/180 1168/1354/180
f 1149/1335/180 1169/1355/180 1170/1356/180
f 1149/1335/180 1171/1357/180 1172/1358/180
f 1156/1342/180 1128/1314/180 1127/1313/180
f 1139/1325/180 1157/1343/180 1140/1326/180
f 1114/1300/180 1143/1329/180 1129/1315/180
f 1114/1300/180 1173/1359/180 1174/1360/180
f 1114/1300/180 1175/1361/180 1176/1362/180
f 1124/1310/180 1130/1316/180 1114/1300/180
f 1161/1347/180 1158/1344/180 1220/1170/180
f 986/1172/180 1177/1363/180 1178/1364/180
f 986/1172/180 1179/1365/180 1180/1366/180
f 986/1172/180 1181/1367/180 1162/1348/180
f 986/1172/180 1182/1368/180 1183/1369/180
f 986/1172/180 1184/1370/180 1164/1350/180
f 986/1172/180 1185/1371/180 1186/1372/180
f 1166/1352/180 1150/1336/180 1149/1335/180
f 1170/1356/180 1167/1353/180 1149/1335/180
f 1149/1335/180 1187/1373/180 1188/1374/180
f 1149/1335/180 1155/1341/180 1171/1357/180
f 1137/1323/180 1140/1326/180 1126/1312/180
f 1174/1360/180 1144/1330/180 1114/1300/180
f 1176/1362/180 1189/1375/180 1114/1300/180
f 1159/1345/180 1135/1321/180 1220/1170/180
f 1220/1170/180 1190/1376/180 1191/1377/180
f 1220/1170/180 1192/1378/180 1193/1379/180
f 1220/1170/180 1194/1380/180 1195/1381/180
f 986/1172/180 1196/1382/180 1197/1383/180
f 1178/1364/180 1198/1384/180 986/1172/180
f 986/1172/180 1199/1385/180 1179/1365/180
f 1183/1369/180 1181/1367/180 986/1172/180
f 1186/1372/180 1184/1370/180 986/1172/180
f 1168/1354/180 1152/1338/180 1149/1335/180
f 1172/1358/180 1187/1373/180 1149/1335/180
f 1091/1277/180 1138/1324/180 1092/1278/180
f 1147/1333/180 1175/1361/180 1114/1300/180
f 1220/1170/180 1200/1386/180 1201/1387/180
f 1220/1170/180 1202/1388/180 1203/1389/180
f 1193/1379/180 1190/1376/180 1220/1170/180
f 1220/1170/180 1197/1383/180 1194/1380/180
f 986/1172/180 1204/1390/180 1196/1382/180
f 986/1172/180 1205/1391/180 1206/1392/180
f 986/1172/180 1207/1393/180 1208/1394/180
f 1180/1366/180 1177/1363/180 986/1172/180
f 1165/1351/180 1182/1368/180 986/1172/180
f 1188/1374/180 1169/1355/180 1149/1335/180
f 1189/1375/180 1173/1359/180 1114/1300/180
f 1201/1387/180 1209/1395/180 1220/1170/180
f 1191/1377/180 1202/1388/180 1220/1170/180
f 1197/1383/180 1220/1170/180 986/1172/180
f 1208/1394/180 1205/1391/180 986/1172/180
f 1163/1349/180 1199/1385/180 986/1172/180
f 1149/1335/180 1156/1342/180 1154/1340/180
f 1209/1395/180 1210/1396/180 1220/1170/180
f 1195/1381/180 1192/1378/180 1220/1170/180
f 1198/1384/180 1207/1393/180 986/1172/180
f 1210/1396/180 1160/1346/180 1220/1170/180
f 1206/1392/180 1204/1390/180 986/1172/180
f 1203/1389/180 1200/1386/180 1220/1170/180
f 1114/1300/180 1211/1397/180 1212/1398/180
f 1220/1170/180 1114/1300/180 1213/1399/180
f 1114/1300/180 1214/1400/180 1211/1397/180
f 1212/1398/180 1213/1399/180 1114/1300/180
f 1213/1399/180 984/1169/180 1220/1170/180
f 1151/1337/180 1185/1371/180 986/1172/180
f 990/1176/180 895/1079/180 986/1172/180
f 1219/1080/180 1220/1170/180 984/1169/180
f 908/1093/180 940/1125/180 895/1079/180
f 1218/986/180 1219/1080/180 892/1076/180
f 877/1061/180 835/1019/180 803/987/180
f 1217/907/180 1218/986/180 800/983/180
f 713/895/180 706/797/180 709/891/180
f 1216/811/180 1217/907/180 708/890/180
f 95/814/180 93/883/180 706/797/180
f 1215/794/180 1216/811/180 705/796/180
f 704/795/180 707/862/180 1215/794/180
f 703/793/180 1215/794/180 701/791/180
f 1114/1401/181 555/1402/181 693/1403/182
f 1214/1404/182 693/1403/182 558/1405/183
f 1211/1406/183 558/1405/183 557/1407/184
f 1212/1408/184 557/1407/184 556/1409/185
f 556/1409/185 1213/1410/185 1212/1408/184
f 557/1407/184 1212/1408/184 1211/1406/183
f 558/1405/183 1211/1406/183 1214/1404/182
f 693/1403/182 1214/1404/182 1114/1401/181
f 641/1411/186 1140/1412/186 1137/1413/187
f 623/1414/187 1137/1413/187 1128/1415/188
f 624/1416/188 1128/1415/188 1156/1417/189
f 654/1418/189 1156/1417/189 1149/1419/190
f 1149/1419/190 592/1420/190 654/1418/189
f 1156/1417/189 654/1418/189 624/1416/188
f 1128/1415/188 624/1416/188 623/1414/187
f 1137/1413/187 623/1414/187 641/1411/186
f 1092/1421/191 602/1422/191 601/1423/192
f 1089/1424/192 601/1423/192 589/1425/193
f 1090/1426/193 589/1425/193 588/1427/194
f 1104/1428/194 588/1427/194 597/1429/195
f 1103/1430/195 597/1429/195 598/1431/196
f 1097/1432/196 598/1431/196 591/1433/197
f 1098/1434/197 591/1433/197 590/1435/198
f 1117/1436/198 590/1435/198 621/1437/199
f 1120/1438/199 621/1437/199 608/1439/200
f 1082/1440/200 608/1439/200 561/1441/201
f 1083/1442/201 561/1441/201 560/1443/202
f 1088/1444/202 560/1443/202 562/1445/203
f 1096/1446/203 562/1445/203 567/1447/204
f 1086/1448/204 567/1447/204 564/1449/205
f 1087/1450/205 564/1449/205 563/1451/206
f 1095/1452/206 563/1451/206 568/1453/207
f 1101/1454/207 568/1453/207 576/1455/208
f 1102/1456/208 576/1455/208 575/1457/209
f 1099/1458/209 575/1457/209 585/1459/210
f 1100/1460/210 585/1459/210 584/1461/211
f 1093/1462/211 584/1461/211 587/1463/212
f 1094/1464/212 587/1463/212 586/1465/213
f 1085/1466/213 586/1465/213 577/1467/214
f 1080/1468/214 577/1467/214 570/1469/215
f 1081/1470/215 570/1469/215 569/1471/216
f 1084/1472/216 569/1471/216 578/1473/217
f 1079/1474/217 578/1473/217 571/1475/218
f 1077/1476/218 571/1475/218 566/1477/219
f 1078/1478/219 566/1477/219 565/1479/220
f 1118/1480/220 565/1479/220 609/1481/221
f 1119/1482/221 609/1481/221 607/1483/222
f 1112/1484/222 607/1483/222 580/1485/223
f 1113/1486/223 580/1485/223 579/1487/224
f 1110/1488/224 579/1487/224 582/1489/225
f 1111/1490/225 582/1489/225 581/1491/226
f 1108/1492/226 581/1491/226 596/1493/227
f 1109/1494/227 596/1493/227 583/1495/228
f 1106/1496/228 583/1495/228 574/1497/229
f 574/1497/229 1107/1498/229 1106/1496/228
f 583/1495/228 1106/1496/228 1109/1494/227
f 596/1493/227 1109/1494/227 1108/1492/226
f 581/1491/226 1108/1492/226 1111/1490/225
f 582/1489/225 1111/1490/225 1110/1488/224
f 579/1487/224 1110/1488/224 1113/1486/223
f 580/1485/223 1113/1486/223 1112/1484/222
f 607/1483/222 1112/1484/222 1119/1482/221
f 609/1481/221 1119/1482/221 1118/1480/220
f 565/1479/220 1118/1480/220 1078/1478/219
f 566/1477/219 1078/1478/219 1077/1476/218
f 571/1475/218 1077/1476/218 1079/1474/217
f 578/1473/217 1079/1474/217 1084/1472/216
f 569/1471/216 1084/1472/216 1081/1470/215
f 570/1469/215 1081/1470/215 1080/1468/214
f 577/1467/214 1080/1468/214 1085/1466/213
f 586/1465/213 1085/1466/213 1094/1464/212
f 587/1463/212 1094/1464/212 1093/1462/211
f 584/1461/211 1093/1462/211 1100/1460/210
f 585/1459/210 1100/1460/210 1099/1458/209
f 575/1457/209 1099/1458/209 1102/1456/208
f 576/1455/208 1102/1456/208 1101/1454/207
f 568/1453/207 1101/1454/207 1095/1452/206
f 563/1451/206 1095/1452/206 1087/1450/205
f 564/1449/205 1087/1450/205 1086/1448/204
f 567/1447/204 1086/1448/204 1096/1446/203
f 562/1445/203 1096/1446/203 1088/1444/202
f 560/1443/202 1088/1444/202 1083/1442/201
f 561/1441/201 1083/1442/201 1082/1440/200
f 608/1439/200 1082/1440/200 1120/1438/199
f 621/1437/199 1120/1438/199 1117/1436/198
f 590/1435/198 1117/1436/198 1098/1434/197
f 591/1433/197 1098/1434/197 1097/1432/196
f 598/1431/196 1097/1432/196 1103/1430/195
f 597/1429/195 1103/1430/195 1104/1428/194
f 588/1427/194 1104/1428/194 1090/1426/193
f 589/1425/193 1090/1426/193 1089/1424/192
f 601/1423/192 1089/1424/192 1092/1421/191
f 602/1499/230 1092/1500/230 1140/1501/230
f 1140/1501/230 641/1502/230 602/1499/230
f 1107/1503/229 574/1504/229 555/1505/229
f 555/1505/229 1114/1506/229 1107/1503/229
f 554/1507/231 551/1508/231 707/1509/231
f 706/1510/231 707/1509/231 551/1508/231
f 551/1508/231 459/1511/231 706/1510/231
f 709/1512/231 706/1510/231 459/1511/231
f 459/1511/231 367/1513/231 709/1512/231
f 803/1514/231 709/1512/231 367/1513/231
f 367/1513/231 275/1515/231 803/1514/231
f 895/1516/231 803/1514/231 275/1515/231
f 275/1515/231 183/1517/231 895/1516/231
f 986/1518/231 895/1516/231 183/1517/231
f 183/1517/231 182/1519/231 986/1518/231
f 1149/1520/231 986/1518/231 182/1519/231
f 182/1519/231 592/1521/231 1149/1520/231
f 707/1509/231 704/1522/231 554/1507/231
f 702/1523/232 701/1524/232 552/1525/232
f 550/1526/232 552/1525/232 701/1524/232
f 701/1524/232 705/1527/232 550/1526/232
f 458/1528/232 550/1526/232 705/1527/232
f 705/1527/232 708/1529/232 458/1528/232
f 366/1530/232 458/1528/232 708/1529/232
f 708/1529/232 800/1531/232 366/1530/232
f 274/1532/232 366/1530/232 800/1531/232
f 800/1531/232 892/1533/232 274/1532/232
f 181/1534/232 274/1532/232 892/1533/232
f 892/1533/232 984/1535/232 181/1534/232
f 556/1536/232 181/1534/232 984/1535/232
f 984/1535/232 1213/1537/232 556/1536/232
f 552/1525/232 694/1538/232 702/1523/232
f 690/1539/233 689/1540/234 1115/1541/234
f 680/1542/235 690/1539/233 1116/1543/236
f 681/1544/237 680/1542/235 1132/1545/238
f 678/1546/239 681/1544/237 1134/1547/240
f 679/1548/241 678/1546/239 1133/1549/242
f 687/1550/243 679/1548/241 1136/1551/244
f 688/1552/245 687/1550/243 1135/1553/246
f 685/1554/247 688/1552/245 1159/1555/248
f 686/1556/249 685/1554/247 1158/1557/250
f 692/1558/251 686/1556/249 1161/1559/252
f 691/1560/253 692/1558/251 1160/1561/254
f 683/1562/255 691/1560/253 1210/1563/256
f 684/1564/257 683/1562/255 1209/1565/258
f 676/1566/259 684/1564/257 1201/1567/260
f 677/1568/261 676/1566/259 1200/1569/262
f 662/1570/263 677/1568/261 1203/1571/264
f 663/1572/265 662/1570/263 1202/1573/266
f 660/1574/267 663/1572/265 1191/1575/268
f 661/1576/269 660/1574/267 1190/1577/270
f 674/1578/271 661/1576/269 1193/1579/272
f 675/1580/273 674/1578/271 1192/1581/274
f 673/1582/275 675/1580/273 1195/1583/276
f 646/1584/277 673/1582/275 1194/1585/278
f 659/1586/279 646/1584/277 1197/1587/280
f 671/1588/281 659/1586/279 1196/1589/282
f 672/1590/283 671/1588/281 1204/1591/284
f 669/1592/285 672/1590/283 1206/1593/286
f 670/1594/287 669/1592/285 1205/1595/288
f 645/1596/289 670/1594/287 1208/1597/290
f 630/1598/291 645/1596/289 1207/1599/292
f 631/1600/293 630/1598/291 1198/1601/294
f 628/1602/295 631/1600/293 1178/1603/296
f 629/1604/297 628/1602/295 1177/1605/298
f 644/1606/299 629/1604/297 1180/1607/300
f 615/1608/301 644/1606/299 1179/1609/302
f 616/1610/303 615/1608/301 1199/1611/304
f 627/1612/305 616/1610/303 1163/1613/306
f 625/1614/307 627/1612/305 1162/1615/308
f 626/1616/309 625/1614/307 1181/1617/310
f 605/1618/311 626/1616/309 1183/1619/312
f 606/1620/313 605/1618/311 1182/1621/314
f 614/1622/315 606/1620/313 1165/1623/316
f 604/1624/317 614/1622/315 1164/1625/318
f 594/1626/319 604/1624/317 1184/1627/320
f 595/1628/321 594/1626/319 1186/1629/322
f 593/1630/323 595/1628/321 1185/1631/324
f 603/1632/325 593/1630/323 1151/1633/326
f 599/1634/327 603/1632/325 1150/1635/328
f 600/1636/329 599/1634/327 1166/1637/330
f 612/1638/331 600/1636/329 1153/1639/332
f 613/1640/333 612/1638/331 1152/1641/334
f 610/1642/335 613/1640/333 1168/1643/336
f 611/1644/337 610/1642/335 1167/1645/338
f 657/1646/339 611/1644/337 1170/1647/340
f 658/1648/341 657/1646/339 1169/1649/342
f 642/1650/343 658/1648/341 1188/1651/344
f 643/1652/345 642/1650/343 1187/1653/346
f 656/1654/347 643/1652/345 1172/1655/348
f 668/1656/349 656/1654/347 1171/1657/350
f 655/1658/351 668/1656/349 1155/1659/352
f 653/1660/353 655/1658/351 1154/1661/354
f 622/1662/355 653/1660/353 1127/1663/356
f 651/1664/357 622/1662/355 1126/1665/358
f 652/1666/359 651/1664/357 1157/1667/360
f 639/1668/361 652/1666/359 1139/1669/362
f 640/1670/363 639/1668/361 1138/1671/364
f 559/1672/365 640/1670/363 1091/1673/366
f 572/1674/367 559/1672/365 1076/1675/368
f 573/1676/369 572/1674/367 1105/1677/370
f 619/1678/371 573/1676/369 1141/1679/372
f 620/1680/373 619/1678/371 1129/1681/374
f 637/1682/375 620/1680/373 1143/1683/376
f 638/1684/377 637/1682/375 1142/1685/378
f 666/1686/379 638/1684/377 1145/1687/380
f 667/1688/381 666/1686/379 1144/1689/382
f 682/1690/383 667/1688/381 1174/1691/384
f 664/1692/385 682/1690/383 1173/1693/386
f 665/1694/387 664/1692/385 1189/1695/388
f 649/1696/389 665/1694/387 1176/1697/390
f 650/1698/391 649/1696/389 1175/1699/392
f 648/1700/393 650/1698/391 1147/1701/394
f 617/1702/395 648/1700/393 1146/1703/396
f 618/1704/397 617/1702/395 1148/1705/398
f 636/1706/399 618/1704/397 1122/1707/400
f 634/1708/401 636/1706/399 1121/1709/402
f 635/1710/403 634/1708/401 1130/1711/404
f 647/1712/405 635/1710/403 1124/1713/406
f 632/1714/407 647/1712/405 1123/1715/408
f 633/1716/409 632/1714/407 1131/1717/410
f 689/1540/234 633/1716/409 1125/1718/409
f 1125/1718/409 1115/1541/234 689/1540/234
f 1131/1717/410 1125/1718/409 633/1716/409
f 1123/1715/408 1131/1717/410 632/1714/407
f 1124/1713/406 1123/1715/408 647/1712/405
f 1130/1711/404 1124/1713/406 635/1710/403
f 1121/1709/402 1130/1711/404 634/1708/401
f 1122/1707/400 1121/1709/402 636/1706/399
f 1148/1705/398 1122/1707/400 618/1704/397
f 1146/1703/396 1148/1705/398 617/1702/395
f 1147/1701/394 1146/1703/396 648/1700/393
f 1175/1699/392 1147/1701/394 650/1698/391
f 1176/1697/390 1175/1699/392 649/1696/389
f 1189/1695/388 1176/1697/390 665/1694/387
f 1173/1693/386 1189/1695/388 664/1692/385
f 1174/1691/384 1173/1693/386 682/1690/383
f 1144/1689/382 1174/1691/384 667/1688/381
f 1145/1687/380 1144/1689/382 666/1686/379
f 1142/1685/378 1145/1687/380 638/1684/377
f 1143/1683/376 1142/1685/378 637/1682/375
f 1129/1681/374 1143/1683/376 620/1680/373
f 1141/1679/372 1129/1681/374 619/1678/371
f 1105/1677/370 1141/1679/372 573/1676/369
f 1076/1675/368 1105/1677/370 572/1674/367
f 1091/1673/366 1076/1675/368 559/1672/365
f 1138/1671/364 1091/1673/366 640/1670/363
f 1139/1669/362 1138/1671/364 639/1668/361
f 1157/1667/360 1139/1669/362 652/1666/359
f 1126/1665/358 1157/1667/360 651/1664/357
f 1127/1663/356 1126/1665/358 622/1662/355
f 1154/1661/354 1127/1663/356 653/1660/353
f 1155/1659/352 1154/1661/354 655/1658/351
f 1171/1657/350 1155/1659/352 668/1656/349
f 1172/1655/348 1171/1657/350 656/1654/347
f 1187/1653/346 1172/1655/348 643/1652/345
f 1188/1651/344 1187/1653/346 642/1650/343
f 1169/1649/342 1188/1651/344 658/1648/341
f 1170/1647/340 1169/1649/342 657/1646/339
f 1167/1645/338 1170/1647/340 611/1644/337
f 1168/1643/336 1167/1645/338 610/1642/335
f 1152/1641/334 1168/1643/336 613/1640/333
f 1153/1639/332 1152/1641/334 612/1638/331
f 1166/1637/330 1153/1639/332 600/1636/329
f 1150/1635/328 1166/1637/330 599/1634/327
f 1151/1633/326 1150/1635/328 603/1632/325
f 1185/1631/324 1151/1633/326 593/1630/323
f 1186/1629/322 1185/1631/324 595/1628/321
f 1184/1627/320 1186/1629/322 594/1626/319
f 1164/1625/318 1184/1627/320 604/1624/317
f 1165/1623/316 1164/1625/318 614/1622/315
f 1182/1621/314 1165/1623/316 606/1620/313
f 1183/1619/312 1182/1621/314 605/1618/311
f 1181/1617/310 1183/1619/312 626/1616/309
f 1162/1615/308 1181/1617/310 625/1614/307
f 1163/1613/306 1162/1615/308 627/1612/305
f 1199/1611/304 1163/1613/306 616/1610/303
f 1179/1609/302 1199/1611/304 615/1608/301
f 1180/1607/300 1179/1609/302 644/1606/299
f 1177/1605/298 1180/1607/300 629/1604/297
f 1178/1603/296 1177/1605/298 628/1602/295
f 1198/1601/294 1178/1603/296 631/1600/293
f 1207/1599/292 1198/1601/294 630/1598/291
f 1208/1597/290 1207/1599/292 645/1596/289
f 1205/1595/288 1208/1597/290 670/1594/287
f 1206/1593/286 1205/1595/288 669/1592/285
f 1204/1591/284 1206/1593/286 672/1590/283
f 1196/1589/282 1204/1591/284 671/1588/281
f 1197/1587/280 1196/1589/282 659/1586/279
f 1194/1585/278 1197/1587/280 646/1584/277
f 1195/1583/276 1194/1585/278 673/1582/275
f 1192/1581/274 1195/1583/276 675/1580/273
f 1193/1579/272 1192/1581/274 674/1578/271
f 1190/1577/270 1193/1579/272 661/1576/269
f 1191/1575/268 1190/1577/270 660/1574/267
f 1202/1573/266 1191/1575/268 663/1572/265
f 1203/1571/264 1202/1573/266 662/1570/263
f 1200/1569/262 1203/1571/264 677/1568/261
f 1201/1567/260 1200/1569/262 676/1566/259
f 1209/1565/258 1201/1567/260 684/1564/257
f 1210/1563/256 1209/1565/258 683/1562/255
f 1160/1561/254 1210/1563/256 691/1560/253
f 1161/1559/252 1160/1561/254 692/1558/251
f 1158/1557/250 1161/1559/252 686/1556/249
f 1159/1555/248 1158/1557/250 685/1554/247
f 1135/1553/246 1159/1555/248 688/1552/245
f 1136/1551/244 1135/1553/246 687/1550/243
f 1133/1549/242 1136/1551/244 679/1548/241
f 1134/1547/240 1133/1549/242 678/1546/239
f 1132/1545/238 1134/1547/240 681/1544/237
f 1116/1543/236 1132/1545/238 680/1542/235
f 1115/1541/234 1116/1543/236 690/1539/233
f 270/1719/411 231/1720/412 985/1721/412
f 260/1722/413 270/1719/411 988/1723/414
f 261/1724/415 260/1722/413 1015/1725/416
f 258/1726/417 261/1724/415 1017/1727/418
f 259/1728/419 258/1726/417 1016/1729/420
f 268/1730/421 259/1728/419 1019/1731/422
f 269/1732/423 268/1730/421 1018/1733/424
f 266/1734/425 269/1732/423 1037/1735/426
f 267/1736/427 266/1734/425 1036/1737/428
f 273/1738/429 267/1736/427 1039/1739/430
f 272/1740/431 273/1738/429 1038/1741/432
f 264/1742/433 272/1740/431 1075/1743/434
f 265/1744/435 264/1742/433 1074/1745/436
f 248/1746/437 265/1744/435 1066/1747/438
f 249/1748/439 248/1746/437 1065/1749/440
f 228/1750/441 249/1748/439 1068/1751/442
f 229/1752/443 228/1750/441 1067/1753/444
f 226/1754/445 229/1752/443 1055/1755/446
f 227/1756/447 226/1754/445 1054/1757/448
f 246/1758/449 227/1756/447 1057/1759/450
f 247/1760/451 246/1758/449 1056/1761/452
f 245/1762/453 247/1760/451 1059/1763/454
f 212/1764/455 245/1762/453 1058/1765/456
f 225/1766/457 212/1764/455 1061/1767/458
f 243/1768/459 225/1766/457 1060/1769/460
f 244/1770/461 243/1768/459 1069/1771/462
f 241/1772/463 244/1770/461 1071/1773/464
f 242/1774/465 241/1772/463 1070/1775/466
f 224/1776/467 242/1774/465 1073/1777/468
f 210/1778/469 224/1776/467 1072/1779/470
f 211/1780/471 210/1778/469 1062/1781/472
f 208/1782/473 211/1780/471 1041/1783/474
f 209/1784/475 208/1782/473 1040/1785/476
f 223/1786/477 209/1784/475 1043/1787/478
f 199/1788/479 223/1786/477 1042/1789/480
f 200/1790/481 199/1788/479 1063/1791/482
f 203/1792/483 200/1790/481 1030/1793/484
f 201/1794/485 203/1792/483 1029/1795/486
f 202/1796/487 201/1794/485 1044/1797/488
f 193/1798/489 202/1796/487 1046/1799/490
f 194/1800/491 193/1798/489 1045/1801/492
f 198/1802/493 194/1800/491 1032/1803/494
f 192/1804/495 198/1802/493 1031/1805/496
f 185/1806/497 192/1804/495 1047/1807/498
f 184/1808/499 185/1806/497 1048/1809/500
f 188/1810/501 184/1808/499 990/1811/502
f 191/1812/503 188/1810/501 989/1813/504
f 186/1814/505 191/1812/503 1001/1815/506
f 187/1816/507 186/1814/505 1002/1817/508
f 196/1818/509 187/1816/507 992/1819/510
f 197/1820/511 196/1818/509 991/1821/512
f 189/1822/513 197/1820/511 1004/1823/514
f 190/1824/515 189/1822/513 1003/1825/516
f 195/1826/517 190/1824/515 994/1827/518
f 222/1828/519 195/1826/517 993/1829/520
f 220/1830/521 222/1828/519 1005/1831/522
f 221/1832/523 220/1830/521 1049/1833/524
f 239/1834/525 221/1832/523 1051/1835/526
f 240/1836/527 239/1834/525 1050/1837/528
f 257/1838/529 240/1836/527 1021/1839/530
f 237/1840/531 257/1838/529 1020/1841/532
f 238/1842/533 237/1840/531 1033/1843/534
f 235/1844/535 238/1842/533 1023/1845/536
f 236/1846/537 235/1844/535 1022/1847/538
f 219/1848/539 236/1846/537 1025/1849/540
f 206/1850/541 219/1848/539 1024/1851/542
f 207/1852/543 206/1850/541 995/1853/544
f 204/1854/545 207/1852/543 987/1855/546
f 205/1856/547 204/1854/545 1006/1857/548
f 217/1858/549 205/1856/547 1008/1859/550
f 218/1860/551 217/1858/549 1007/1861/552
f 215/1862/553 218/1860/551 1010/1863/554
f 216/1864/555 215/1862/553 1009/1865/556
f 255/1866/557 216/1864/555 1012/1867/558
f 256/1868/559 255/1866/557 1011/1869/560
f 271/1870/561 256/1868/559 1035/1871/562
f 262/1872/563 271/1870/561 1034/1873/564
f 263/1874/565 262/1872/563 1064/1875/566
f 253/1876/567 263/1874/565 1053/1877/568
f 254/1878/569 253/1876/567 1052/1879/570
f 252/1880/571 254/1878/569 1027/1881/572
f 213/1882/573 252/1880/571 1026/1883/574
f 214/1884/575 213/1882/573 1028/1885/576
f 234/1886/577 214/1884/575 997/1887/578
f 232/1888/579 234/1886/577 996/1889/580
f 233/1890/581 232/1888/579 1013/1891/582
f 251/1892/583 233/1890/581 999/1893/584
f 250/1894/585 251/1892/583 998/1895/586
f 230/1896/587 250/1894/585 1014/1897/588
f 231/1720/412 230/1896/587 1000/1898/587
f 1000/1898/587 985/1721/412 231/1720/412
f 1014/1897/588 1000/1898/587 230/1896/587
f 998/1895/586 1014/1897/588 250/1894/585
f 999/1893/584 998/1895/586 251/1892/583
f 1013/1891/582 999/1893/584 233/1890/581
f 996/1889/580 1013/1891/582 232/1888/579
f 997/1887/578 996/1889/580 234/1886/577
f 1028/1885/576 997/1887/578 214/1884/575
f 1026/1883/574 1028/1885/576 213/1882/573
f 1027/1881/572 1026/1883/574 252/1880/571
f 1052/1879/570 1027/1881/572 254/1878/569
f 1053/1877/568 1052/1879/570 253/1876/567
f 1064/1875/566 1053/1877/568 263/1874/565
f 1034/1873/564 1064/1875/566 262/1872/563
f 1035/1871/562 1034/1873/564 271/1870/561
f 1011/1869/560 1035/1871/562 256/1868/559
f 1012/1867/558 1011/1869/560 255/1866/557
f 1009/1865/556 1012/1867/558 216/1864/555
f 1010/1863/554 1009/1865/556 215/1862/553
f 1007/1861/552 1010/1863/554 218/1860/551
f 1008/1859/550 1007/1861/552 217/1858/549
f 1006/1857/548 1008/1859/550 205/1856/547
f 987/1855/546 1006/1857/548 204/1854/545
f 995/1853/544 987/1855/546 207/1852/543
f 1024/1851/542 995/1853/544 206/1850/541
f 1025/1849/540 1024/1851/542 219/1848/539
f 1022/1847/538 1025/1849/540 236/1846/537
f 1023/1845/536 1022/1847/538 235/1844/535
f 1033/1843/534 1023/1845/536 238/1842/533
f 1020/1841/532 1033/1843/534 237/1840/531
f 1021/1839/530 1020/1841/532 257/1838/529
f 1050/1837/528 1021/1839/530 240/1836/527
f 1051/1835/526 1050/1837/528 239/1834/525
f 1049/1833/524 1051/1835/526 221/1832/523
f 1005/1831/522 1049/1833/524 220/1830/521
f 993/1829/520 1005/1831/522 222/1828/519
f 994/1827/518 993/1829/520 195/1826/517
f 1003/1825/516 994/1827/518 190/1824/515
f 1004/1823/514 1003/1825/516 189/1822/513
f 991/1821/512 1004/1823/514 197/1820/511
f 992/1819/510 991/1821/512 196/1818/509
f 1002/1817/508 992/1819/510 187/1816/507
f 1001/1815/506 1002/1817/508 186/1814/505
f 989/1813/504 1001/1815/506 191/1812/503
f 990/1811/502 989/1813/504 188/1810/501
f 1048/1809/500 990/1811/502 184/1808/499
f 1047/1807/498 1048/1809/500 185/1806/497
f 1031/1805/496 1047/1807/498 192/1804/495
f 1032/1803/494 1031/1805/496 198/1802/493
f 1045/1801/492 1032/1803/494 194/1800/491
f 1046/1799/490 1045/1801/492 193/1798/489
f 1044/1797/488 1046/1799/490 202/1796/487
f 1029/1795/486 1044/1797/488 201/1794/485
f 1030/1793/484 1029/1795/486 203/1792/483
f 1063/1791/482 1030/1793/484 200/1790/481
f 1042/1789/480 1063/1791/482 199/1788/479
f 1043/1787/478 1042/1789/480 223/1786/477
f 1040/1785/476 1043/1787/478 209/1784/475
f 1041/1783/474 1040/1785/476 208/1782/473
f 1062/1781/472 1041/1783/474 211/1780/471
f 1072/1779/470 1062/1781/472 210/1778/469
f 1073/1777/468 1072/1779/470 224/1776/467
f 1070/1775/466 1073/1777/468 242/1774/465
f 1071/1773/464 1070/1775/466 241/1772/463
f 1069/1771/462 1071/1773/464 244/1770/461
f 1060/1769/460 1069/1771/462 243/1768/459
f 1061/1767/458 1060/1769/460 225/1766/457
f 1058/1765/456 1061/1767/458 212/1764/455
f 1059/1763/454 1058/1765/456 245/1762/453
f 1056/1761/452 1059/1763/454 247/1760/451
f 1057/1759/450 1056/1761/452 246/1758/449
f 1054/1757/448 1057/1759/450 227/1756/447
f 1055/1755/446 1054/1757/448 226/1754/445
f 1067/1753/444 1055/1755/446 229/1752/443
f 1068/1751/442 1067/1753/444 228/1750/441
f 1065/1749/440 1068/1751/442 249/1748/439
f 1066/1747/438 1065/1749/440 248/1746/437
f 1074/1745/436 1066/1747/438 265/1744/435
f 1075/1743/434 1074/1745/436 264/1742/433
f 1038/1741/432 1075/1743/434 272/1740/431
f 1039/1739/430 1038/1741/432 273/1738/429
f 1036/1737/428 1039/1739/430 267/1736/427
f 1037/1735/426 1036/1737/428 266/1734/425
f 1018/1733/424 1037/1735/426 269/1732/423
f 1019/1731/422 1018/1733/424 268/1730/421
f 1016/1729/420 1019/1731/422 259/1728/419
f 1017/1727/418 1016/1729/420 258/1726/417
f 1015/1725/416 1017/1727/418 261/1724/415
f 988/1723/414 1015/1725/416 260/1722/413
f 985/1721/412 988/1723/414 270/1719/411
f 362/1899/589 353/1900/590 894/1901/590
f 351/1902/591 362/1899/589 893/1903/592
f 352/1904/593 351/1902/591 922/1905/594
f 349/1906/595 352/1904/593 924/1907/596
f 350/1908/597 349/1906/595 923/1909/598
f 360/1910/599 350/1908/597 926/1911/600
f 361/1912/601 360/1910/599 925/1913/602
f 358/1914/603 361/1912/601 945/1915/604
f 359/1916/605 358/1914/603 944/1917/606
f 365/1918/607 359/1916/605 947/1919/608
f 364/1920/609 365/1918/607 946/1921/610
f 356/1922/611 364/1920/609 983/1923/612
f 357/1924/613 356/1922/611 982/1925/614
f 338/1926/615 357/1924/613 974/1927/616
f 339/1928/617 338/1926/615 973/1929/618
f 320/1930/619 339/1928/617 976/1931/620
f 321/1932/621 320/1930/619 975/1933/622
f 318/1934/623 321/1932/621 963/1935/624
f 319/1936/625 318/1934/623 962/1937/626
f 336/1938/627 319/1936/625 965/1939/628
f 337/1940/629 336/1938/627 964/1941/630
f 335/1942/631 337/1940/629 967/1943/632
f 304/1944/633 335/1942/631 966/1945/634
f 317/1946/635 304/1944/633 969/1947/636
f 333/1948/637 317/1946/635 968/1949/638
f 334/1950/639 333/1948/637 977/1951/640
f 331/1952/641 334/1950/639 979/1953/642
f 332/1954/643 331/1952/641 978/1955/644
f 316/1956/645 332/1954/643 981/1957/646
f 302/1958/647 316/1956/645 980/1959/648
f 303/1960/649 302/1958/647 970/1961/650
f 300/1962/651 303/1960/649 949/1963/652
f 301/1964/653 300/1962/651 948/1965/654
f 315/1966/655 301/1964/653 951/1967/656
f 291/1968/657 315/1966/655 950/1969/658
f 292/1970/659 291/1968/657 971/1971/660
f 295/1972/661 292/1970/659 937/1973/662
f 293/1974/663 295/1972/661 936/1975/664
f 294/1976/665 293/1974/663 952/1977/666
f 285/1978/667 294/1976/665 954/1979/668
f 286/1980/669 285/1978/667 953/1981/670
f 290/1982/671 286/1980/669 939/1983/672
f 284/1984/673 290/1982/671 938/1985/674
f 276/1986/675 284/1984/673 955/1987/676
f 277/1988/677 276/1986/675 956/1989/678
f 280/1990/679 277/1988/677 940/1991/680
f 283/1992/681 280/1990/679 908/1993/682
f 278/1994/683 283/1992/681 907/1995/684
f 279/1996/685 278/1994/683 909/1997/686
f 288/1998/687 279/1996/685 898/1999/688
f 289/2000/689 288/1998/687 897/2001/690
f 281/2002/691 289/2000/689 911/2003/692
f 282/2004/693 281/2002/691 910/2005/694
f 287/2006/695 282/2004/693 900/2007/696
f 314/2008/697 287/2006/695 899/2009/698
f 312/2010/699 314/2008/697 912/2011/700
f 313/2012/701 312/2010/699 957/2013/702
f 329/2014/703 313/2012/701 959/2015/704
f 330/2016/705 329/2014/703 958/2017/706
f 348/2018/707 330/2016/705 928/2019/708
f 327/2020/709 348/2018/707 927/2021/710
f 328/2022/711 327/2020/709 941/2023/712
f 325/2024/713 328/2022/711 930/2025/714
f 326/2026/715 325/2024/713 929/2027/716
f 311/2028/717 326/2026/715 932/2029/718
f 298/2030/719 311/2028/717 931/2031/720
f 299/2032/721 298/2030/719 901/2033/722
f 296/2034/723 299/2032/721 896/2035/724
f 297/2036/725 296/2034/723 913/2037/726
f 309/2038/727 297/2036/725 915/2039/728
f 310/2040/729 309/2038/727 914/2041/730
f 307/2042/731 310/2040/729 917/2043/732
f 308/2044/733 307/2042/731 916/2045/734
f 346/2046/735 308/2044/733 919/2047/736
f 347/2048/737 346/2046/735 918/2049/738
f 363/2050/739 347/2048/737 943/2051/740
f 354/2052/741 363/2050/739 942/2053/742
f 355/2054/743 354/2052/741 972/2055/744
f 344/2056/745 355/2054/743 961/2057/746
f 345/2058/747 344/2056/745 960/2059/748
f 343/2060/749 345/2058/747 934/2061/750
f 305/2062/751 343/2060/749 933/2063/752
f 306/2064/753 305/2062/751 935/2065/754
f 324/2066/755 306/2064/753 903/2067/756
f 322/2068/757 324/2066/755 902/2069/758
f 323/2070/759 322/2068/757 920/2071/760
f 342/2072/761 323/2070/759 905/2073/762
f 340/2074/763 342/2072/761 904/2075/764
f 341/2076/765 340/2074/763 921/2077/766
f 353/1900/590 341/2076/765 906/2078/765
f 906/2078/765 894/1901/590 353/1900/590
f 921/2077/766 906/2078/765 341/2076/765
f 904/2075/764 921/2077/766 340/2074/763
f 905/2073/762 904/2075/764 342/2072/761
f 920/2071/760 905/2073/762 323/2070/759
f 902/2069/758 920/2071/760 322/2068/757
f 903/2067/756 902/2069/758 324/2066/755
f 935/2065/754 903/2067/756 306/2064/753
f 933/2063/752 935/2065/754 305/2062/751
f 934/2061/750 933/2063/752 343/2060/749
f 960/2059/748 934/2061/750 345/2058/747
f 961/2057/746 960/2059/748 344/2056/745
f 972/2055/744 961/2057/746 355/2054/743
f 942/2053/742 972/2055/744 354/2052/741
f 943/2051/740 942/2053/742 363/2050/739
f 918/2049/738 943/2051/740 347/2048/737
f 919/2047/736 918/2049/738 346/2046/735
f 916/2045/734 919/2047/736 308/2044/733
f 917/2043/732 916/2045/734 307/2042/731
f 914/2041/730 917/2043/732 310/2040/729
f 915/2039/728 914/2041/730 309/2038/727
f 913/2037/726 915/2039/728 297/2036/725
f 896/2035/724 913/2037/726 296/2034/723
f 901/2033/722 896/2035/724 299/2032/721
f 931/2031/720 901/2033/722 298/2030/719
f 932/2029/718 931/2031/720 311/2028/717
f 929/2027/716 932/2029/718 326/2026/715
f 930/2025/714 929/2027/716 325/2024/713
f 941/2023/712 930/2025/714 328/2022/711
f 927/2021/710 941/2023/712 327/2020/709
f 928/2019/708 927/2021/710 348/2018/707
f 958/2017/706 928/2019/708 330/2016/705
f 959/2015/704 958/2017/706 329/2014/703
f 957/2013/702 959/2015/704 313/2012/701
f 912/2011/700 957/2013/702 312/2010/699
f 899/2009/698 912/2011/700 314/2008/697
f 900/2007/696 899/2009/698 287/2006/695
f 910/2005/694 900/2007/696 282/2004/693
f 911/2003/692 910/2005/694 281/2002/691
f 897/2001/690 911/2003/692 289/2000/689
f 898/1999/688 897/2001/690 288/1998/687
f 909/1997/686 898/1999/688 279/1996/685
f 907/1995/684 909/1997/686 278/1994/683
f 908/1993/682 907/1995/684 283/1992/681
f 940/1991/680 908/1993/682 280/1990/679
f 956/1989/678 940/1991/680 277/1988/677
f 955/1987/676 956/1989/678 276/1986/675
f 938/1985/674 955/1987/676 284/1984/673
f 939/1983/672 938/1985/674 290/1982/671
f 953/1981/670 939/1983/672 286/1980/669
f 954/1979/668 953/1981/670 285/1978/667
f 952/1977/666 954/1979/668 294/1976/665
f 936/1975/664 952/1977/666 293/1974/663
f 937/1973/662 936/1975/664 295/1972/661
f 971/1971/660 937/1973/662 292/1970/659
f 950/1969/658 971/1971/660 291/1968/657
f 951/1967/656 950/1969/658 315/1966/655
f 948/1965/654 951/1967/656 301/1964/653
f 949/1963/652 948/1965/654 300/1962/651
f 970/1961/650 949/1963/652 303/1960/649
f 980/1959/648 970/1961/650 302/1958/647
f 981/1957/646 980/1959/648 316/1956/645
f 978/1955/644 981/1957/646 332/1954/643
f 979/1953/642 978/1955/644 331/1952/641
f 977/1951/640 979/1953/642 334/1950/639
f 968/1949/638 977/1951/640 333/1948/637
f 969/1947/636 968/1949/638 317/1946/635
f 966/1945/634 969/1947/636 304/1944/633
f 967/1943/632 966/1945/634 335/1942/631
f 964/1941/630 967/1943/632 337/1940/629
f 965/1939/628 964/1941/630 336/1938/627
f 962/1937/626 965/1939/628 319/1936/625
f 963/1935/624 962/1937/626 318/1934/623
f 975/1933/622 963/1935/624 321/1932/621
f 976/1931/620 975/1933/622 320/1930/619
f 973/1929/618 976/1931/620 339/1928/617
f 974/1927/616 973/1929/618 338/1926/615
f 982/1925/614 974/1927/616 357/1924/613
f 983/1923/612 982/1925/614 356/1922/611
f 946/1921/610 983/1923/612 364/1920/609
f 947/1919/608 946/1921/610 365/1918/607
f 944/1917/606 947/1919/608 359/1916/605
f 945/1915/604 944/1917/606 358/1914/603
f 925/1913/602 945/1915/604 361/1912/601
f 926/1911/600 925/1913/602 360/1910/599
f 923/1909/598 926/1911/600 350/1908/597
f 924/1907/596 923/1909/598 349/1906/595
f 922/1905/594 924/1907/596 352/1904/593
f 893/1903/592 922/1905/594 351/1902/591
f 894/1901/590 893/1903/592 362/1899/589
f 456/2079/767 443/2080/768 802/2081/768
f 441/2082/769 456/2079/767 801/2083/770
f 442/2084/771 441/2082/769 817/2085/772
f 439/2086/773 442/2084/771 819/2087/774
f 440/2088/775 439/2086/773 818/2089/776
f 454/2090/777 440/2088/775 821/2091/778
f 455/2092/779 454/2090/777 820/2093/780
f 452/2094/781 455/2092/779 858/2095/782
f 453/2096/783 452/2094/781 857/2097/784
f 421/2098/785 453/2096/783 860/2099/786
f 422/2100/787 421/2098/785 859/2101/788
f 438/2102/789 422/2100/787 862/2103/790
f 436/2104/791 438/2102/789 861/2105/792
f 437/2106/793 436/2104/791 871/2107/794
f 397/2108/795 437/2106/793 873/2109/796
f 398/2110/797 397/2108/795 872/2111/798
f 395/2112/799 398/2110/797 811/2113/800
f 396/2114/801 395/2112/799 810/2115/802
f 408/2116/803 396/2114/801 813/2117/804
f 409/2118/805 408/2116/803 812/2119/806
f 407/2120/807 409/2118/805 823/2121/808
f 394/2122/809 407/2120/807 822/2123/810
f 388/2124/811 394/2122/809 825/2125/812
f 386/2126/813 388/2124/811 824/2127/814
f 387/2128/815 386/2126/813 826/2129/816
f 384/2130/817 387/2128/815 828/2131/818
f 385/2132/819 384/2130/817 827/2133/820
f 392/2134/821 385/2132/819 830/2135/822
f 393/2136/823 392/2134/821 829/2137/824
f 434/2138/825 393/2136/823 847/2139/826
f 435/2140/827 434/2138/825 846/2141/828
f 450/2142/829 435/2140/827 875/2143/830
f 451/2144/831 450/2142/829 874/2145/832
f 433/2146/833 451/2144/831 887/2147/834
f 382/2148/835 433/2146/833 886/2149/836
f 383/2150/837 382/2148/835 888/2151/838
f 391/2152/839 383/2150/837 832/2153/840
f 389/2154/841 391/2152/839 831/2155/842
f 390/2156/843 389/2154/841 848/2157/844
f 375/2158/845 390/2156/843 850/2159/846
f 376/2160/847 375/2158/845 849/2161/848
f 381/2162/849 376/2160/847 834/2163/850
f 374/2164/851 381/2162/849 833/2165/852
f 368/2166/853 374/2164/851 851/2167/854
f 369/2168/855 368/2166/853 852/2169/856
f 372/2170/857 369/2168/855 835/2171/858
f 373/2172/859 372/2170/857 877/2173/860
f 370/2174/861 373/2172/859 876/2175/862
f 371/2176/863 370/2174/861 878/2177/864
f 379/2178/865 371/2176/863 864/2179/866
f 380/2180/867 379/2178/865 863/2181/868
f 377/2182/869 380/2180/867 880/2183/870
f 378/2184/871 377/2182/869 879/2185/872
f 419/2186/873 378/2184/871 882/2187/874
f 420/2188/875 419/2186/873 881/2189/876
f 405/2190/877 420/2188/875 890/2191/878
f 406/2192/879 405/2190/877 889/2193/880
f 418/2194/881 406/2192/879 884/2195/882
f 448/2196/883 418/2194/881 883/2197/884
f 449/2198/885 448/2196/883 891/2199/886
f 431/2200/887 449/2198/885 866/2201/888
f 432/2202/889 431/2200/887 865/2203/890
f 429/2204/891 432/2202/889 854/2205/892
f 430/2206/893 429/2204/891 853/2207/894
f 417/2208/895 430/2206/893 856/2209/896
f 403/2210/897 417/2208/895 855/2211/898
f 404/2212/899 403/2210/897 814/2213/900
f 401/2214/901 404/2212/899 804/2215/902
f 402/2216/903 401/2214/901 836/2217/904
f 415/2218/905 402/2216/903 838/2219/906
f 416/2220/907 415/2218/905 837/2221/908
f 413/2222/909 416/2220/907 840/2223/910
f 414/2224/911 413/2222/909 839/2225/912
f 446/2226/913 414/2224/911 842/2227/914
f 447/2228/915 446/2226/913 841/2229/916
f 457/2230/917 447/2228/915 868/2231/918
f 444/2232/919 457/2230/917 867/2233/920
f 445/2234/921 444/2232/919 885/2235/922
f 427/2236/923 445/2234/921 870/2237/924
f 428/2238/925 427/2236/923 869/2239/926
f 426/2240/927 428/2238/925 844/2241/928
f 399/2242/929 426/2240/927 843/2243/930
f 400/2244/931 399/2242/929 845/2245/932
f 412/2246/933 400/2244/931 806/2247/934
f 410/2248/935 412/2246/933 805/2249/936
f 411/2250/937 410/2248/935 815/2251/938
f 425/2252/939 411/2250/937 808/2253/940
f 423/2254/941 425/2252/939 807/2255/942
f 424/2256/943 423/2254/941 816/2257/944
f 443/2080/768 424/2256/943 809/2258/943
f 809/2258/943 802/2081/768 443/2080/768
f 816/2257/944 809/2258/943 424/2256/943
f 807/2255/942 816/2257/944 423/2254/941
f 808/2253/940 807/2255/942 425/2252/939
f 815/2251/938 808/2253/940 411/2250/937
f 805/2249/936 815/2251/938 410/2248/935
f 806/2247/934 805/2249/936 412/2246/933
f 845/2245/932 806/2247/934 400/2244/931
f 843/2243/930 845/2245/932 399/2242/929
f 844/2241/928 843/2243/930 426/2240/927
f 869/2239/926 844/2241/928 428/2238/925
f 870/2237/924 869/2239/926 427/2236/923
f 885/2235/922 870/2237/924 445/2234/921
f 867/2233/920 885/2235/922 444/2232/919
f 868/2231/918 867/2233/920 457/2230/917
f 841/2229/916 868/2231/918 447/2228/915
f 842/2227/914 841/2229/916 446/2226/913
f 839/2225/912 842/2227/914 414/2224/911
f 840/2223/910 839/2225/912 413/2222/909
f 837/2221/908 840/2223/910 416/2220/907
f 838/2219/906 837/2221/908 415/2218/905
f 836/2217/904 838/2219/906 402/2216/903
f 804/2215/902 836/2217/904 401/2214/901
f 814/2213/900 804/2215/902 404/2212/899
f 855/2211/898 814/2213/900 403/2210/897
f 856/2209/896 855/2211/898 417/2208/895
f 853/2207/894 856/2209/896 430/2206/893
f 854/2205/892 853/2207/894 429/2204/891
f 865/2203/890 854/2205/892 432/2202/889
f 866/2201/888 865/2203/890 431/2200/887
f 891/2199/886 866/2201/888 449/2198/885
f 883/2197/884 891/2199/886 448/2196/883
f 884/2195/882 883/2197/884 418/2194/881
f 889/2193/880 884/2195/882 406/2192/879
f 890/2191/878 889/2193/880 405/2190/877
f 881/2189/876 890/2191/878 420/2188/875
f 882/2187/874 881/2189/876 419/2186/873
f 879/2185/872 882/2187/874 378/2184/871
f 880/2183/870 879/2185/872 377/2182/869
f 863/2181/868 880/2183/870 380/2180/867
f 864/2179/866 863/2181/868 379/2178/865
f 878/2177/864 864/2179/866 371/2176/863
f 876/2175/862 878/2177/864 370/2174/861
f 877/2173/860 876/2175/862 373/2172/859
f 835/2171/858 877/2173/860 372/2170/857
f 852/2169/856 835/2171/858 369/2168/855
f 851/2167/854 852/2169/856 368/2166/853
f 833/2165/852 851/2167/854 374/2164/851
f 834/2163/850 833/2165/852 381/2162/849
f 849/2161/848 834/2163/850 376/2160/847
f 850/2159/846 849/2161/848 375/2158/845
f 848/2157/844 850/2159/846 390/2156/843
f 831/2155/842 848/2157/844 389/2154/841
f 832/2153/840 831/2155/842 391/2152/839
f 888/2151/838 832/2153/840 383/2150/837
f 886/2149/836 888/2151/838 382/2148/835
f 887/2147/834 886/2149/836 433/2146/833
f 874/2145/832 887/2147/834 451/2144/831
f 875/2143/830 874/2145/832 450/2142/829
f 846/2141/828 875/2143/830 435/2140/827
f 847/2139/826 846/2141/828 434/2138/825
f 829/2137/824 847/2139/826 393/2136/823
f 830/2135/822 829/2137/824 392/2134/821
f 827/2133/820 830/2135/822 385/2132/819
f 828/2131/818 827/2133/820 384/2130/817
f 826/2129/816 828/2131/818 387/2128/815
f 824/2127/814 826/2129/816 386/2126/813
f 825/2125/812 824/2127/814 388/2124/811
f 822/2123/810 825/2125/812 394/2122/809
f 823/2121/808 822/2123/810 407/2120/807
f 812/2119/806 823/2121/808 409/2118/805
f 813/2117/804 812/2119/806 408/2116/803
f 810/2115/802 813/2117/804 396/2114/801
f 811/2113/800 810/2115/802 395/2112/799
f 872/2111/798 811/2113/800 398/2110/797
f 873/2109/796 872/2111/798 397/2108/795
f 871/2107/794 873/2109/796 437/2106/793
f 861/2105/792 871/2107/794 436/2104/791
f 862/2103/790 861/2105/792 438/2102/789
f 859/2101/788 862/2103/790 422/2100/787
f 860/2099/786 859/2101/788 421/2098/785
f 857/2097/784 860/2099/786 453/2096/783
f 858/2095/782 857/2097/784 452/2094/781
f 820/2093/780 858/2095/782 455/2092/779
f 821/2091/778 820/2093/780 454/2090/777
f 818/2089/776 821/2091/778 440/2088/775
f 819/2087/774 818/2089/776 439/2086/773
f 817/2085/772 819/2087/774 442/2084/771
f 801/2083/770 817/2085/772 441/2082/769
f 802/2081/768 801/2083/770 456/2079/767
f 510/2259/945 535/2260/946 743/2261/946
f 511/2262/947 510/2259/945 755/2263/948
f 533/2264/949 511/2262/947 745/2265/950
f 508/2266/951 533/2264/949 744/2267/952
f 509/2268/953 508/2266/951 756/2269/954
f 532/2270/955 509/2268/953 747/2271/956
f 542/2272/957 532/2270/955 746/2273/958
f 543/2274/959 542/2272/957 757/2275/960
f 541/2276/961 543/2274/959 782/2277/962
f 531/2278/963 541/2276/961 781/2279/964
f 506/2280/965 531/2278/963 783/2281/966
f 507/2282/967 506/2280/965 769/2283/968
f 546/2284/969 507/2282/967 764/2285/970
f 547/2286/971 546/2284/969 763/2287/972
f 529/2288/973 547/2286/971 795/2289/974
f 530/2290/975 529/2288/973 794/2291/976
f 527/2292/977 530/2290/975 766/2293/978
f 528/2294/979 527/2292/977 765/2295/980
f 539/2296/981 528/2294/979 768/2297/982
f 540/2298/983 539/2296/981 767/2299/984
f 538/2300/985 540/2298/983 771/2301/986
f 526/2302/987 538/2300/985 770/2303/988
f 505/2304/989 526/2302/987 773/2305/990
f 503/2306/991 505/2304/989 772/2307/992
f 504/2308/993 503/2306/991 774/2309/994
f 501/2310/995 504/2308/993 776/2311/996
f 502/2312/997 501/2310/995 775/2313/998
f 524/2314/999 502/2312/997 778/2315/1000
f 525/2316/1001 524/2314/999 777/2317/1002
f 544/2318/1003 525/2316/1001 785/2319/1004
f 545/2320/1005 544/2318/1003 784/2321/1006
f 548/2322/1007 545/2320/1005 797/2323/1008
f 549/2324/1009 548/2322/1007 796/2325/1010
f 523/2326/1011 549/2324/1009 799/2327/1012
f 487/2328/1013 523/2326/1011 798/2329/1014
f 488/2330/1015 487/2328/1013 789/2331/1016
f 500/2332/1017 488/2330/1015 780/2333/1018
f 521/2334/1019 500/2332/1017 779/2335/1020
f 522/2336/1021 521/2334/1019 786/2337/1022
f 498/2338/1023 522/2336/1021 791/2339/1024
f 499/2340/1025 498/2338/1023 790/2341/1026
f 470/2342/1027 499/2340/1025 793/2343/1028
f 471/2344/1029 470/2342/1027 792/2345/1030
f 463/2346/1031 471/2344/1029 788/2347/1032
f 460/2348/1033 463/2346/1031 787/2349/1034
f 461/2350/1035 460/2348/1033 713/2351/1036
f 462/2352/1037 461/2350/1035 712/2353/1038
f 485/2354/1039 462/2352/1037 715/2355/1040
f 486/2356/1041 485/2354/1039 714/2357/1042
f 497/2358/1043 486/2356/1041 728/2359/1044
f 483/2360/1045 497/2358/1043 727/2361/1046
f 484/2362/1047 483/2360/1045 729/2363/1048
f 496/2364/1049 484/2362/1047 717/2365/1050
f 481/2366/1051 496/2364/1049 716/2367/1052
f 482/2368/1053 481/2366/1051 730/2369/1054
f 519/2370/1055 482/2368/1053 719/2371/1056
f 520/2372/1057 519/2370/1055 718/2373/1058
f 468/2374/1059 520/2372/1057 734/2375/1060
f 469/2376/1061 468/2374/1059 733/2377/1062
f 480/2378/1063 469/2376/1061 711/2379/1064
f 478/2380/1065 480/2378/1063 710/2381/1066
f 479/2382/1067 478/2380/1065 720/2383/1068
f 476/2384/1069 479/2382/1067 722/2385/1070
f 477/2386/1071 476/2384/1069 721/2387/1072
f 495/2388/1073 477/2386/1071 724/2389/1074
f 494/2390/1075 495/2388/1073 723/2391/1076
f 492/2392/1077 494/2390/1075 731/2393/1078
f 493/2394/1079 492/2392/1077 735/2395/1080
f 490/2396/1081 493/2394/1079 748/2397/1082
f 491/2398/1083 490/2396/1081 758/2399/1084
f 466/2400/1085 491/2398/1083 760/2401/1086
f 467/2402/1087 466/2400/1085 759/2403/1088
f 475/2404/1089 467/2402/1087 737/2405/1090
f 473/2406/1091 475/2404/1089 736/2407/1092
f 474/2408/1093 473/2406/1091 749/2409/1094
f 536/2410/1095 474/2408/1093 751/2411/1096
f 537/2412/1097 536/2410/1095 750/2413/1098
f 517/2414/1099 537/2412/1097 762/2415/1100
f 518/2416/1101 517/2414/1099 761/2417/1102
f 516/2418/1103 518/2416/1101 753/2419/1104
f 489/2420/1105 516/2418/1103 752/2421/1106
f 472/2422/1107 489/2420/1105 754/2423/1108
f 464/2424/1109 472/2422/1107 738/2425/1110
f 465/2426/1111 464/2424/1109 732/2427/1112
f 514/2428/1113 465/2426/1111 726/2429/1114
f 515/2430/1115 514/2428/1113 725/2431/1116
f 512/2432/1117 515/2430/1115 740/2433/1118
f 513/2434/1119 512/2432/1117 739/2435/1120
f 534/2436/1121 513/2434/1119 742/2437/1122
f 535/2260/946 534/2436/1121 741/2438/1121
f 741/2438/1121 743/2261/946 535/2260/946
f 742/2437/1122 741/2438/1121 534/2436/1121
f 739/2435/1120 742/2437/1122 513/2434/1119
f 740/2433/1118 739/2435/1120 512/2432/1117
f 725/2431/1116 740/2433/1118 515/2430/1115
f 726/2429/1114 725/2431/1116 514/2428/1113
f 732/2427/1112 726/2429/1114 465/2426/1111
f 738/2425/1110 732/2427/1112 464/2424/1109
f 754/2423/1108 738/2425/1110 472/2422/1107
f 752/2421/1106 754/2423/1108 489/2420/1105
f 753/2419/1104 752/2421/1106 516/2418/1103
f 761/2417/1102 753/2419/1104 518/2416/1101
f 762/2415/1100 761/2417/1102 517/2414/1099
f 750/2413/1098 762/2415/1100 537/2412/1097
f 751/2411/1096 750/2413/1098 536/2410/1095
f 749/2409/1094 751/2411/1096 474/2408/1093
f 736/2407/1092 749/2409/1094 473/2406/1091
f 737/2405/1090 736/2407/1092 475/2404/1089
f 759/2403/1088 737/2405/1090 467/2402/1087
f 760/2401/1086 759/2403/1088 466/2400/1085
f 758/2399/1084 760/2401/1086 491/2398/1083
f 748/2397/1082 758/2399/1084 490/2396/1081
f 735/2395/1080 748/2397/1082 493/2394/1079
f 731/2393/1078 735/2395/1080 492/2392/1077
f 723/2391/1076 731/2393/1078 494/2390/1075
f 724/2389/1074 723/2391/1076 495/2388/1073
f 721/2387/1072 724/2389/1074 477/2386/1071
f 722/2385/1070 721/2387/1072 476/2384/1069
f 720/2383/1068 722/2385/1070 479/2382/1067
f 710/2381/1066 720/2383/1068 478/2380/1065
f 711/2379/1064 710/2381/1066 480/2378/1063
f 733/2377/1062 711/2379/1064 469/2376/1061
f 734/2375/1060 733/2377/1062 468/2374/1059
f 718/2373/1058 734/2375/1060 520/2372/1057
f 719/2371/1056 718/2373/1058 519/2370/1055
f 730/2369/1054 719/2371/1056 482/2368/1053
f 716/2367/1052 730/2369/1054 481/2366/1051
f 717/2365/1050 716/2367/1052 496/2364/1049
f 729/2363/1048 717/2365/1050 484/2362/1047
f 727/2361/1046 729/2363/1048 483/2360/1045
f 728/2359/1044 727/2361/1046 497/2358/1043
f 714/2357/1042 728/2359/1044 486/2356/1041
f 715/2355/1040 714/2357/1042 485/2354/1039
f 712/2353/1038 715/2355/1040 462/2352/1037
f 713/2351/1036 712/2353/1038 461/2350/1035
f 787/2349/1034 713/2351/1036 460/2348/1033
f 788/2347/1032 787/2349/1034 463/2346/1031
f 792/2345/1030 788/2347/1032 471/2344/1029
f 793/2343/1028 792/2345/1030 470/2342/1027
f 790/2341/1026 793/2343/1028 499/2340/1025
f 791/2339/1024 790/2341/1026 498/2338/1023
f 786/2337/1022 791/2339/1024 522/2336/1021
f 779/2335/1020 786/2337/1022 521/2334/1019
f 780/2333/1018 779/2335/1020 500/2332/1017
f 789/2331/1016 780/2333/1018 488/2330/1015
f 798/2329/1014 789/2331/1016 487/2328/1013
f 799/2327/1012 798/2329/1014 523/2326/1011
f 796/2325/1010 799/2327/1012 549/2324/1009
f 797/2323/1008 796/2325/1010 548/2322/1007
f 784/2321/1006 797/2323/1008 545/2320/1005
f 785/2319/1004 784/2321/1006 544/2318/1003
f 777/2317/1002 785/2319/1004 525/2316/1001
f 778/2315/1000 777/2317/1002 524/2314/999
f 775/2313/998 778/2315/1000 502/2312/997
f 776/2311/996 775/2313/998 501/2310/995
f 774/2309/994 776/2311/996 504/2308/993
f 772/2307/992 774/2309/994 503/2306/991
f 773/2305/990 772/2307/992 505/2304/989
f 770/2303/988 773/2305/990 526/2302/987
f 771/2301/986 770/2303/988 538/2300/985
f 767/2299/984 771/2301/986 540/2298/983
f 768/2297/982 767/2299/984 539/2296/981
f 765/2295/980 768/2297/982 528/2294/979
f 766/2293/978 765/2295/980 527/2292/977
f 794/2291/976 766/2293/978 530/2290/975
f 795/2289/974 794/2291/976 529/2288/973
f 763/2287/972 795/2289/974 547/2286/971
f 764/2285/970 763/2287/972 546/2284/969
f 769/2283/968 764/2285/970 507/2282/967
f 783/2281/966 769/2283/968 506/2280/965
f 781/2279/964 783/2281/966 531/2278/963
f 782/2277/962 781/2279/964 541/2276/961
f 757/2275/960 782/2277/962 543/2274/959
f 746/2273/958 757/2275/960 542/2272/957
f 747/2271/956 746/2273/958 532/2270/955
f 756/2269/954 747/2271/956 509/2268/953
f 744/2267/952 756/2269/954 508/2266/951
f 745/2265/950 744/2267/952 533/2264/949
f 755/2263/948 745/2265/950 511/2262/947
f 743/2261/946 755/2263/948 510/2259/945
v 0.0237044 -0.0197644 -0.000786357 0.803922 0.803922 0.803922
v 0.0237583 -0.0197644 -0.0007919 0.803922 0.803922 0.803922
v 0.0238125 -0.0198185 -0.0007919 0.803922 0.803922 0.803922
v 0.023651 -0.0197644 -0.000777148 0.803922 0.803922 0.803922
v 0.0238125 -0.0198725 -0.000786357 0.803922 0.803922 0.803922
v 0.0235983 -0.0197644 -0.000764316 0.803922 0.803922 0.803922
v 0.0238125 -0.0199259 -0.000777148 0.803922 0.803922 0.803922
v 0.0235467 -0.0197644 -0.00074792 0.803922 0.803922 0.803922
v 0.0238125 -0.0199785 -0.000764316 0.803922 0.803922 0.803922
v 0.0234963 -0.0197644 -0.000728036 0.803922 0.803922 0.803922
v 0.0238125 -0.0200302 -0.00074792 0.803922 0.803922 0.803922
v 0.0234473 -0.0197644 -0.000704759 0.803922 0.803922 0.803922
v 0.0238125 -0.0200806 -0.000728036 0.803922 0.803922 0.803922
v 0.0234001 -0.0197644 -0.000678195 0.803922 0.803922 0.803922
v 0.0238125 -0.0201296 -0.000704759 0.803922 0.803922 0.803922
v 0.0233548 -0.0197644 -0.00064847 0.803922 0.803922 0.803922
v 0.0238125 -0.0201768 -0.000678195 0.803922 0.803922 0.803922
v 0.0233116 -0.0197644 -0.000615721 0.803922 0.803922 0.803922
v 0.0238125 -0.0202221 -0.00064847 0.803922 0.803922 0.803922
v 0.0232707 -0.0197644 -0.000580101 0.803922 0.803922 0.803922
v 0.0238125 -0.0202653 -0.000615721 0.803922 0.803922 0.803922
v 0.0232324 -0.0197644 -0.000541777 0.803922 0.803922 0.803922
v 0.0238125 -0.0203062 -0.000580101 0.803922 0.803922 0.803922
v 0.0231968 -0.0197644 -0.000500926 0.803922 0.803922 0.803922
v 0.0238125 -0.0203445 -0.000541777 0.803922 0.803922 0.803922
v 0.023164 -0.0197644 -0.00045774 0.803922 0.803922 0.803922
v 0.0238125 -0.0203801 -0.000500926 0.803922 0.803922 0.803922
v 0.0231343 -0.0197644 -0.00041242 0.803922 0.803922 0.803922
v 0.0238125 -0.0204128 -0.00045774 0.803922 0.803922 0.803922
v 0.0231077 -0.0197644 -0.000365177 0.803922 0.803922 0.803922
v 0.0238125 -0.0204426 -0.00041242 0.803922 0.803922 0.803922
v 0.0230845 -0.0197644 -0.000316231 0.803922 0.803922 0.803922
v 0.0238125 -0.0204691 -0.000365177 0.803922 0.803922 0.803922
v 0.0230646 -0.0197644 -0.000265811 0.803922 0.803922 0.803922
v 0.0238125 -0.0204924 -0.000316231 0.803922 0.803922 0.803922
v 0.0230482 -0.0197644 -0.000214151 0.803922 0.803922 0.803922
v 0.0238125 -0.0205123 -0.000265811 0.803922 0.803922 0.803922
v 0.0230354 -0.0197644 -0.000161493 0.803922 0.803922 0.803922
v 0.0238125 -0.0205287 -0.000214151 0.803922 0.803922 0.803922
v 0.0230261 -0.0197644 -0.000108082 0.803922 0.803922 0.803922
v 0.0238125 -0.0205415 -0.000161493 0.803922 0.803922 0.803922
v 0.0230206 -0.0197644 -5.41674e-05 0.803922 0.803922 0.803922
v 0.0238125 -0.0205507 -0.000108082 0.803922 0.803922 0.803922
v 0.0230206 -0.0198185 0 0.803922 0.803922 0.803922
v 0.0230245 -0.0198601 0 0.803922 0.803922 0.803922
v 0.0230354 -0.0199259 0 0.803922 0.803922 0.803922
v 0.0230418 -0.0199543 0 0.803922 0.803922 0.803922
v 0.0230261 -0.0198725 0 0.803922 0.803922 0.803922
v 0.0230646 -0.0200302 0 0.803922 0.803922 0.803922
v 0.0230482 -0.0199785 0 0.803922 0.803922 0.803922
v 0.0230703 -0.0200458 0 0.803922 0.803922 0.803922
v 0.0231077 -0.0201296 0 0.803922 0.803922 0.803922
v 0.0230845 -0.0200806 0 0.803922 0.803922 0.803922
v 0.0231097 -0.0201332 0 0.803922 0.803922 0.803922
v 0.0231343 -0.0201768 0 0.803922 0.803922 0.803922
v 0.0231593 -0.0202153 0 0.803922 0.803922 0.803922
v 0.0231968 -0.0202653 0 0.803922 0.803922 0.803922
v 0.0232184 -0.0202907 0 0.803922 0.803922 0.803922
v 0.023164 -0.0202221 0 0.803922 0.803922 0.803922
v 0.0232707 -0.0203445 0 0.803922 0.803922 0.803922
v 0.0232324 -0.0203062 0 0.803922 0.803922 0.803922
v 0.0232861 -0.0203585 0 0.803922 0.803922 0.803922
v 0.0233548 -0.0204128 0 0.803922 0.803922 0.803922
v 0.0233116 -0.0203801 0 0.803922 0.803922 0.803922
v 0.0233616 -0.0204176 0 0.803922 0.803922 0.803922
v 0.0234436 -0.0204672 0 0.803922 0.803922 0.803922
v 0.0234001 -0.0204426 0 0.803922 0.803922 0.803922
v 0.0234963 -0.0204924 0 0.803922 0.803922 0.803922
v 0.023531 -0.0205065 0 0.803922 0.803922 0.803922
v 0.0234473 -0.0204691 0 0.803922 0.803922 0.803922
v 0.0235983 -0.0205287 0 0.803922 0.803922 0.803922
v 0.0236225 -0.0205351 0 0.803922 0.803922 0.803922
v 0.0235467 -0.0205123 0 0.803922 0.803922 0.803922
v 0.0237044 -0.0205507 0 0.803922 0.803922 0.803922
v 0.023651 -0.0205415 0 0.803922 0.803922 0.803922
v 0.0237168 -0.0205523 0 0.803922 0.803922 0.803922
v 0.0238125 -0.0205563 -5.41674e-05 0.803922 0.803922 0.803922
v 0.0238125 -0.0205581 0 0.803922 0.803922 0.803922
v 0.0237583 -0.0205563 0 0.803922 0.803922 0.803922
v 0.0230187 -0.0197644 0 0.803922 0.803922 0.803922
v 0.0238125 -0.0197644 -0.00079375 0.803922 0.803922 0.803922
v 0.0237587 -0.0197709 -0.0007919 0.803922 0.803922 0.803922
v 0.0237052 -0.0197774 -0.000786357 0.803922 0.803922 0.803922
v 0.0237599 -0.0197773 -0.0007919 0.803922 0.803922 0.803922
v 0.0237076 -0.0197902 -0.000786357 0.803922 0.803922 0.803922
v 0.0237619 -0.0197836 -0.0007919 0.803922 0.803922 0.803922
v 0.0237114 -0.0198027 -0.000786357 0.803922 0.803922 0.803922
v 0.0237645 -0.0197895 -0.0007919 0.803922 0.803922 0.803922
v 0.0237168 -0.0198146 -0.000786357 0.803922 0.803922 0.803922
v 0.0237679 -0.0197951 -0.0007919 0.803922 0.803922 0.803922
v 0.0237236 -0.0198258 -0.000786357 0.803922 0.803922 0.803922
v 0.023772 -0.0198003 -0.0007919 0.803922 0.803922 0.803922
v 0.0237316 -0.019836 -0.000786357 0.803922 0.803922 0.803922
v 0.0237766 -0.0198049 -0.0007919 0.803922 0.803922 0.803922
v 0.0237408 -0.0198453 -0.000786357 0.803922 0.803922 0.803922
v 0.0237817 -0.019809 -0.0007919 0.803922 0.803922 0.803922
v 0.0237511 -0.0198533 -0.000786357 0.803922 0.803922 0.803922
v 0.0237873 -0.0198123 -0.0007919 0.803922 0.803922 0.803922
v 0.0237623 -0.0198601 -0.000786357 0.803922 0.803922 0.803922
v 0.0237933 -0.019815 -0.0007919 0.803922 0.803922 0.803922
v 0.0237742 -0.0198654 -0.000786357 0.803922 0.803922 0.803922
v 0.0237995 -0.019817 -0.0007919 0.803922 0.803922 0.803922
v 0.0237866 -0.0198693 -0.000786357 0.803922 0.803922 0.803922
v 0.023806 -0.0198181 -0.0007919 0.803922 0.803922 0.803922
v 0.0237995 -0.0198717 -0.000786357 0.803922 0.803922 0.803922
v 0.0236522 -0.0197838 -0.000777148 0.803922 0.803922 0.803922
v 0.0236557 -0.019803 -0.000777148 0.803922 0.803922 0.803922
v 0.0236615 -0.0198216 -0.000777148 0.803922 0.803922 0.803922
v 0.0236695 -0.0198394 -0.000777148 0.803922 0.803922 0.803922
v 0.0236796 -0.0198561 -0.000777148 0.803922 0.803922 0.803922
v 0.0236916 -0.0198715 -0.000777148 0.803922 0.803922 0.803922
v 0.0237054 -0.0198853 -0.000777148 0.803922 0.803922 0.803922
v 0.0237208 -0.0198973 -0.000777148 0.803922 0.803922 0.803922
v 0.0237375 -0.0199074 -0.000777148 0.803922 0.803922 0.803922
v 0.0237552 -0.0199154 -0.000777148 0.803922 0.803922 0.803922
v 0.0237739 -0.0199212 -0.000777148 0.803922 0.803922 0.803922
v 0.023793 -0.0199247 -0.000777148 0.803922 0.803922 0.803922
v 0.0235999 -0.0197902 -0.000764316 0.803922 0.803922 0.803922
v 0.0236046 -0.0198156 -0.000764316 0.803922 0.803922 0.803922
v 0.0236123 -0.0198403 -0.000764316 0.803922 0.803922 0.803922
v 0.0236229 -0.0198639 -0.000764316 0.803922 0.803922 0.803922
v 0.0236363 -0.019886 -0.000764316 0.803922 0.803922 0.803922
v 0.0236522 -0.0199064 -0.000764316 0.803922 0.803922 0.803922
v 0.0236705 -0.0199247 -0.000764316 0.803922 0.803922 0.803922
v 0.0236908 -0.0199406 -0.000764316 0.803922 0.803922 0.803922
v 0.023713 -0.019954 -0.000764316 0.803922 0.803922 0.803922
v 0.0237366 -0.0199646 -0.000764316 0.803922 0.803922 0.803922
v 0.0237613 -0.0199723 -0.000764316 0.803922 0.803922 0.803922
v 0.0237867 -0.019977 -0.000764316 0.803922 0.803922 0.803922
v 0.0235486 -0.0197964 -0.00074792 0.803922 0.803922 0.803922
v 0.0235544 -0.019828 -0.00074792 0.803922 0.803922 0.803922
v 0.023564 -0.0198586 -0.00074792 0.803922 0.803922 0.803922
v 0.0235771 -0.0198879 -0.00074792 0.803922 0.803922 0.803922
v 0.0235937 -0.0199154 -0.00074792 0.803922 0.803922 0.803922
v 0.0236135 -0.0199406 -0.00074792 0.803922 0.803922 0.803922
v 0.0236362 -0.0199633 -0.00074792 0.803922 0.803922 0.803922
v 0.0236615 -0.0199831 -0.00074792 0.803922 0.803922 0.803922
v 0.023689 -0.0199997 -0.00074792 0.803922 0.803922 0.803922
v 0.0237182 -0.0200129 -0.00074792 0.803922 0.803922 0.803922
v 0.0237489 -0.0200225 -0.00074792 0.803922 0.803922 0.803922
v 0.0237805 -0.0200282 -0.00074792 0.803922 0.803922 0.803922
v 0.0234986 -0.0198025 -0.000728036 0.803922 0.803922 0.803922
v 0.0235055 -0.0198401 -0.000728036 0.803922 0.803922 0.803922
v 0.0235168 -0.0198765 -0.000728036 0.803922 0.803922 0.803922
v 0.0235325 -0.0199113 -0.000728036 0.803922 0.803922 0.803922
v 0.0235522 -0.019944 -0.000728036 0.803922 0.803922 0.803922
v 0.0235758 -0.0199741 -0.000728036 0.803922 0.803922 0.803922
v 0.0236028 -0.0200011 -0.000728036 0.803922 0.803922 0.803922
v 0.0236329 -0.0200246 -0.000728036 0.803922 0.803922 0.803922
v 0.0236655 -0.0200444 -0.000728036 0.803922 0.803922 0.803922
v 0.0237004 -0.0200601 -0.000728036 0.803922 0.803922 0.803922
v 0.0237368 -0.0200714 -0.000728036 0.803922 0.803922 0.803922
v 0.0237744 -0.0200783 -0.000728036 0.803922 0.803922 0.803922
v 0.02345 -0.0198084 -0.000704759 0.803922 0.803922 0.803922
v 0.0234579 -0.0198518 -0.000704759 0.803922 0.803922 0.803922
v 0.0234711 -0.0198939 -0.000704759 0.803922 0.803922 0.803922
v 0.0234892 -0.0199341 -0.000704759 0.803922 0.803922 0.803922
v 0.023512 -0.0199718 -0.000704759 0.803922 0.803922 0.803922
v 0.0235392 -0.0200065 -0.000704759 0.803922 0.803922 0.803922
v 0.0235703 -0.0200377 -0.000704759 0.803922 0.803922 0.803922
v 0.0236051 -0.0200649 -0.000704759 0.803922 0.803922 0.803922
v 0.0236428 -0.0200877 -0.000704759 0.803922 0.803922 0.803922
v 0.023683 -0.0201058 -0.000704759 0.803922 0.803922 0.803922
v 0.0237251 -0.0201189 -0.000704759 0.803922 0.803922 0.803922
v 0.0237685 -0.0201269 -0.000704759 0.803922 0.803922 0.803922
v 0.0234031 -0.0198141 -0.000678195 0.803922 0.803922 0.803922
v 0.0234121 -0.0198631 -0.000678195 0.803922 0.803922 0.803922
v 0.0234269 -0.0199106 -0.000678195 0.803922 0.803922 0.803922
v 0.0234473 -0.019956 -0.000678195 0.803922 0.803922 0.803922
v 0.0234731 -0.0199987 -0.000678195 0.803922 0.803922 0.803922
v 0.0235038 -0.0200379 -0.000678195 0.803922 0.803922 0.803922
v 0.023539 -0.0200731 -0.000678195 0.803922 0.803922 0.803922
v 0.0235782 -0.0201038 -0.000678195 0.803922 0.803922 0.803922
v 0.0236208 -0.0201296 -0.000678195 0.803922 0.803922 0.803922
v 0.0236663 -0.02015 -0.000678195 0.803922 0.803922 0.803922
v 0.0237138 -0.0201648 -0.000678195 0.803922 0.803922 0.803922
v 0.0237628 -0.0201738 -0.000678195 0.803922 0.803922 0.803922
v 0.0233581 -0.0198195 -0.00064847 0.803922 0.803922 0.803922
v 0.0233681 -0.0198739 -0.00064847 0.803922 0.803922 0.803922
v 0.0233845 -0.0199267 -0.00064847 0.803922 0.803922 0.803922
v 0.0234072 -0.0199771 -0.00064847 0.803922 0.803922 0.803922
v 0.0234358 -0.0200244 -0.00064847 0.803922 0.803922 0.803922
v 0.0234699 -0.0200679 -0.00064847 0.803922 0.803922 0.803922
v 0.023509 -0.020107 -0.00064847 0.803922 0.803922 0.803922
v 0.0235525 -0.0201411 -0.00064847 0.803922 0.803922 0.803922
v 0.0235998 -0.0201697 -0.00064847 0.803922 0.803922 0.803922
v 0.0236502 -0.0201924 -0.00064847 0.803922 0.803922 0.803922
v 0.023703 -0.0202088 -0.00064847 0.803922 0.803922 0.803922
v 0.0237573 -0.0202188 -0.00064847 0.803922 0.803922 0.803922
v 0.0233152 -0.0198248 -0.000615721 0.803922 0.803922 0.803922
v 0.0233261 -0.0198843 -0.000615721 0.803922 0.803922 0.803922
v 0.0233441 -0.019942 -0.000615721 0.803922 0.803922 0.803922
v 0.023369 -0.0199972 -0.000615721 0.803922 0.803922 0.803922
v 0.0234002 -0.0200489 -0.000615721 0.803922 0.803922 0.803922
v 0.0234376 -0.0200966 -0.000615721 0.803922 0.803922 0.803922
v 0.0234803 -0.0201393 -0.000615721 0.803922 0.803922 0.803922
v 0.0235279 -0.0201766 -0.000615721 0.803922 0.803922 0.803922
v 0.0235797 -0.0202079 -0.000615721 0.803922 0.803922 0.803922
v 0.0236349 -0.0202327 -0.000615721 0.803922 0.803922 0.803922
v 0.0236926 -0.0202507 -0.000615721 0.803922 0.803922 0.803922
v 0.0237521 -0.0202616 -0.000615721 0.803922 0.803922 0.803922
v 0.0232747 -0.0198297 -0.000580101 0.803922 0.803922 0.803922
v 0.0232865 -0.019894 -0.000580101 0.803922 0.803922 0.803922
v 0.0233059 -0.0199565 -0.000580101 0.803922 0.803922 0.803922
v 0.0233328 -0.0200162 -0.000580101 0.803922 0.803922 0.803922
v 0.0233666 -0.0200721 -0.000580101 0.803922 0.803922 0.803922
v 0.023407 -0.0201236 -0.000580101 0.803922 0.803922 0.803922
v 0.0234532 -0.0201699 -0.000580101 0.803922 0.803922 0.803922
v 0.0235047 -0.0202102 -0.000580101 0.803922 0.803922 0.803922
v 0.0235607 -0.0202441 -0.000580101 0.803922 0.803922 0.803922
v 0.0236204 -0.0202709 -0.000580101 0.803922 0.803922 0.803922
v 0.0236828 -0.0202904 -0.000580101 0.803922 0.803922 0.803922
v 0.0237472 -0.0203022 -0.000580101 0.803922 0.803922 0.803922
v 0.0232366 -0.0198343 -0.000541777 0.803922 0.803922 0.803922
v 0.0232493 -0.0199032 -0.000541777 0.803922 0.803922 0.803922
v 0.0232701 -0.0199701 -0.000541777 0.803922 0.803922 0.803922
v 0.0232988 -0.020034 -0.000541777 0.803922 0.803922 0.803922
v 0.0233351 -0.0200939 -0.000541777 0.803922 0.803922 0.803922
v 0.0233783 -0.0201491 -0.000541777 0.803922 0.803922 0.803922
v 0.0234278 -0.0201986 -0.000541777 0.803922 0.803922 0.803922
v 0.023483 -0.0202418 -0.000541777 0.803922 0.803922 0.803922
v 0.0235429 -0.020278 -0.000541777 0.803922 0.803922 0.803922
v 0.0236068 -0.0203068 -0.000541777 0.803922 0.803922 0.803922
v 0.0236737 -0.0203276 -0.000541777 0.803922 0.803922 0.803922
v 0.0237426 -0.0203402 -0.000541777 0.803922 0.803922 0.803922
v 0.0232013 -0.0198386 -0.000500926 0.803922 0.803922 0.803922
v 0.0232147 -0.0199117 -0.000500926 0.803922 0.803922 0.803922
v 0.0232368 -0.0199827 -0.000500926 0.803922 0.803922 0.803922
v 0.0232673 -0.0200505 -0.000500926 0.803922 0.803922 0.803922
v 0.0233058 -0.0201141 -0.000500926 0.803922 0.803922 0.803922
v 0.0233516 -0.0201727 -0.000500926 0.803922 0.803922 0.803922
v 0.0234042 -0.0202252 -0.000500926 0.803922 0.803922 0.803922
v 0.0234627 -0.0202711 -0.000500926 0.803922 0.803922 0.803922
v 0.0235264 -0.0203096 -0.000500926 0.803922 0.803922 0.803922
v 0.0235942 -0.0203401 -0.000500926 0.803922 0.803922 0.803922
v 0.0236651 -0.0203622 -0.000500926 0.803922 0.803922 0.803922
v 0.0237383 -0.0203756 -0.000500926 0.803922 0.803922 0.803922
v 0.0231688 -0.0198425 -0.00045774 0.803922 0.803922 0.803922
v 0.0231829 -0.0199196 -0.00045774 0.803922 0.803922 0.803922
v 0.0232062 -0.0199943 -0.00045774 0.803922 0.803922 0.803922
v 0.0232383 -0.0200657 -0.00045774 0.803922 0.803922 0.803922
v 0.0232788 -0.0201327 -0.00045774 0.803922 0.803922 0.803922
v 0.0233271 -0.0201944 -0.00045774 0.803922 0.803922 0.803922
v 0.0233825 -0.0202498 -0.00045774 0.803922 0.803922 0.803922
v 0.0234441 -0.0202981 -0.00045774 0.803922 0.803922 0.803922
v 0.0235111 -0.0203386 -0.00045774 0.803922 0.803922 0.803922
v 0.0235825 -0.0203707 -0.00045774 0.803922 0.803922 0.803922
v 0.0236573 -0.020394 -0.00045774 0.803922 0.803922 0.803922
v 0.0237343 -0.0204081 -0.00045774 0.803922 0.803922 0.803922
v 0.0231392 -0.0198461 -0.00041242 0.803922 0.803922 0.803922
v 0.023154 -0.0199267 -0.00041242 0.803922 0.803922 0.803922
v 0.0231784 -0.0200049 -0.00041242 0.803922 0.803922 0.803922
v 0.023212 -0.0200795 -0.00041242 0.803922 0.803922 0.803922
v 0.0232544 -0.0201496 -0.00041242 0.803922 0.803922 0.803922
v 0.0233049 -0.0202141 -0.00041242 0.803922 0.803922 0.803922
v 0.0233628 -0.020272 -0.00041242 0.803922 0.803922 0.803922
v 0.0234272 -0.0203225 -0.00041242 0.803922 0.803922 0.803922
v 0.0234973 -0.0203649 -0.00041242 0.803922 0.803922 0.803922
v 0.023572 -0.0203985 -0.00041242 0.803922 0.803922 0.803922
v 0.0236502 -0.0204229 -0.00041242 0.803922 0.803922 0.803922
v 0.0237308 -0.0204376 -0.00041242 0.803922 0.803922 0.803922
v 0.0231129 -0.0198493 -0.000365177 0.803922 0.803922 0.803922
v 0.0231282 -0.019933 -0.000365177 0.803922 0.803922 0.803922
v 0.0231535 -0.0200143 -0.000365177 0.803922 0.803922 0.803922
v 0.0231885 -0.0200919 -0.000365177 0.803922 0.803922 0.803922
v 0.0232325 -0.0201647 -0.000365177 0.803922 0.803922 0.803922
v 0.023285 -0.0202317 -0.000365177 0.803922 0.803922 0.803922
v 0.0233452 -0.0202919 -0.000365177 0.803922 0.803922 0.803922
v 0.0234122 -0.0203444 -0.000365177 0.803922 0.803922 0.803922
v 0.023485 -0.0203884 -0.000365177 0.803922 0.803922 0.803922
v 0.0235626 -0.0204233 -0.000365177 0.803922 0.803922 0.803922
v 0.0236438 -0.0204487 -0.000365177 0.803922 0.803922 0.803922
v 0.0237276 -0.020464 -0.000365177 0.803922 0.803922 0.803922
v 0.0230898 -0.0198521 -0.000316231 0.803922 0.803922 0.803922
v 0.0231056 -0.0199386 -0.000316231 0.803922 0.803922 0.803922
v 0.0231318 -0.0200225 -0.000316231 0.803922 0.803922 0.803922
v 0.0231679 -0.0201027 -0.000316231 0.803922 0.803922 0.803922
v 0.0232133 -0.0201779 -0.000316231 0.803922 0.803922 0.803922
v 0.0232676 -0.0202472 -0.000316231 0.803922 0.803922 0.803922
v 0.0233297 -0.0203093 -0.000316231 0.803922 0.803922 0.803922
v 0.0233989 -0.0203635 -0.000316231 0.803922 0.803922 0.803922
v 0.0234742 -0.020409 -0.000316231 0.803922 0.803922 0.803922
v 0.0235543 -0.0204451 -0.000316231 0.803922 0.803922 0.803922
v 0.0236383 -0.0204713 -0.000316231 0.803922 0.803922 0.803922
v 0.0237247 -0.0204871 -0.000316231 0.803922 0.803922 0.803922
v 0.02307 -0.0198545 -0.000265811 0.803922 0.803922 0.803922
v 0.0230863 -0.0199434 -0.000265811 0.803922 0.803922 0.803922
v 0.0231132 -0.0200296 -0.000265811 0.803922 0.803922 0.803922
v 0.0231503 -0.020112 -0.000265811 0.803922 0.803922 0.803922
v 0.023197 -0.0201892 -0.000265811 0.803922 0.803922 0.803922
v 0.0232527 -0.0202603 -0.000265811 0.803922 0.803922 0.803922
v 0.0233165 -0.0203242 -0.000265811 0.803922 0.803922 0.803922
v 0.0233876 -0.0203799 -0.000265811 0.803922 0.803922 0.803922
v 0.0234649 -0.0204266 -0.000265811 0.803922 0.803922 0.803922
v 0.0235473 -0.0204637 -0.000265811 0.803922 0.803922 0.803922
v 0.0236335 -0.0204906 -0.000265811 0.803922 0.803922 0.803922
v 0.0237223 -0.0205068 -0.000265811 0.803922 0.803922 0.803922
v 0.0230538 -0.0198565 -0.000214151 0.803922 0.803922 0.803922
v 0.0230704 -0.0199473 -0.000214151 0.803922 0.803922 0.803922
v 0.0230979 -0.0200354 -0.000214151 0.803922 0.803922 0.803922
v 0.0231357 -0.0201196 -0.000214151 0.803922 0.803922 0.803922
v 0.0231835 -0.0201986 -0.000214151 0.803922 0.803922 0.803922
v 0.0232404 -0.0202712 -0.000214151 0.803922 0.803922 0.803922
v 0.0233057 -0.0203365 -0.000214151 0.803922 0.803922 0.803922
v 0.0233783 -0.0203934 -0.000214151 0.803922 0.803922 0.803922
v 0.0234573 -0.0204411 -0.000214151 0.803922 0.803922 0.803922
v 0.0235415 -0.020479 -0.000214151 0.803922 0.803922 0.803922
v 0.0236296 -0.0205065 -0.000214151 0.803922 0.803922 0.803922
v 0.0237204 -0.0205231 -0.000214151 0.803922 0.803922 0.803922
v 0.023041 -0.019858 -0.000161493 0.803922 0.803922 0.803922
v 0.0230579 -0.0199504 -0.000161493 0.803922 0.803922 0.803922
v 0.0230859 -0.02004 -0.000161493 0.803922 0.803922 0.803922
v 0.0231244 -0.0201255 -0.000161493 0.803922 0.803922 0.803922
v 0.0231729 -0.0202058 -0.000161493 0.803922 0.803922 0.803922
v 0.0232308 -0.0202797 -0.000161493 0.803922 0.803922 0.803922
v 0.0232972 -0.0203461 -0.000161493 0.803922 0.803922 0.803922
v 0.023371 -0.020404 -0.000161493 0.803922 0.803922 0.803922
v 0.0234513 -0.0204525 -0.000161493 0.803922 0.803922 0.803922
v 0.0235369 -0.020491 -0.000161493 0.803922 0.803922 0.803922
v 0.0236265 -0.0205189 -0.000161493 0.803922 0.803922 0.803922
v 0.0237188 -0.0205359 -0.000161493 0.803922 0.803922 0.803922
v 0.0230319 -0.0198592 -0.000108082 0.803922 0.803922 0.803922
v 0.023049 -0.0199526 -0.000108082 0.803922 0.803922 0.803922
v 0.0230772 -0.0200432 -0.000108082 0.803922 0.803922 0.803922
v 0.0231162 -0.0201298 -0.000108082 0.803922 0.803922 0.803922
v 0.0231653 -0.0202111 -0.000108082 0.803922 0.803922 0.803922
v 0.0232239 -0.0202858 -0.000108082 0.803922 0.803922 0.803922
v 0.023291 -0.020353 -0.000108082 0.803922 0.803922 0.803922
v 0.0233658 -0.0204115 -0.000108082 0.803922 0.803922 0.803922
v 0.0234471 -0.0204607 -0.000108082 0.803922 0.803922 0.803922
v 0.0235337 -0.0204996 -0.000108082 0.803922 0.803922 0.803922
v 0.0236243 -0.0205279 -0.000108082 0.803922 0.803922 0.803922
v 0.0237177 -0.020545 -0.000108082 0.803922 0.803922 0.803922
v 0.0230264 -0.0198598 -5.41674e-05 0.803922 0.803922 0.803922
v 0.0230436 -0.0199539 -5.41674e-05 0.803922 0.803922 0.803922
v 0.0230721 -0.0200452 -5.41674e-05 0.803922 0.803922 0.803922
v 0.0231113 -0.0201324 -5.41674e-05 0.803922 0.803922 0.803922
v 0.0231608 -0.0202142 -5.41674e-05 0.803922 0.803922 0.803922
v 0.0232198 -0.0202895 -5.41674e-05 0.803922 0.803922 0.803922
v 0.0232874 -0.0203571 -5.41674e-05 0.803922 0.803922 0.803922
v 0.0233626 -0.0204161 -5.41674e-05 0.803922 0.803922 0.803922
v 0.0234445 -0.0204656 -5.41674e-05 0.803922 0.803922 0.803922
v 0.0235317 -0.0205048 -5.41674e-05 0.803922 0.803922 0.803922
v 0.023623 -0.0205333 -5.41674e-05 0.803922 0.803922 0.803922
v 0.023717 -0.0205505 -5.41674e-05 0.803922 0.803922 0.803922
v 0.0230187 0.00047625 0 0.803922 0.803922 0.803922
v 0.0230206 0.00047625 -5.41674e-05 0.803922 0.803922 0.803922
v 0.0230261 0.00047625 -0.000108082 0.803922 0.803922 0.803922
v 0.0230354 0.00047625 -0.000161493 0.803922 0.803922 0.803922
v 0.0230482 0.00047625 -0.000214151 0.803922 0.803922 0.803922
v 0.0230646 0.00047625 -0.000265811 0.803922 0.803922 0.803922
v 0.0230845 0.00047625 -0.000316231 0.803922 0.803922 0.803922
v 0.0231077 0.00047625 -0.000365177 0.803922 0.803922 0.803922
v 0.0231343 0.00047625 -0.00041242 0.803922 0.803922 0.803922
v 0.023164 0.00047625 -0.00045774 0.803922 0.803922 0.803922
v 0.0231968 0.00047625 -0.000500926 0.803922 0.803922 0.803922
v 0.0232324 0.00047625 -0.000541777 0.803922 0.803922 0.803922
v 0.0232707 0.00047625 -0.000580101 0.803922 0.803922 0.803922
v 0.0233116 0.00047625 -0.000615721 0.803922 0.803922 0.803922
v 0.0233548 0.00047625 -0.00064847 0.803922 0.803922 0.803922
v 0.0234001 0.00047625 -0.000678195 0.803922 0.803922 0.803922
v 0.0234473 0.00047625 -0.000704759 0.803922 0.803922 0.803922
v 0.0234963 0.00047625 -0.000728036 0.803922 0.803922 0.803922
v 0.0235467 0.00047625 -0.00074792 0.803922 0.803922 0.803922
v 0.0235983 0.00047625 -0.000764316 0.803922 0.803922 0.803922
v 0.023651 0.00047625 -0.000777148 0.803922 0.803922 0.803922
v 0.0237044 0.00047625 -0.000786357 0.803922 0.803922 0.803922
v 0.0237583 0.00047625 -0.0007919 0.803922 0.803922 0.803922
v 0.0238125 0.00047625 -0.00079375 0.803922 0.803922 0.803922
v 0.0398462 -0.0205581 0 0.803922 0.803922 0.803922
v 0.0398462 -0.0205563 -5.41674e-05 0.803922 0.803922 0.803922
v 0.0398462 -0.0205507 -0.000108082 0.803922 0.803922 0.803922
v 0.0398462 -0.0205415 -0.000161493 0.803922 0.803922 0.803922
v 0.0398462 -0.0205287 -0.000214151 0.803922 0.803922 0.803922
v 0.0398462 -0.0205123 -0.000265811 0.803922 0.803922 0.803922
v 0.0398462 -0.0204924 -0.000316231 0.803922 0.803922 0.803922
v 0.0398462 -0.0204691 -0.000365177 0.803922 0.803922 0.803922
v 0.0398462 -0.0204426 -0.00041242 0.803922 0.803922 0.803922
v 0.0398462 -0.0204128 -0.00045774 0.803922 0.803922 0.803922
v 0.0398462 -0.0203801 -0.000500926 0.803922 0.803922 0.803922
v 0.0398462 -0.0203445 -0.000541777 0.803922 0.803922 0.803922
v 0.0398462 -0.0203062 -0.000580101 0.803922 0.803922 0.803922
v 0.0398462 -0.0202653 -0.000615721 0.803922 0.803922 0.803922
v 0.0398462 -0.0202221 -0.00064847 0.803922 0.803922 0.803922
v 0.0398462 -0.0201768 -0.000678195 0.803922 0.803922 0.803922
v 0.0398462 -0.0201296 -0.000704759 0.803922 0.803922 0.803922
v 0.0398462 -0.0200806 -0.000728036 0.803922 0.803922 0.803922
v 0.0398462 -0.0200302 -0.00074792 0.803922 0.803922 0.803922
v 0.0398462 -0.0199785 -0.000764316 0.803922 0.803922 0.803922
v 0.0398462 -0.0199259 -0.000777148 0.803922 0.803922 0.803922
v 0.0398462 -0.0198725 -0.000786357 0.803922 0.803922 0.803922
v 0.0398462 -0.0198185 -0.0007919 0.803922 0.803922 0.803922
v 0.0398462 -0.0197644 -0.00079375 0.803922 0.803922 0.803922
v 0.0238125 -0.0205581 0.00396875 0.803922 0.803922 0.803922
v 0.0237583 -0.0205563 0.00396875 0.803922 0.803922 0.803922
v 0.0237168 -0.0205523 0.00396875 0.803922 0.803922 0.803922
v 0.0237044 -0.0205507 0.00396875 0.803922 0.803922 0.803922
v 0.023651 -0.0205415 0.00396875 0.803922 0.803922 0.803922
v 0.0236225 -0.0205351 0.00396875 0.803922 0.803922 0.803922
v 0.0235983 -0.0205287 0.00396875 0.803922 0.803922 0.803922
v 0.0235467 -0.0205123 0.00396875 0.803922 0.803922 0.803922
v 0.023531 -0.0205065 0.00396875 0.803922 0.803922 0.803922
v 0.0234963 -0.0204924 0.00396875 0.803922 0.803922 0.803922
v 0.0234473 -0.0204691 0.00396875 0.803922 0.803922 0.803922
v 0.0234436 -0.0204672 0.00396875 0.803922 0.803922 0.803922
v 0.0233616 -0.0204176 0.00396875 0.803922 0.803922 0.803922
v 0.0234001 -0.0204426 0.00396875 0.803922 0.803922 0.803922
v 0.0233548 -0.0204128 0.00396875 0.803922 0.803922 0.803922
v 0.0233116 -0.0203801 0.00396875 0.803922 0.803922 0.803922
v 0.0232861 -0.0203585 0.00396875 0.803922 0.803922 0.803922
v 0.0232707 -0.0203445 0.00396875 0.803922 0.803922 0.803922
v 0.0232324 -0.0203062 0.00396875 0.803922 0.803922 0.803922
v 0.0232184 -0.0202907 0.00396875 0.803922 0.803922 0.803922
v 0.0231968 -0.0202653 0.00396875 0.803922 0.803922 0.803922
v 0.023164 -0.0202221 0.00396875 0.803922 0.803922 0.803922
v 0.0231593 -0.0202153 0.00396875 0.803922 0.803922 0.803922
v 0.0231097 -0.0201332 0.00396875 0.803922 0.803922 0.803922
v 0.0231343 -0.0201768 0.00396875 0.803922 0.803922 0.803922
v 0.0231077 -0.0201296 0.00396875 0.803922 0.803922 0.803922
v 0.0230845 -0.0200806 0.00396875 0.803922 0.803922 0.803922
v 0.0230703 -0.0200458 0.00396875 0.803922 0.803922 0.803922
v 0.0230646 -0.0200302 0.00396875 0.803922 0.803922 0.803922
v 0.0230482 -0.0199785 0.00396875 0.803922 0.803922 0.803922
v 0.0230418 -0.0199543 0.00396875 0.803922 0.803922 0.803922
v 0.0230354 -0.0199259 0.00396875 0.803922 0.803922 0.803922
v 0.0230261 -0.0198725 0.00396875 0.803922 0.803922 0.803922
v 0.0230245 -0.0198601 0.00396875 0.803922 0.803922 0.803922
v 0.0230206 -0.0198185 0.00396875 0.803922 0.803922 0.803922
v 0.0230187 -0.0197644 0.00396875 0.803922 0.803922 0.803922
v 0.0230187 0.00047625 0.00396875 0.803922 0.803922 0.803922
v 0.0238125 0.000584332 -0.000786357 0.803922 0.803922 0.803922
v 0.0238125 0.000530417 -0.0007919 0.803922 0.803922 0.803922
v 0.0238125 0.000637743 -0.000777148 0.803922 0.803922 0.803922
v 0.0238125 0.000690401 -0.000764316 0.803922 0.803922 0.803922
v 0.0238125 0.000742061 -0.00074792 0.803922 0.803922 0.803922
v 0.0238125 0.000792481 -0.000728036 0.803922 0.803922 0.803922
v 0.0238125 0.000841427 -0.000704759 0.803922 0.803922 0.803922
v 0.0238125 0.00088867 -0.000678195 0.803922 0.803922 0.803922
v 0.0238125 0.00093399 -0.00064847 0.803922 0.803922 0.803922
v 0.0238125 0.000977176 -0.000615721 0.803922 0.803922 0.803922
v 0.0238125 0.00101803 -0.000580101 0.803922 0.803922 0.803922
v 0.0238125 0.00105635 -0.000541777 0.803922 0.803922 0.803922
v 0.0238125 0.00109197 -0.000500926 0.803922 0.803922 0.803922
v 0.0238125 0.00112472 -0.00045774 0.803922 0.803922 0.803922
v 0.0238125 0.00115445 -0.00041242 0.803922 0.803922 0.803922
v 0.0238125 0.00118101 -0.000365177 0.803922 0.803922 0.803922
v 0.0238125 0.00120429 -0.000316231 0.803922 0.803922 0.803922
v 0.0238125 0.00122417 -0.000265811 0.803922 0.803922 0.803922
v 0.0238125 0.00124057 -0.000214151 0.803922 0.803922 0.803922
v 0.0238125 0.0012534 -0.000161493 0.803922 0.803922 0.803922
v 0.0238125 0.00126261 -0.000108082 0.803922 0.803922 0.803922
v 0.0238125 0.00126815 -5.41674e-05 0.803922 0.803922 0.803922
v 0.0237583 0.00126815 0 0.803922 0.803922 0.803922
v 0.0237168 0.00126421 0 0.803922 0.803922 0.803922
v 0.023651 0.0012534 0 0.803922 0.803922 0.803922
v 0.0236225 0.00124694 0 0.803922 0.803922 0.803922
v 0.0237044 0.00126261 0 0.803922 0.803922 0.803922
v 0.0235467 0.00122417 0 0.803922 0.803922 0.803922
v 0.0235983 0.00124057 0 0.803922 0.803922 0.803922
v 0.023531 0.00121842 0 0.803922 0.803922 0.803922
v 0.0234473 0.00118101 0 0.803922 0.803922 0.803922
v 0.0234963 0.00120429 0 0.803922 0.803922 0.803922
v 0.0234436 0.00117908 0 0.803922 0.803922 0.803922
v 0.0234001 0.00115445 0 0.803922 0.803922 0.803922
v 0.0233616 0.00112949 0 0.803922 0.803922 0.803922
v 0.0233116 0.00109197 0 0.803922 0.803922 0.803922
v 0.0232861 0.00107038 0 0.803922 0.803922 0.803922
v 0.0233548 0.00112472 0 0.803922 0.803922 0.803922
v 0.0232324 0.00101803 0 0.803922 0.803922 0.803922
v 0.0232707 0.00105635 0 0.803922 0.803922 0.803922
v 0.0232184 0.0010026 0 0.803922 0.803922 0.803922
v 0.023164 0.00093399 0 0.803922 0.803922 0.803922
v 0.0231968 0.000977176 0 0.803922 0.803922 0.803922
v 0.0231593 0.000927151 0 0.803922 0.803922 0.803922
v 0.0231097 0.000845124 0 0.803922 0.803922 0.803922
v 0.0231343 0.00088867 0 0.803922 0.803922 0.803922
v 0.0230845 0.000792481 0 0.803922 0.803922 0.803922
v 0.0230703 0.000757718 0 0.803922 0.803922 0.803922
v 0.0231077 0.000841427 0 0.803922 0.803922 0.803922
v 0.0230482 0.000690401 0 0.803922 0.803922 0.803922
v 0.0230418 0.000666207 0 0.803922 0.803922 0.803922
v 0.0230646 0.000742061 0 0.803922 0.803922 0.803922
v 0.0230261 0.000584332 0 0.803922 0.803922 0.803922
v 0.0230354 0.000637743 0 0.803922 0.803922 0.803922
v 0.0230245 0.000571926 0 0.803922 0.803922 0.803922
v 0.0230206 0.000530417 0 0.803922 0.803922 0.803922
v 0.0238125 0.00127 0 0.803922 0.803922 0.803922
v 0.023806 0.000530022 -0.0007919 0.803922 0.803922 0.803922
v 0.0237995 0.000583544 -0.000786357 0.803922 0.803922 0.803922
v 0.0237995 0.000528843 -0.0007919 0.803922 0.803922 0.803922
v 0.0237866 0.000581192 -0.000786357 0.803922 0.803922 0.803922
v 0.0237933 0.000526897 -0.0007919 0.803922 0.803922 0.803922
v 0.0237742 0.000577309 -0.000786357 0.803922 0.803922 0.803922
v 0.0237873 0.000524213 -0.0007919 0.803922 0.803922 0.803922
v 0.0237623 0.000571952 -0.000786357 0.803922 0.803922 0.803922
v 0.0237817 0.000520829 -0.0007919 0.803922 0.803922 0.803922
v 0.0237511 0.0005652 -0.000786357 0.803922 0.803922 0.803922
v 0.0237766 0.000516795 -0.0007919 0.803922 0.803922 0.803922
v 0.0237408 0.000557151 -0.000786357 0.803922 0.803922 0.803922
v 0.023772 0.00051217 -0.0007919 0.803922 0.803922 0.803922
v 0.0237316 0.000547922 -0.000786357 0.803922 0.803922 0.803922
v 0.0237679 0.000507021 -0.0007919 0.803922 0.803922 0.803922
v 0.0237236 0.000537648 -0.000786357 0.803922 0.803922 0.803922
v 0.0237645 0.000501423 -0.0007919 0.803922 0.803922 0.803922
v 0.0237168 0.000526478 -0.000786357 0.803922 0.803922 0.803922
v 0.0237619 0.000495458 -0.0007919 0.803922 0.803922 0.803922
v 0.0237114 0.000514577 -0.000786357 0.803922 0.803922 0.803922
v 0.0237599 0.000489213 -0.0007919 0.803922 0.803922 0.803922
v 0.0237076 0.000502116 -0.000786357 0.803922 0.803922 0.803922
v 0.0237587 0.000482779 -0.0007919 0.803922 0.803922 0.803922
v 0.0237052 0.000489278 -0.000786357 0.803922 0.803922 0.803922
v 0.023793 0.000636566 -0.000777148 0.803922 0.803922 0.803922
v 0.0237739 0.000633051 -0.000777148 0.803922 0.803922 0.803922
v 0.0237552 0.000627249 -0.000777148 0.803922 0.803922 0.803922
v 0.0237375 0.000619245 -0.000777148 0.803922 0.803922 0.803922
v 0.0237208 0.000609156 -0.000777148 0.803922 0.803922 0.803922
v 0.0237054 0.000597129 -0.000777148 0.803922 0.803922 0.803922
v 0.0236916 0.00058334 -0.000777148 0.803922 0.803922 0.803922
v 0.0236796 0.000567989 -0.000777148 0.803922 0.803922 0.803922
v 0.0236695 0.0005513 -0.000777148 0.803922 0.803922 0.803922
v 0.0236615 0.000533516 -0.000777148 0.803922 0.803922 0.803922
v 0.0236557 0.000514898 -0.000777148 0.803922 0.803922 0.803922
v 0.0236522 0.000495716 -0.000777148 0.803922 0.803922 0.803922
v 0.0237867 0.00068884 -0.000764316 0.803922 0.803922 0.803922
v 0.0237613 0.000684178 -0.000764316 0.803922 0.803922 0.803922
v 0.0237366 0.000676485 -0.000764316 0.803922 0.803922 0.803922
v 0.023713 0.000665871 -0.000764316 0.803922 0.803922 0.803922
v 0.0236908 0.000652493 -0.000764316 0.803922 0.803922 0.803922
v 0.0236705 0.000636544 -0.000764316 0.803922 0.803922 0.803922
v 0.0236522 0.000618259 -0.000764316 0.803922 0.803922 0.803922
v 0.0236363 0.000597902 -0.000764316 0.803922 0.803922 0.803922
v 0.0236229 0.000575771 -0.000764316 0.803922 0.803922 0.803922
v 0.0236123 0.000552189 -0.000764316 0.803922 0.803922 0.803922
v 0.0236046 0.0005275 -0.000764316 0.803922 0.803922 0.803922
v 0.0235999 0.000502063 -0.000764316 0.803922 0.803922 0.803922
v 0.0237805 0.000740123 -0.00074792 0.803922 0.803922 0.803922
v 0.0237489 0.000734337 -0.00074792 0.803922 0.803922 0.803922
v 0.0237182 0.000724787 -0.00074792 0.803922 0.803922 0.803922
v 0.023689 0.000711614 -0.00074792 0.803922 0.803922 0.803922
v 0.0236615 0.000695008 -0.00074792 0.803922 0.803922 0.803922
v 0.0236362 0.000675212 -0.00074792 0.803922 0.803922 0.803922
v 0.0236135 0.000652515 -0.00074792 0.803922 0.803922 0.803922
v 0.0235937 0.000627248 -0.00074792 0.803922 0.803922 0.803922
v 0.0235771 0.000599778 -0.00074792 0.803922 0.803922 0.803922
v 0.023564 0.000570508 -0.00074792 0.803922 0.803922 0.803922
v 0.0235544 0.000539863 -0.00074792 0.803922 0.803922 0.803922
v 0.0235486 0.00050829 -0.00074792 0.803922 0.803922 0.803922
v 0.0237744 0.000790175 -0.000728036 0.803922 0.803922 0.803922
v 0.0237368 0.000783292 -0.000728036 0.803922 0.803922 0.803922
v 0.0237004 0.000771931 -0.000728036 0.803922 0.803922 0.803922
v 0.0236655 0.000756259 -0.000728036 0.803922 0.803922 0.803922
v 0.0236329 0.000736503 -0.000728036 0.803922 0.803922 0.803922
v 0.0236028 0.000712952 -0.000728036 0.803922 0.803922 0.803922
v 0.0235758 0.00068595 -0.000728036 0.803922 0.803922 0.803922
v 0.0235522 0.00065589 -0.000728036 0.803922 0.803922 0.803922
v 0.0235325 0.00062321 -0.000728036 0.803922 0.803922 0.803922
v 0.0235168 0.000588387 -0.000728036 0.803922 0.803922 0.803922
v 0.0235055 0.000551929 -0.000728036 0.803922 0.803922 0.803922
v 0.0234986 0.000514367 -0.000728036 0.803922 0.803922 0.803922
v 0.0237685 0.000838764 -0.000704759 0.803922 0.803922 0.803922
v 0.0237251 0.000830815 -0.000704759 0.803922 0.803922 0.803922
v 0.023683 0.000817696 -0.000704759 0.803922 0.803922 0.803922
v 0.0236428 0.000799598 -0.000704759 0.803922 0.803922 0.803922
v 0.0236051 0.000776784 -0.000704759 0.803922 0.803922 0.803922
v 0.0235703 0.000749589 -0.000704759 0.803922 0.803922 0.803922
v 0.0235392 0.000718407 -0.000704759 0.803922 0.803922 0.803922
v 0.023512 0.000683694 -0.000704759 0.803922 0.803922 0.803922
v 0.0234892 0.000645956 -0.000704759 0.803922 0.803922 0.803922
v 0.0234711 0.000605743 -0.000704759 0.803922 0.803922 0.803922
v 0.0234579 0.000563642 -0.000704759 0.803922 0.803922 0.803922
v 0.02345 0.000520267 -0.000704759 0.803922 0.803922 0.803922
v 0.0237628 0.000885663 -0.000678195 0.803922 0.803922 0.803922
v 0.0237138 0.000876686 -0.000678195 0.803922 0.803922 0.803922
v 0.0236663 0.000861869 -0.000678195 0.803922 0.803922 0.803922
v 0.0236208 0.00084143 -0.000678195 0.803922 0.803922 0.803922
v 0.0235782 0.000815665 -0.000678195 0.803922 0.803922 0.803922
v 0.023539 0.000784951 -0.000678195 0.803922 0.803922 0.803922
v 0.0235038 0.000749735 -0.000678195 0.803922 0.803922 0.803922
v 0.0234731 0.000710531 -0.000678195 0.803922 0.803922 0.803922
v 0.0234473 0.000667911 -0.000678195 0.803922 0.803922 0.803922
v 0.0234269 0.000622496 -0.000678195 0.803922 0.803922 0.803922
v 0.0234121 0.000574949 -0.000678195 0.803922 0.803922 0.803922
v 0.0234031 0.000525962 -0.000678195 0.803922 0.803922 0.803922
v 0.0237573 0.000930653 -0.00064847 0.803922 0.803922 0.803922
v 0.023703 0.000920689 -0.00064847 0.803922 0.803922 0.803922
v 0.0236502 0.000904244 -0.00064847 0.803922 0.803922 0.803922
v 0.0235998 0.000881559 -0.00064847 0.803922 0.803922 0.803922
v 0.0235525 0.000852963 -0.00064847 0.803922 0.803922 0.803922
v 0.023509 0.000818873 -0.00064847 0.803922 0.803922 0.803922
v 0.0234699 0.000779788 -0.00064847 0.803922 0.803922 0.803922
v 0.0234358 0.000736276 -0.00064847 0.803922 0.803922 0.803922
v 0.0234072 0.000688972 -0.00064847 0.803922 0.803922 0.803922
v 0.0233845 0.000638567 -0.00064847 0.803922 0.803922 0.803922
v 0.0233681 0.000585794 -0.00064847 0.803922 0.803922 0.803922
v 0.0233581 0.000531424 -0.00064847 0.803922 0.803922 0.803922
v 0.0237521 0.000973524 -0.000615721 0.803922 0.803922 0.803922
v 0.0236926 0.00096262 -0.000615721 0.803922 0.803922 0.803922
v 0.0236349 0.000944624 -0.000615721 0.803922 0.803922 0.803922
v 0.0235797 0.000919798 -0.000615721 0.803922 0.803922 0.803922
v 0.0235279 0.000888504 -0.000615721 0.803922 0.803922 0.803922
v 0.0234803 0.000851199 -0.000615721 0.803922 0.803922 0.803922
v 0.0234376 0.000808425 -0.000615721 0.803922 0.803922 0.803922
v 0.0234002 0.000760808 -0.000615721 0.803922 0.803922 0.803922
v 0.023369 0.000709042 -0.000615721 0.803922 0.803922 0.803922
v 0.0233441 0.000653881 -0.000615721 0.803922 0.803922 0.803922
v 0.0233261 0.000596129 -0.000615721 0.803922 0.803922 0.803922
v 0.0233152 0.00053663 -0.000615721 0.803922 0.803922 0.803922
v 0.0237472 0.00101408 -0.000580101 0.803922 0.803922 0.803922
v 0.0236828 0.00100228 -0.000580101 0.803922 0.803922 0.803922
v 0.0236204 0.00098282 -0.000580101 0.803922 0.803922 0.803922
v 0.0235607 0.000955969 -0.000580101 0.803922 0.803922 0.803922
v 0.0235047 0.000922123 -0.000580101 0.803922 0.803922 0.803922
v 0.0234532 0.000881776 -0.000580101 0.803922 0.803922 0.803922
v 0.023407 0.000835514 -0.000580101 0.803922 0.803922 0.803922
v 0.0233666 0.000784014 -0.000580101 0.803922 0.803922 0.803922
v 0.0233328 0.000728026 -0.000580101 0.803922 0.803922 0.803922
v 0.0233059 0.000668367 -0.000580101 0.803922 0.803922 0.803922
v 0.0232865 0.000605906 -0.000580101 0.803922 0.803922 0.803922
v 0.0232747 0.000541554 -0.000580101 0.803922 0.803922 0.803922
v 0.0237426 0.00105212 -0.000541777 0.803922 0.803922 0.803922
v 0.0236737 0.00103949 -0.000541777 0.803922 0.803922 0.803922
v 0.0236068 0.00101865 -0.000541777 0.803922 0.803922 0.803922
v 0.0235429 0.000989904 -0.000541777 0.803922 0.803922 0.803922
v 0.023483 0.000953664 -0.000541777 0.803922 0.803922 0.803922
v 0.0234278 0.000910462 -0.000541777 0.803922 0.803922 0.803922
v 0.0233783 0.000860928 -0.000541777 0.803922 0.803922 0.803922
v 0.0233351 0.000805785 -0.000541777 0.803922 0.803922 0.803922
v 0.0232988 0.000745836 -0.000541777 0.803922 0.803922 0.803922
v 0.0232701 0.000681957 -0.000541777 0.803922 0.803922 0.803922
v 0.0232493 0.000615077 -0.000541777 0.803922 0.803922 0.803922
v 0.0232366 0.000546173 -0.000541777 0.803922 0.803922 0.803922
v 0.0237383 0.00108748 -0.000500926 0.803922 0.803922 0.803922
v 0.0236651 0.00107408 -0.000500926 0.803922 0.803922 0.803922
v 0.0235942 0.00105196 -0.000500926 0.803922 0.803922 0.803922
v 0.0235264 0.00102144 -0.000500926 0.803922 0.803922 0.803922
v 0.0234627 0.000982978 -0.000500926 0.803922 0.803922 0.803922
v 0.0234042 0.000937124 -0.000500926 0.803922 0.803922 0.803922
v 0.0233516 0.000884548 -0.000500926 0.803922 0.803922 0.803922
v 0.0233058 0.000826019 -0.000500926 0.803922 0.803922 0.803922
v 0.0232673 0.00076239 -0.000500926 0.803922 0.803922 0.803922
v 0.0232368 0.000694588 -0.000500926 0.803922 0.803922 0.803922
v 0.0232147 0.000623602 -0.000500926 0.803922 0.803922 0.803922
v 0.0232013 0.000550467 -0.000500926 0.803922 0.803922 0.803922
v 0.0237343 0.00111999 -0.00045774 0.803922 0.803922 0.803922
v 0.0236573 0.00110588 -0.00045774 0.803922 0.803922 0.803922
v 0.0235825 0.00108258 -0.00045774 0.803922 0.803922 0.803922
v 0.0235111 0.00105044 -0.00045774 0.803922 0.803922 0.803922
v 0.0234441 0.00100993 -0.00045774 0.803922 0.803922 0.803922
v 0.0233825 0.000961637 -0.00045774 0.803922 0.803922 0.803922
v 0.0233271 0.000906265 -0.00045774 0.803922 0.803922 0.803922
v 0.0232788 0.000844623 -0.00045774 0.803922 0.803922 0.803922
v 0.0232383 0.000777609 -0.00045774 0.803922 0.803922 0.803922
v 0.0232062 0.000706201 -0.00045774 0.803922 0.803922 0.803922
v 0.0231829 0.000631439 -0.00045774 0.803922 0.803922 0.803922
v 0.0231688 0.000554414 -0.00045774 0.803922 0.803922 0.803922
v 0.0237308 0.0011495 -0.00041242 0.803922 0.803922 0.803922
v 0.0236502 0.00113474 -0.00041242 0.803922 0.803922 0.803922
v 0.023572 0.00111037 -0.00041242 0.803922 0.803922 0.803922
v 0.0234973 0.00107676 -0.00041242 0.803922 0.803922 0.803922
v 0.0234272 0.00103439 -0.00041242 0.803922 0.803922 0.803922
v 0.0233628 0.000983887 -0.00041242 0.803922 0.803922 0.803922
v 0.0233049 0.000925977 -0.00041242 0.803922 0.803922 0.803922
v 0.0232544 0.000861509 -0.00041242 0.803922 0.803922 0.803922
v 0.023212 0.000791423 -0.00041242 0.803922 0.803922 0.803922
v 0.0231784 0.000716741 -0.00041242 0.803922 0.803922 0.803922
v 0.023154 0.000638553 -0.00041242 0.803922 0.803922 0.803922
v 0.0231392 0.000557997 -0.00041242 0.803922 0.803922 0.803922
v 0.0237276 0.00117587 -0.000365177 0.803922 0.803922 0.803922
v 0.0236438 0.00116053 -0.000365177 0.803922 0.803922 0.803922
v 0.0235626 0.00113521 -0.000365177 0.803922 0.803922 0.803922
v 0.023485 0.00110028 -0.000365177 0.803922 0.803922 0.803922
v 0.0234122 0.00105626 -0.000365177 0.803922 0.803922 0.803922
v 0.0233452 0.00100377 -0.000365177 0.803922 0.803922 0.803922
v 0.023285 0.000943592 -0.000365177 0.803922 0.803922 0.803922
v 0.0232325 0.000876599 -0.000365177 0.803922 0.803922 0.803922
v 0.0231885 0.000803768 -0.000365177 0.803922 0.803922 0.803922
v 0.0231535 0.000726161 -0.000365177 0.803922 0.803922 0.803922
v 0.0231282 0.00064491 -0.000365177 0.803922 0.803922 0.803922
v 0.0231129 0.000561199 -0.000365177 0.803922 0.803922 0.803922
v 0.0237247 0.00119898 -0.000316231 0.803922 0.803922 0.803922
v 0.0236383 0.00118313 -0.000316231 0.803922 0.803922 0.803922
v 0.0235543 0.00115698 -0.000316231 0.803922 0.803922 0.803922
v 0.0234742 0.00112089 -0.000316231 0.803922 0.803922 0.803922
v 0.0233989 0.00107541 -0.000316231 0.803922 0.803922 0.803922
v 0.0233297 0.00102119 -0.000316231 0.803922 0.803922 0.803922
v 0.0232676 0.000959027 -0.000316231 0.803922 0.803922 0.803922
v 0.0232133 0.000889822 -0.000316231 0.803922 0.803922 0.803922
v 0.0231679 0.000814585 -0.000316231 0.803922 0.803922 0.803922
v 0.0231318 0.000734415 -0.000316231 0.803922 0.803922 0.803922
v 0.0231056 0.000650481 -0.000316231 0.803922 0.803922 0.803922
v 0.0230898 0.000564005 -0.000316231 0.803922 0.803922 0.803922
v 0.0237223 0.00121872 -0.000265811 0.803922 0.803922 0.803922
v 0.0236335 0.00120244 -0.000265811 0.803922 0.803922 0.803922
v 0.0235473 0.00117557 -0.000265811 0.803922 0.803922 0.803922
v 0.0234649 0.0011385 -0.000265811 0.803922 0.803922 0.803922
v 0.0233876 0.00109178 -0.000265811 0.803922 0.803922 0.803922
v 0.0233165 0.00103608 -0.000265811 0.803922 0.803922 0.803922
v 0.0232527 0.000972212 -0.000265811 0.803922 0.803922 0.803922
v 0.023197 0.000901117 -0.000265811 0.803922 0.803922 0.803922
v 0.0231503 0.000823826 -0.000265811 0.803922 0.803922 0.803922
v 0.0231132 0.000741466 -0.000265811 0.803922 0.803922 0.803922
v 0.0230863 0.000655239 -0.000265811 0.803922 0.803922 0.803922
v 0.02307 0.000566402 -0.000265811 0.803922 0.803922 0.803922
v 0.0237204 0.00123499 -0.000214151 0.803922 0.803922 0.803922
v 0.0236296 0.00121836 -0.000214151 0.803922 0.803922 0.803922
v 0.0235415 0.0011909 -0.000214151 0.803922 0.803922 0.803922
v 0.0234573 0.00115302 -0.000214151 0.803922 0.803922 0.803922
v 0.0233783 0.00110527 -0.000214151 0.803922 0.803922 0.803922
v 0.0233057 0.00104835 -0.000214151 0.803922 0.803922 0.803922
v 0.0232404 0.000983085 -0.000214151 0.803922 0.803922 0.803922
v 0.0231835 0.000910431 -0.000214151 0.803922 0.803922 0.803922
v 0.0231357 0.000831445 -0.000214151 0.803922 0.803922 0.803922
v 0.0230979 0.00074728 -0.000214151 0.803922 0.803922 0.803922
v 0.0230704 0.000659163 -0.000214151 0.803922 0.803922 0.803922
v 0.0230538 0.000568378 -0.000214151 0.803922 0.803922 0.803922
v 0.0237188 0.00124773 -0.000161493 0.803922 0.803922 0.803922
v 0.0236265 0.00123082 -0.000161493 0.803922 0.803922 0.803922
v 0.0235369 0.0012029 -0.000161493 0.803922 0.803922 0.803922
v 0.0234513 0.00116438 -0.000161493 0.803922 0.803922 0.803922
v 0.023371 0.00111583 -0.000161493 0.803922 0.803922 0.803922
v 0.0232972 0.00105795 -0.000161493 0.803922 0.803922 0.803922
v 0.0232308 0.000991594 -0.000161493 0.803922 0.803922 0.803922
v 0.0231729 0.00091772 -0.000161493 0.803922 0.803922 0.803922
v 0.0231244 0.000837409 -0.000161493 0.803922 0.803922 0.803922
v 0.0230859 0.00075183 -0.000161493 0.803922 0.803922 0.803922
v 0.0230579 0.000662234 -0.000161493 0.803922 0.803922 0.803922
v 0.023041 0.000569925 -0.000161493 0.803922 0.803922 0.803922
v 0.0237177 0.00125687 -0.000108082 0.803922 0.803922 0.803922
v 0.0236243 0.00123976 -0.000108082 0.803922 0.803922 0.803922
v 0.0235337 0.00121151 -0.000108082 0.803922 0.803922 0.803922
v 0.0234471 0.00117253 -0.000108082 0.803922 0.803922 0.803922
v 0.0233658 0.00112341 -0.000108082 0.803922 0.803922 0.803922
v 0.023291 0.00106485 -0.000108082 0.803922 0.803922 0.803922
v 0.0232239 0.000997701 -0.000108082 0.803922 0.803922 0.803922
v 0.0231653 0.000922952 -0.000108082 0.803922 0.803922 0.803922
v 0.0231162 0.000841688 -0.000108082 0.803922 0.803922 0.803922
v 0.0230772 0.000755096 -0.000108082 0.803922 0.803922 0.803922
v 0.023049 0.000664438 -0.000108082 0.803922 0.803922 0.803922
v 0.0230319 0.000571035 -0.000108082 0.803922 0.803922 0.803922
v 0.023717 0.00126238 -5.41674e-05 0.803922 0.803922 0.803922
v 0.023623 0.00124514 -5.41674e-05 0.803922 0.803922 0.803922
v 0.0235317 0.00121669 -5.41674e-05 0.803922 0.803922 0.803922
v 0.0234445 0.00117744 -5.41674e-05 0.803922 0.803922 0.803922
v 0.0233626 0.00112797 -5.41674e-05 0.803922 0.803922 0.803922
v 0.0232874 0.001069 -5.41674e-05 0.803922 0.803922 0.803922
v 0.0232198 0.00100138 -5.41674e-05 0.803922 0.803922 0.803922
v 0.0231608 0.0009261 -5.41674e-05 0.803922 0.803922 0.803922
v 0.0231113 0.000844264 -5.41674e-05 0.803922 0.803922 0.803922
v 0.0230721 0.000757061 -5.41674e-05 0.803922 0.803922 0.803922
v 0.0230436 0.000665764 -5.41674e-05 0.803922 0.803922 0.803922
v 0.0230264 0.000571703 -5.41674e-05 0.803922 0.803922 0.803922
v 0.0230206 -0.0197644 0.00402292 0.803922 0.803922 0.803922
v 0.0238125 -0.0205563 0.00402292 0.803922 0.803922 0.803922
v 0.0230261 -0.0197644 0.00407683 0.803922 0.803922 0.803922
v 0.0230354 -0.0197644 0.00413024 0.803922 0.803922 0.803922
v 0.0238125 -0.0205507 0.00407683 0.803922 0.803922 0.803922
v 0.0230482 -0.0197644 0.0041829 0.803922 0.803922 0.803922
v 0.0238125 -0.0205415 0.00413024 0.803922 0.803922 0.803922
v 0.0230646 -0.0197644 0.00423456 0.803922 0.803922 0.803922
v 0.0238125 -0.0205287 0.0041829 0.803922 0.803922 0.803922
v 0.0230845 -0.0197644 0.00428498 0.803922 0.803922 0.803922
v 0.0238125 -0.0205123 0.00423456 0.803922 0.803922 0.803922
v 0.0231077 -0.0197644 0.00433393 0.803922 0.803922 0.803922
v 0.0238125 -0.0204924 0.00428498 0.803922 0.803922 0.803922
v 0.0231343 -0.0197644 0.00438117 0.803922 0.803922 0.803922
v 0.0238125 -0.0204691 0.00433393 0.803922 0.803922 0.803922
v 0.023164 -0.0197644 0.00442649 0.803922 0.803922 0.803922
v 0.0238125 -0.0204426 0.00438117 0.803922 0.803922 0.803922
v 0.0231968 -0.0197644 0.00446968 0.803922 0.803922 0.803922
v 0.0238125 -0.0204128 0.00442649 0.803922 0.803922 0.803922
v 0.0232324 -0.0197644 0.00451053 0.803922 0.803922 0.803922
v 0.0238125 -0.0203801 0.00446968 0.803922 0.803922 0.803922
v 0.0232707 -0.0197644 0.00454885 0.803922 0.803922 0.803922
v 0.0238125 -0.0203445 0.00451053 0.803922 0.803922 0.803922
v 0.0233116 -0.0197644 0.00458447 0.803922 0.803922 0.803922
v 0.0238125 -0.0203062 0.00454885 0.803922 0.803922 0.803922
v 0.0233548 -0.0197644 0.00461722 0.803922 0.803922 0.803922
v 0.0238125 -0.0202653 0.00458447 0.803922 0.803922 0.803922
v 0.0234001 -0.0197644 0.00464695 0.803922 0.803922 0.803922
v 0.0238125 -0.0202221 0.00461722 0.803922 0.803922 0.803922
v 0.0234473 -0.0197644 0.00467351 0.803922 0.803922 0.803922
v 0.0238125 -0.0201768 0.00464695 0.803922 0.803922 0.803922
v 0.0234963 -0.0197644 0.00469679 0.803922 0.803922 0.803922
v 0.0238125 -0.0201296 0.00467351 0.803922 0.803922 0.803922
v 0.0235467 -0.0197644 0.00471667 0.803922 0.803922 0.803922
v 0.0238125 -0.0200806 0.00469679 0.803922 0.803922 0.803922
v 0.0235983 -0.0197644 0.00473307 0.803922 0.803922 0.803922
v 0.0238125 -0.0200302 0.00471667 0.803922 0.803922 0.803922
v 0.023651 -0.0197644 0.0047459 0.803922 0.803922 0.803922
v 0.0238125 -0.0199785 0.00473307 0.803922 0.803922 0.803922
v 0.0237044 -0.0197644 0.00475511 0.803922 0.803922 0.803922
v 0.0238125 -0.0199259 0.0047459 0.803922 0.803922 0.803922
v 0.0237583 -0.0197644 0.00476065 0.803922 0.803922 0.803922
v 0.0238125 -0.0198725 0.00475511 0.803922 0.803922 0.803922
v 0.0238125 -0.0197644 0.0047625 0.803922 0.803922 0.803922
v 0.0238125 -0.0198185 0.00476065 0.803922 0.803922 0.803922
v 0.0230264 -0.0198598 0.00402292 0.803922 0.803922 0.803922
v 0.0230436 -0.0199539 0.00402292 0.803922 0.803922 0.803922
v 0.0230721 -0.0200452 0.00402292 0.803922 0.803922 0.803922
v 0.0231113 -0.0201324 0.00402292 0.803922 0.803922 0.803922
v 0.0231608 -0.0202142 0.00402292 0.803922 0.803922 0.803922
v 0.0232198 -0.0202895 0.00402292 0.803922 0.803922 0.803922
v 0.0232874 -0.0203571 0.00402292 0.803922 0.803922 0.803922
v 0.0233626 -0.0204161 0.00402292 0.803922 0.803922 0.803922
v 0.0234445 -0.0204656 0.00402292 0.803922 0.803922 0.803922
v 0.0235317 -0.0205048 0.00402292 0.803922 0.803922 0.803922
v 0.023623 -0.0205333 0.00402292 0.803922 0.803922 0.803922
v 0.023717 -0.0205505 0.00402292 0.803922 0.803922 0.803922
v 0.0230319 -0.0198592 0.00407683 0.803922 0.803922 0.803922
v 0.023049 -0.0199526 0.00407683 0.803922 0.803922 0.803922
v 0.0230772 -0.0200432 0.00407683 0.803922 0.803922 0.803922
v 0.0231162 -0.0201298 0.00407683 0.803922 0.803922 0.803922
v 0.0231653 -0.0202111 0.00407683 0.803922 0.803922 0.803922
v 0.0232239 -0.0202858 0.00407683 0.803922 0.803922 0.803922
v 0.023291 -0.020353 0.00407683 0.803922 0.803922 0.803922
v 0.0233658 -0.0204115 0.00407683 0.803922 0.803922 0.803922
v 0.0234471 -0.0204607 0.00407683 0.803922 0.803922 0.803922
v 0.0235337 -0.0204996 0.00407683 0.803922 0.803922 0.803922
v 0.0236243 -0.0205279 0.00407683 0.803922 0.803922 0.803922
v 0.0237177 -0.020545 0.00407683 0.803922 0.803922 0.803922
v 0.023041 -0.019858 0.00413024 0.803922 0.803922 0.803922
v 0.0230579 -0.0199504 0.00413024 0.803922 0.803922 0.803922
v 0.0230859 -0.02004 0.00413024 0.803922 0.803922 0.803922
v 0.0231244 -0.0201255 0.00413024 0.803922 0.803922 0.803922
v 0.0231729 -0.0202058 0.00413024 0.803922 0.803922 0.803922
v 0.0232308 -0.0202797 0.00413024 0.803922 0.803922 0.803922
v 0.0232972 -0.0203461 0.00413024 0.803922 0.803922 0.803922
v 0.023371 -0.020404 0.00413024 0.803922 0.803922 0.803922
v 0.0234513 -0.0204525 0.00413024 0.803922 0.803922 0.803922
v 0.0235369 -0.020491 0.00413024 0.803922 0.803922 0.803922
v 0.0236265 -0.0205189 0.00413024 0.803922 0.803922 0.803922
v 0.0237188 -0.0205359 0.00413024 0.803922 0.803922 0.803922
v 0.0230538 -0.0198565 0.0041829 0.803922 0.803922 0.803922
v 0.0230704 -0.0199473 0.0041829 0.803922 0.803922 0.803922
v 0.0230979 -0.0200354 0.0041829 0.803922 0.803922 0.803922
v 0.0231357 -0.0201196 0.0041829 0.803922 0.803922 0.803922
v 0.0231835 -0.0201986 0.0041829 0.803922 0.803922 0.803922
v 0.0232404 -0.0202712 0.0041829 0.803922 0.803922 0.803922
v 0.0233057 -0.0203365 0.0041829 0.803922 0.803922 0.803922
v 0.0233783 -0.0203934 0.0041829 0.803922 0.803922 0.803922
v 0.0234573 -0.0204411 0.0041829 0.803922 0.803922 0.803922
v 0.0235415 -0.020479 0.0041829 0.803922 0.803922 0.803922
v 0.0236296 -0.0205065 0.0041829 0.803922 0.803922 0.803922
v 0.0237204 -0.0205231 0.0041829 0.803922 0.803922 0.803922
v 0.02307 -0.0198545 0.00423456 0.803922 0.803922 0.803922
v 0.0230863 -0.0199434 0.00423456 0.803922 0.803922 0.803922
v 0.0231132 -0.0200296 0.00423456 0.803922 0.803922 0.803922
v 0.0231503 -0.020112 0.00423456 0.803922 0.803922 0.803922
v 0.023197 -0.0201892 0.00423456 0.803922 0.803922 0.803922
v 0.0232527 -0.0202603 0.00423456 0.803922 0.803922 0.803922
v 0.0233165 -0.0203242 0.00423456 0.803922 0.803922 0.803922
v 0.0233876 -0.0203799 0.00423456 0.803922 0.803922 0.803922
v 0.0234649 -0.0204266 0.00423456 0.803922 0.803922 0.803922
v 0.0235473 -0.0204637 0.00423456 0.803922 0.803922 0.803922
v 0.0236335 -0.0204906 0.00423456 0.803922 0.803922 0.803922
v 0.0237223 -0.0205068 0.00423456 0.803922 0.803922 0.803922
v 0.0230898 -0.0198521 0.00428498 0.803922 0.803922 0.803922
v 0.0231056 -0.0199386 0.00428498 0.803922 0.803922 0.803922
v 0.0231318 -0.0200225 0.00428498 0.803922 0.803922 0.803922
v 0.0231679 -0.0201027 0.00428498 0.803922 0.803922 0.803922
v 0.0232133 -0.0201779 0.00428498 0.803922 0.803922 0.803922
v 0.0232676 -0.0202472 0.00428498 0.803922 0.803922 0.803922
v 0.0233297 -0.0203093 0.00428498 0.803922 0.803922 0.803922
v 0.0233989 -0.0203635 0.00428498 0.803922 0.803922 0.803922
v 0.0234742 -0.020409 0.00428498 0.803922 0.803922 0.803922
v 0.0235543 -0.0204451 0.00428498 0.803922 0.803922 0.803922
v 0.0236383 -0.0204713 0.00428498 0.803922 0.803922 0.803922
v 0.0237247 -0.0204871 0.00428498 0.803922 0.803922 0.803922
v 0.0231129 -0.0198493 0.00433393 0.803922 0.803922 0.803922
v 0.0231282 -0.019933 0.00433393 0.803922 0.803922 0.803922
v 0.0231535 -0.0200143 0.00433393 0.803922 0.803922 0.803922
v 0.0231885 -0.0200919 0.00433393 0.803922 0.803922 0.803922
v 0.0232325 -0.0201647 0.00433393 0.803922 0.803922 0.803922
v 0.023285 -0.0202317 0.00433393 0.803922 0.803922 0.803922
v 0.0233452 -0.0202919 0.00433393 0.803922 0.803922 0.803922
v 0.0234122 -0.0203444 0.00433393 0.803922 0.803922 0.803922
v 0.023485 -0.0203884 0.00433393 0.803922 0.803922 0.803922
v 0.0235626 -0.0204233 0.00433393 0.803922 0.803922 0.803922
v 0.0236438 -0.0204487 0.00433393 0.803922 0.803922 0.803922
v 0.0237276 -0.020464 0.00433393 0.803922 0.803922 0.803922
v 0.0231392 -0.0198461 0.00438117 0.803922 0.803922 0.803922
v 0.023154 -0.0199267 0.00438117 0.803922 0.803922 0.803922
v 0.0231784 -0.0200049 0.00438117 0.803922 0.803922 0.803922
v 0.023212 -0.0200795 0.00438117 0.803922 0.803922 0.803922
v 0.0232544 -0.0201496 0.00438117 0.803922 0.803922 0.803922
v 0.0233049 -0.0202141 0.00438117 0.803922 0.803922 0.803922
v 0.0233628 -0.020272 0.00438117 0.803922 0.803922 0.803922
v 0.0234272 -0.0203225 0.00438117 0.803922 0.803922 0.803922
v 0.0234973 -0.0203649 0.00438117 0.803922 0.803922 0.803922
v 0.023572 -0.0203985 0.00438117 0.803922 0.803922 0.803922
v 0.0236502 -0.0204229 0.00438117 0.803922 0.803922 0.803922
v 0.0237308 -0.0204376 0.00438117 0.803922 0.803922 0.803922
v 0.0231688 -0.0198425 0.00442649 0.803922 0.803922 0.803922
v 0.0231829 -0.0199196 0.00442649 0.803922 0.803922 0.803922
v 0.0232062 -0.0199943 0.00442649 0.803922 0.803922 0.803922
v 0.0232383 -0.0200657 0.00442649 0.803922 0.803922 0.803922
v 0.0232788 -0.0201327 0.00442649 0.803922 0.803922 0.803922
v 0.0233271 -0.0201944 0.00442649 0.803922 0.803922 0.803922
v 0.0233825 -0.0202498 0.00442649 0.803922 0.803922 0.803922
v 0.0234441 -0.0202981 0.00442649 0.803922 0.803922 0.803922
v 0.0235111 -0.0203386 0.00442649 0.803922 0.803922 0.803922
v 0.0235825 -0.0203707 0.00442649 0.803922 0.803922 0.803922
v 0.0236573 -0.020394 0.00442649 0.803922 0.803922 0.803922
v 0.0237343 -0.0204081 0.00442649 0.803922 0.803922 0.803922
v 0.0232013 -0.0198386 0.00446968 0.803922 0.803922 0.803922
v 0.0232147 -0.0199117 0.00446968 0.803922 0.803922 0.803922
v 0.0232368 -0.0199827 0.00446968 0.803922 0.803922 0.803922
v 0.0232673 -0.0200505 0.00446968 0.803922 0.803922 0.803922
v 0.0233058 -0.0201141 0.00446968 0.803922 0.803922 0.803922
v 0.0233516 -0.0201727 0.00446968 0.803922 0.803922 0.803922
v 0.0234042 -0.0202252 0.00446968 0.803922 0.803922 0.803922
v 0.0234627 -0.0202711 0.00446968 0.803922 0.803922 0.803922
v 0.0235264 -0.0203096 0.00446968 0.803922 0.803922 0.803922
v 0.0235942 -0.0203401 0.00446968 0.803922 0.803922 0.803922
v 0.0236651 -0.0203622 0.00446968 0.803922 0.803922 0.803922
v 0.0237383 -0.0203756 0.00446968 0.803922 0.803922 0.803922
v 0.0232366 -0.0198343 0.00451053 0.803922 0.803922 0.803922
v 0.0232493 -0.0199032 0.00451053 0.803922 0.803922 0.803922
v 0.0232701 -0.0199701 0.00451053 0.803922 0.803922 0.803922
v 0.0232988 -0.020034 0.00451053 0.803922 0.803922 0.803922
v 0.0233351 -0.0200939 0.00451053 0.803922 0.803922 0.803922
v 0.0233783 -0.0201491 0.00451053 0.803922 0.803922 0.803922
v 0.0234278 -0.0201986 0.00451053 0.803922 0.803922 0.803922
v 0.023483 -0.0202418 0.00451053 0.803922 0.803922 0.803922
v 0.0235429 -0.020278 0.00451053 0.803922 0.803922 0.803922
v 0.0236068 -0.0203068 0.00451053 0.803922 0.803922 0.803922
v 0.0236737 -0.0203276 0.00451053 0.803922 0.803922 0.803922
v 0.0237426 -0.0203402 0.00451053 0.803922 0.803922 0.803922
v 0.0232747 -0.0198297 0.00454885 0.803922 0.803922 0.803922
v 0.0232865 -0.019894 0.00454885 0.803922 0.803922 0.803922
v 0.0233059 -0.0199565 0.00454885 0.803922 0.803922 0.803922
v 0.0233328 -0.0200162 0.00454885 0.803922 0.803922 0.803922
v 0.0233666 -0.0200721 0.00454885 0.803922 0.803922 0.803922
v 0.023407 -0.0201236 0.00454885 0.803922 0.803922 0.803922
v 0.0234532 -0.0201699 0.00454885 0.803922 0.803922 0.803922
v 0.0235047 -0.0202102 0.00454885 0.803922 0.803922 0.803922
v 0.0235607 -0.0202441 0.00454885 0.803922 0.803922 0.803922
v 0.0236204 -0.0202709 0.00454885 0.803922 0.803922 0.803922
v 0.0236828 -0.0202904 0.00454885 0.803922 0.803922 0.803922
v 0.0237472 -0.0203022 0.00454885 0.803922 0.803922 0.803922
v 0.0233152 -0.0198248 0.00458447 0.803922 0.803922 0.803922
v 0.0233261 -0.0198843 0.00458447 0.803922 0.803922 0.803922
v 0.0233441 -0.019942 0.00458447 0.803922 0.803922 0.803922
v 0.023369 -0.0199972 0.00458447 0.803922 0.803922 0.803922
v 0.0234002 -0.0200489 0.00458447 0.803922 0.803922 0.803922
v 0.0234376 -0.0200966 0.00458447 0.803922 0.803922 0.803922
v 0.0234803 -0.0201393 0.00458447 0.803922 0.803922 0.803922
v 0.0235279 -0.0201766 0.00458447 0.803922 0.803922 0.803922
v 0.0235797 -0.0202079 0.00458447 0.803922 0.803922 0.803922
v 0.0236349 -0.0202327 0.00458447 0.803922 0.803922 0.803922
v 0.0236926 -0.0202507 0.00458447 0.803922 0.803922 0.803922
v 0.0237521 -0.0202616 0.00458447 0.803922 0.803922 0.803922
v 0.0233581 -0.0198195 0.00461722 0.803922 0.803922 0.803922
v 0.0233681 -0.0198739 0.00461722 0.803922 0.803922 0.803922
v 0.0233845 -0.0199267 0.00461722 0.803922 0.803922 0.803922
v 0.0234072 -0.0199771 0.00461722 0.803922 0.803922 0.803922
v 0.0234358 -0.0200244 0.00461722 0.803922 0.803922 0.803922
v 0.0234699 -0.0200679 0.00461722 0.803922 0.803922 0.803922
v 0.023509 -0.020107 0.00461722 0.803922 0.803922 0.803922
v 0.0235525 -0.0201411 0.00461722 0.803922 0.803922 0.803922
v 0.0235998 -0.0201697 0.00461722 0.803922 0.803922 0.803922
v 0.0236502 -0.0201924 0.00461722 0.803922 0.803922 0.803922
v 0.023703 -0.0202088 0.00461722 0.803922 0.803922 0.803922
v 0.0237573 -0.0202188 0.00461722 0.803922 0.803922 0.803922
v 0.0234031 -0.0198141 0.00464695 0.803922 0.803922 0.803922
v 0.0234121 -0.0198631 0.00464695 0.803922 0.803922 0.803922
v 0.0234269 -0.0199106 0.00464695 0.803922 0.803922 0.803922
v 0.0234473 -0.019956 0.00464695 0.803922 0.803922 0.803922
v 0.0234731 -0.0199987 0.00464695 0.803922 0.803922 0.803922
v 0.0235038 -0.0200379 0.00464695 0.803922 0.803922 0.803922
v 0.023539 -0.0200731 0.00464695 0.803922 0.803922 0.803922
v 0.0235782 -0.0201038 0.00464695 0.803922 0.803922 0.803922
v 0.0236208 -0.0201296 0.00464695 0.803922 0.803922 0.803922
v 0.0236663 -0.02015 0.00464695 0.803922 0.803922 0.803922
v 0.0237138 -0.0201648 0.00464695 0.803922 0.803922 0.803922
v 0.0237628 -0.0201738 0.00464695 0.803922 0.803922 0.803922
v 0.02345 -0.0198084 0.00467351 0.803922 0.803922 0.803922
v 0.0234579 -0.0198518 0.00467351 0.803922 0.803922 0.803922
v 0.0234711 -0.0198939 0.00467351 0.803922 0.803922 0.803922
v 0.0234892 -0.0199341 0.00467351 0.803922 0.803922 0.803922
v 0.023512 -0.0199718 0.00467351 0.803922 0.803922 0.803922
v 0.0235392 -0.0200065 0.00467351 0.803922 0.803922 0.803922
v 0.0235703 -0.0200377 0.00467351 0.803922 0.803922 0.803922
v 0.0236051 -0.0200649 0.00467351 0.803922 0.803922 0.803922
v 0.0236428 -0.0200877 0.00467351 0.803922 0.803922 0.803922
v 0.023683 -0.0201058 0.00467351 0.803922 0.803922 0.803922
v 0.0237251 -0.0201189 0.00467351 0.803922 0.803922 0.803922
v 0.0237685 -0.0201269 0.00467351 0.803922 0.803922 0.803922
v 0.0234986 -0.0198025 0.00469679 0.803922 0.803922 0.803922
v 0.0235055 -0.0198401 0.00469679 0.803922 0.803922 0.803922
v 0.0235168 -0.0198765 0.00469679 0.803922 0.803922 0.803922
v 0.0235325 -0.0199113 0.00469679 0.803922 0.803922 0.803922
v 0.0235522 -0.019944 0.00469679 0.803922 0.803922 0.803922
v 0.0235758 -0.0199741 0.00469679 0.803922 0.803922 0.803922
v 0.0236028 -0.0200011 0.00469679 0.803922 0.803922 0.803922
v 0.0236329 -0.0200246 0.00469679 0.803922 0.803922 0.803922
v 0.0236655 -0.0200444 0.00469679 0.803922 0.803922 0.803922
v 0.0237004 -0.0200601 0.00469679 0.803922 0.803922 0.803922
v 0.0237368 -0.0200714 0.00469679 0.803922 0.803922 0.803922
v 0.0237744 -0.0200783 0.00469679 0.803922 0.803922 0.803922
v 0.0235486 -0.0197964 0.00471667 0.803922 0.803922 0.803922
v 0.0235544 -0.019828 0.00471667 0.803922 0.803922 0.803922
v 0.023564 -0.0198586 0.00471667 0.803922 0.803922 0.803922
v 0.0235771 -0.0198879 0.00471667 0.803922 0.803922 0.803922
v 0.0235937 -0.0199154 0.00471667 0.803922 0.803922 0.803922
v 0.0236135 -0.0199406 0.00471667 0.803922 0.803922 0.803922
v 0.0236362 -0.0199633 0.00471667 0.803922 0.803922 0.803922
v 0.0236615 -0.0199831 0.00471667 0.803922 0.803922 0.803922
v 0.023689 -0.0199997 0.00471667 0.803922 0.803922 0.803922
v 0.0237182 -0.0200129 0.00471667 0.803922 0.803922 0.803922
v 0.0237489 -0.0200225 0.00471667 0.803922 0.803922 0.803922
v 0.0237805 -0.0200282 0.00471667 0.803922 0.803922 0.803922
v 0.0235999 -0.0197902 0.00473307 0.803922 0.803922 0.803922
v 0.0236046 -0.0198156 0.00473307 0.803922 0.803922 0.803922
v 0.0236123 -0.0198403 0.00473307 0.803922 0.803922 0.803922
v 0.0236229 -0.0198639 0.00473307 0.803922 0.803922 0.803922
v 0.0236363 -0.019886 0.00473307 0.803922 0.803922 0.803922
v 0.0236522 -0.0199064 0.00473307 0.803922 0.803922 0.803922
v 0.0236705 -0.0199247 0.00473307 0.803922 0.803922 0.803922
v 0.0236908 -0.0199406 0.00473307 0.803922 0.803922 0.803922
v 0.023713 -0.019954 0.00473307 0.803922 0.803922 0.803922
v 0.0237366 -0.0199646 0.00473307 0.803922 0.803922 0.803922
v 0.0237613 -0.0199723 0.00473307 0.803922 0.803922 0.803922
v 0.0237867 -0.019977 0.00473307 0.803922 0.803922 0.803922
v 0.0236522 -0.0197838 0.0047459 0.803922 0.803922 0.803922
v 0.0236557 -0.019803 0.0047459 0.803922 0.803922 0.803922
v 0.0236615 -0.0198216 0.0047459 0.803922 0.803922 0.803922
v 0.0236695 -0.0198394 0.0047459 0.803922 0.803922 0.803922
v 0.0236796 -0.0198561 0.0047459 0.803922 0.803922 0.803922
v 0.0236916 -0.0198715 0.0047459 0.803922 0.803922 0.803922
v 0.0237054 -0.0198853 0.0047459 0.803922 0.803922 0.803922
v 0.0237208 -0.0198973 0.0047459 0.803922 0.803922 0.803922
v 0.0237375 -0.0199074 0.0047459 0.803922 0.803922 0.803922
v 0.0237552 -0.0199154 0.0047459 0.803922 0.803922 0.803922
v 0.0237739 -0.0199212 0.0047459 0.803922 0.803922 0.803922
v 0.023793 -0.0199247 0.0047459 0.803922 0.803922 0.803922
v 0.0237052 -0.0197774 0.00475511 0.803922 0.803922 0.803922
v 0.0237076 -0.0197902 0.00475511 0.803922 0.803922 0.803922
v 0.0237114 -0.0198027 0.00475511 0.803922 0.803922 0.803922
v 0.0237168 -0.0198146 0.00475511 0.803922 0.803922 0.803922
v 0.0237236 -0.0198258 0.00475511 0.803922 0.803922 0.803922
v 0.0237316 -0.019836 0.00475511 0.803922 0.803922 0.803922
v 0.0237408 -0.0198453 0.00475511 0.803922 0.803922 0.803922
v 0.0237511 -0.0198533 0.00475511 0.803922 0.803922 0.803922
v 0.0237623 -0.0198601 0.00475511 0.803922 0.803922 0.803922
v 0.0237742 -0.0198654 0.00475511 0.803922 0.803922 0.803922
v 0.0237866 -0.0198693 0.00475511 0.803922 0.803922 0.803922
v 0.0237995 -0.0198717 0.00475511 0.803922 0.803922 0.803922
v 0.0237587 -0.0197709 0.00476065 0.803922 0.803922 0.803922
v 0.0237599 -0.0197773 0.00476065 0.803922 0.803922 0.803922
v 0.0237619 -0.0197836 0.00476065 0.803922 0.803922 0.803922
v 0.0237645 -0.0197895 0.00476065 0.803922 0.803922 0.803922
v 0.0237679 -0.0197951 0.00476065 0.803922 0.803922 0.803922
v 0.023772 -0.0198003 0.00476065 0.803922 0.803922 0.803922
v 0.0237766 -0.0198049 0.00476065 0.803922 0.803922 0.803922
v 0.0237817 -0.019809 0.00476065 0.803922 0.803922 0.803922
v 0.0237873 -0.0198123 0.00476065 0.803922 0.803922 0.803922
v 0.0237933 -0.019815 0.00476065 0.803922 0.803922 0.803922
v 0.0237995 -0.019817 0.00476065 0.803922 0.803922 0.803922
v 0.023806 -0.0198181 0.00476065 0.803922 0.803922 0.803922
v 0.0398462 -0.0205581 0.00396875 0.803922 0.803922 0.803922
v 0.0399004 -0.0197644 -0.0007919 0.803922 0.803922 0.803922
v 0.0399543 -0.0197644 -0.000786357 0.803922 0.803922 0.803922
v 0.0400077 -0.0197644 -0.000777148 0.803922 0.803922 0.803922
v 0.0400604 -0.0197644 -0.000764316 0.803922 0.803922 0.803922
v 0.0401121 -0.0197644 -0.00074792 0.803922 0.803922 0.803922
v 0.0401625 -0.0197644 -0.000728036 0.803922 0.803922 0.803922
v 0.0402114 -0.0197644 -0.000704759 0.803922 0.803922 0.803922
v 0.0402587 -0.0197644 -0.000678195 0.803922 0.803922 0.803922
v 0.040304 -0.0197644 -0.00064847 0.803922 0.803922 0.803922
v 0.0403472 -0.0197644 -0.000615721 0.803922 0.803922 0.803922
v 0.040388 -0.0197644 -0.000580101 0.803922 0.803922 0.803922
v 0.0404264 -0.0197644 -0.000541777 0.803922 0.803922 0.803922
v 0.040462 -0.0197644 -0.000500926 0.803922 0.803922 0.803922
v 0.0404947 -0.0197644 -0.00045774 0.803922 0.803922 0.803922
v 0.0405244 -0.0197644 -0.00041242 0.803922 0.803922 0.803922
v 0.040551 -0.0197644 -0.000365177 0.803922 0.803922 0.803922
v 0.0405743 -0.0197644 -0.000316231 0.803922 0.803922 0.803922
v 0.0405942 -0.0197644 -0.000265811 0.803922 0.803922 0.803922
v 0.0406106 -0.0197644 -0.000214151 0.803922 0.803922 0.803922
v 0.0406234 -0.0197644 -0.000161493 0.803922 0.803922 0.803922
v 0.0406326 -0.0197644 -0.000108082 0.803922 0.803922 0.803922
v 0.0399004 -0.0205563 0 0.803922 0.803922 0.803922
v 0.0399419 -0.0205523 0 0.803922 0.803922 0.803922
v 0.0400077 -0.0205415 0 0.803922 0.803922 0.803922
v 0.0400362 -0.0205351 0 0.803922 0.803922 0.803922
v 0.0399543 -0.0205507 0 0.803922 0.803922 0.803922
v 0.0401121 -0.0205123 0 0.803922 0.803922 0.803922
v 0.0400604 -0.0205287 0 0.803922 0.803922 0.803922
v 0.0401277 -0.0205065 0 0.803922 0.803922 0.803922
v 0.0402114 -0.0204691 0 0.803922 0.803922 0.803922
v 0.0401625 -0.0204924 0 0.803922 0.803922 0.803922
v 0.0402151 -0.0204672 0 0.803922 0.803922 0.803922
v 0.0402587 -0.0204426 0 0.803922 0.803922 0.803922
v 0.0402972 -0.0204176 0 0.803922 0.803922 0.803922
v 0.0403472 -0.0203801 0 0.803922 0.803922 0.803922
v 0.0403726 -0.0203585 0 0.803922 0.803922 0.803922
v 0.040304 -0.0204128 0 0.803922 0.803922 0.803922
v 0.0404264 -0.0203062 0 0.803922 0.803922 0.803922
v 0.040388 -0.0203445 0 0.803922 0.803922 0.803922
v 0.0404404 -0.0202907 0 0.803922 0.803922 0.803922
v 0.0404947 -0.0202221 0 0.803922 0.803922 0.803922
v 0.040462 -0.0202653 0 0.803922 0.803922 0.803922
v 0.0404995 -0.0202153 0 0.803922 0.803922 0.803922
v 0.0405491 -0.0201332 0 0.803922 0.803922 0.803922
v 0.0405244 -0.0201768 0 0.803922 0.803922 0.803922
v 0.0405743 -0.0200806 0 0.803922 0.803922 0.803922
v 0.0405884 -0.0200458 0 0.803922 0.803922 0.803922
v 0.040551 -0.0201296 0 0.803922 0.803922 0.803922
v 0.0406106 -0.0199785 0 0.803922 0.803922 0.803922
v 0.0406169 -0.0199543 0 0.803922 0.803922 0.803922
v 0.0405942 -0.0200302 0 0.803922 0.803922 0.803922
v 0.0406326 -0.0198725 0 0.803922 0.803922 0.803922
v 0.0406234 -0.0199259 0 0.803922 0.803922 0.803922
v 0.0406342 -0.0198601 0 0.803922 0.803922 0.803922
v 0.0406381 -0.0197644 -5.41674e-05 0.803922 0.803922 0.803922
v 0.04064 -0.0197644 0 0.803922 0.803922 0.803922
v 0.0406381 -0.0198185 0 0.803922 0.803922 0.803922
v 0.0398528 -0.0198181 -0.0007919 0.803922 0.803922 0.803922
v 0.0398593 -0.0198717 -0.000786357 0.803922 0.803922 0.803922
v 0.0398592 -0.019817 -0.0007919 0.803922 0.803922 0.803922
v 0.0398721 -0.0198693 -0.000786357 0.803922 0.803922 0.803922
v 0.0398655 -0.019815 -0.0007919 0.803922 0.803922 0.803922
v 0.0398846 -0.0198654 -0.000786357 0.803922 0.803922 0.803922
v 0.0398714 -0.0198123 -0.0007919 0.803922 0.803922 0.803922
v 0.0398965 -0.0198601 -0.000786357 0.803922 0.803922 0.803922
v 0.039877 -0.019809 -0.0007919 0.803922 0.803922 0.803922
v 0.0399076 -0.0198533 -0.000786357 0.803922 0.803922 0.803922
v 0.0398822 -0.0198049 -0.0007919 0.803922 0.803922 0.803922
v 0.0399179 -0.0198453 -0.000786357 0.803922 0.803922 0.803922
v 0.0398868 -0.0198003 -0.0007919 0.803922 0.803922 0.803922
v 0.0399272 -0.019836 -0.000786357 0.803922 0.803922 0.803922
v 0.0398908 -0.0197951 -0.0007919 0.803922 0.803922 0.803922
v 0.0399352 -0.0198258 -0.000786357 0.803922 0.803922 0.803922
v 0.0398942 -0.0197895 -0.0007919 0.803922 0.803922 0.803922
v 0.039942 -0.0198146 -0.000786357 0.803922 0.803922 0.803922
v 0.0398969 -0.0197836 -0.0007919 0.803922 0.803922 0.803922
v 0.0399473 -0.0198027 -0.000786357 0.803922 0.803922 0.803922
v 0.0398988 -0.0197773 -0.0007919 0.803922 0.803922 0.803922
v 0.0399512 -0.0197902 -0.000786357 0.803922 0.803922 0.803922
v 0.0399 -0.0197709 -0.0007919 0.803922 0.803922 0.803922
v 0.0399535 -0.0197774 -0.000786357 0.803922 0.803922 0.803922
v 0.0398657 -0.0199247 -0.000777148 0.803922 0.803922 0.803922
v 0.0398849 -0.0199212 -0.000777148 0.803922 0.803922 0.803922
v 0.0399035 -0.0199154 -0.000777148 0.803922 0.803922 0.803922
v 0.0399213 -0.0199074 -0.000777148 0.803922 0.803922 0.803922
v 0.039938 -0.0198973 -0.000777148 0.803922 0.803922 0.803922
v 0.0399533 -0.0198853 -0.000777148 0.803922 0.803922 0.803922
v 0.0399671 -0.0198715 -0.000777148 0.803922 0.803922 0.803922
v 0.0399792 -0.0198561 -0.000777148 0.803922 0.803922 0.803922
v 0.0399892 -0.0198394 -0.000777148 0.803922 0.803922 0.803922
v 0.0399972 -0.0198216 -0.000777148 0.803922 0.803922 0.803922
v 0.0400031 -0.019803 -0.000777148 0.803922 0.803922 0.803922
v 0.0400066 -0.0197838 -0.000777148 0.803922 0.803922 0.803922
v 0.0398721 -0.019977 -0.000764316 0.803922 0.803922 0.803922
v 0.0398975 -0.0199723 -0.000764316 0.803922 0.803922 0.803922
v 0.0399222 -0.0199646 -0.000764316 0.803922 0.803922 0.803922
v 0.0399458 -0.019954 -0.000764316 0.803922 0.803922 0.803922
v 0.0399679 -0.0199406 -0.000764316 0.803922 0.803922 0.803922
v 0.0399883 -0.0199247 -0.000764316 0.803922 0.803922 0.803922
v 0.0400065 -0.0199064 -0.000764316 0.803922 0.803922 0.803922
v 0.0400225 -0.019886 -0.000764316 0.803922 0.803922 0.803922
v 0.0400359 -0.0198639 -0.000764316 0.803922 0.803922 0.803922
v 0.0400465 -0.0198403 -0.000764316 0.803922 0.803922 0.803922
v 0.0400542 -0.0198156 -0.000764316 0.803922 0.803922 0.803922
v 0.0400588 -0.0197902 -0.000764316 0.803922 0.803922 0.803922
v 0.0398783 -0.0200282 -0.00074792 0.803922 0.803922 0.803922
v 0.0399099 -0.0200225 -0.00074792 0.803922 0.803922 0.803922
v 0.0399405 -0.0200129 -0.00074792 0.803922 0.803922 0.803922
v 0.0399698 -0.0199997 -0.00074792 0.803922 0.803922 0.803922
v 0.0399972 -0.0199831 -0.00074792 0.803922 0.803922 0.803922
v 0.0400225 -0.0199633 -0.00074792 0.803922 0.803922 0.803922
v 0.0400452 -0.0199406 -0.00074792 0.803922 0.803922 0.803922
v 0.040065 -0.0199154 -0.00074792 0.803922 0.803922 0.803922
v 0.0400816 -0.0198879 -0.00074792 0.803922 0.803922 0.803922
v 0.0400948 -0.0198586 -0.00074792 0.803922 0.803922 0.803922
v 0.0401043 -0.019828 -0.00074792 0.803922 0.803922 0.803922
v 0.0401101 -0.0197964 -0.00074792 0.803922 0.803922 0.803922
v 0.0398844 -0.0200783 -0.000728036 0.803922 0.803922 0.803922
v 0.0399219 -0.0200714 -0.000728036 0.803922 0.803922 0.803922
v 0.0399584 -0.0200601 -0.000728036 0.803922 0.803922 0.803922
v 0.0399932 -0.0200444 -0.000728036 0.803922 0.803922 0.803922
v 0.0400259 -0.0200246 -0.000728036 0.803922 0.803922 0.803922
v 0.0400559 -0.0200011 -0.000728036 0.803922 0.803922 0.803922
v 0.040083 -0.0199741 -0.000728036 0.803922 0.803922 0.803922
v 0.0401065 -0.019944 -0.000728036 0.803922 0.803922 0.803922
v 0.0401263 -0.0199113 -0.000728036 0.803922 0.803922 0.803922
v 0.0401419 -0.0198765 -0.000728036 0.803922 0.803922 0.803922
v 0.0401533 -0.0198401 -0.000728036 0.803922 0.803922 0.803922
v 0.0401602 -0.0198025 -0.000728036 0.803922 0.803922 0.803922
v 0.0398903 -0.0201269 -0.000704759 0.803922 0.803922 0.803922
v 0.0399336 -0.0201189 -0.000704759 0.803922 0.803922 0.803922
v 0.0399757 -0.0201058 -0.000704759 0.803922 0.803922 0.803922
v 0.040016 -0.0200877 -0.000704759 0.803922 0.803922 0.803922
v 0.0400537 -0.0200649 -0.000704759 0.803922 0.803922 0.803922
v 0.0400884 -0.0200377 -0.000704759 0.803922 0.803922 0.803922
v 0.0401196 -0.0200065 -0.000704759 0.803922 0.803922 0.803922
v 0.0401468 -0.0199718 -0.000704759 0.803922 0.803922 0.803922
v 0.0401696 -0.0199341 -0.000704759 0.803922 0.803922 0.803922
v 0.0401877 -0.0198939 -0.000704759 0.803922 0.803922 0.803922
v 0.0402008 -0.0198518 -0.000704759 0.803922 0.803922 0.803922
v 0.0402088 -0.0198084 -0.000704759 0.803922 0.803922 0.803922
v 0.039896 -0.0201738 -0.000678195 0.803922 0.803922 0.803922
v 0.0399449 -0.0201648 -0.000678195 0.803922 0.803922 0.803922
v 0.0399925 -0.02015 -0.000678195 0.803922 0.803922 0.803922
v 0.0400379 -0.0201296 -0.000678195 0.803922 0.803922 0.803922
v 0.0400805 -0.0201038 -0.000678195 0.803922 0.803922 0.803922
v 0.0401197 -0.0200731 -0.000678195 0.803922 0.803922 0.803922
v 0.040155 -0.0200379 -0.000678195 0.803922 0.803922 0.803922
v 0.0401857 -0.0199987 -0.000678195 0.803922 0.803922 0.803922
v 0.0402114 -0.019956 -0.000678195 0.803922 0.803922 0.803922
v 0.0402319 -0.0199106 -0.000678195 0.803922 0.803922 0.803922
v 0.0402467 -0.0198631 -0.000678195 0.803922 0.803922 0.803922
v 0.0402557 -0.0198141 -0.000678195 0.803922 0.803922 0.803922
v 0.0399014 -0.0202188 -0.00064847 0.803922 0.803922 0.803922
v 0.0399558 -0.0202088 -0.00064847 0.803922 0.803922 0.803922
v 0.0400086 -0.0201924 -0.00064847 0.803922 0.803922 0.803922
v 0.040059 -0.0201697 -0.00064847 0.803922 0.803922 0.803922
v 0.0401063 -0.0201411 -0.00064847 0.803922 0.803922 0.803922
v 0.0401498 -0.020107 -0.00064847 0.803922 0.803922 0.803922
v 0.0401889 -0.0200679 -0.00064847 0.803922 0.803922 0.803922
v 0.040223 -0.0200244 -0.00064847 0.803922 0.803922 0.803922
v 0.0402516 -0.0199771 -0.00064847 0.803922 0.803922 0.803922
v 0.0402742 -0.0199267 -0.00064847 0.803922 0.803922 0.803922
v 0.0402907 -0.0198739 -0.00064847 0.803922 0.803922 0.803922
v 0.0403007 -0.0198195 -0.00064847 0.803922 0.803922 0.803922
v 0.0399066 -0.0202616 -0.000615721 0.803922 0.803922 0.803922
v 0.0399661 -0.0202507 -0.000615721 0.803922 0.803922 0.803922
v 0.0400239 -0.0202327 -0.000615721 0.803922 0.803922 0.803922
v 0.040079 -0.0202079 -0.000615721 0.803922 0.803922 0.803922
v 0.0401308 -0.0201766 -0.000615721 0.803922 0.803922 0.803922
v 0.0401784 -0.0201393 -0.000615721 0.803922 0.803922 0.803922
v 0.0402212 -0.0200966 -0.000615721 0.803922 0.803922 0.803922
v 0.0402585 -0.0200489 -0.000615721 0.803922 0.803922 0.803922
v 0.0402898 -0.0199972 -0.000615721 0.803922 0.803922 0.803922
v 0.0403146 -0.019942 -0.000615721 0.803922 0.803922 0.803922
v 0.0403326 -0.0198843 -0.000615721 0.803922 0.803922 0.803922
v 0.0403435 -0.0198248 -0.000615721 0.803922 0.803922 0.803922
v 0.0399116 -0.0203022 -0.000580101 0.803922 0.803922 0.803922
v 0.0399759 -0.0202904 -0.000580101 0.803922 0.803922 0.803922
v 0.0400384 -0.0202709 -0.000580101 0.803922 0.803922 0.803922
v 0.040098 -0.0202441 -0.000580101 0.803922 0.803922 0.803922
v 0.040154 -0.0202102 -0.000580101 0.803922 0.803922 0.803922
v 0.0402055 -0.0201699 -0.000580101 0.803922 0.803922 0.803922
v 0.0402518 -0.0201236 -0.000580101 0.803922 0.803922 0.803922
v 0.0402921 -0.0200721 -0.000580101 0.803922 0.803922 0.803922
v 0.040326 -0.0200162 -0.000580101 0.803922 0.803922 0.803922
v 0.0403528 -0.0199565 -0.000580101 0.803922 0.803922 0.803922
v 0.0403723 -0.019894 -0.000580101 0.803922 0.803922 0.803922
v 0.0403841 -0.0198297 -0.000580101 0.803922 0.803922 0.803922
v 0.0399162 -0.0203402 -0.000541777 0.803922 0.803922 0.803922
v 0.0399851 -0.0203276 -0.000541777 0.803922 0.803922 0.803922
v 0.040052 -0.0203068 -0.000541777 0.803922 0.803922 0.803922
v 0.0401158 -0.020278 -0.000541777 0.803922 0.803922 0.803922
v 0.0401758 -0.0202418 -0.000541777 0.803922 0.803922 0.803922
v 0.0402309 -0.0201986 -0.000541777 0.803922 0.803922 0.803922
v 0.0402805 -0.0201491 -0.000541777 0.803922 0.803922 0.803922
v 0.0403237 -0.0200939 -0.000541777 0.803922 0.803922 0.803922
v 0.0403599 -0.020034 -0.000541777 0.803922 0.803922 0.803922
v 0.0403887 -0.0199701 -0.000541777 0.803922 0.803922 0.803922
v 0.0404095 -0.0199032 -0.000541777 0.803922 0.803922 0.803922
v 0.0404221 -0.0198343 -0.000541777 0.803922 0.803922 0.803922
v 0.0399205 -0.0203756 -0.000500926 0.803922 0.803922 0.803922
v 0.0399936 -0.0203622 -0.000500926 0.803922 0.803922 0.803922
v 0.0400646 -0.0203401 -0.000500926 0.803922 0.803922 0.803922
v 0.0401324 -0.0203096 -0.000500926 0.803922 0.803922 0.803922
v 0.040196 -0.0202711 -0.000500926 0.803922 0.803922 0.803922
v 0.0402545 -0.0202252 -0.000500926 0.803922 0.803922 0.803922
v 0.0403071 -0.0201727 -0.000500926 0.803922 0.803922 0.803922
v 0.040353 -0.0201141 -0.000500926 0.803922 0.803922 0.803922
v 0.0403914 -0.0200505 -0.000500926 0.803922 0.803922 0.803922
v 0.040422 -0.0199827 -0.000500926 0.803922 0.803922 0.803922
v 0.0404441 -0.0199117 -0.000500926 0.803922 0.803922 0.803922
v 0.0404575 -0.0198386 -0.000500926 0.803922 0.803922 0.803922
v 0.0399244 -0.0204081 -0.00045774 0.803922 0.803922 0.803922
v 0.0400014 -0.020394 -0.00045774 0.803922 0.803922 0.803922
v 0.0400762 -0.0203707 -0.00045774 0.803922 0.803922 0.803922
v 0.0401476 -0.0203386 -0.00045774 0.803922 0.803922 0.803922
v 0.0402146 -0.0202981 -0.00045774 0.803922 0.803922 0.803922
v 0.0402763 -0.0202498 -0.00045774 0.803922 0.803922 0.803922
v 0.0403316 -0.0201944 -0.00045774 0.803922 0.803922 0.803922
v 0.0403799 -0.0201327 -0.00045774 0.803922 0.803922 0.803922
v 0.0404204 -0.0200657 -0.00045774 0.803922 0.803922 0.803922
v 0.0404526 -0.0199943 -0.00045774 0.803922 0.803922 0.803922
v 0.0404759 -0.0199196 -0.00045774 0.803922 0.803922 0.803922
v 0.04049 -0.0198425 -0.00045774 0.803922 0.803922 0.803922
v 0.039928 -0.0204376 -0.00041242 0.803922 0.803922 0.803922
v 0.0400086 -0.0204229 -0.00041242 0.803922 0.803922 0.803922
v 0.0400867 -0.0203985 -0.00041242 0.803922 0.803922 0.803922
v 0.0401614 -0.0203649 -0.00041242 0.803922 0.803922 0.803922
v 0.0402315 -0.0203225 -0.00041242 0.803922 0.803922 0.803922
v 0.040296 -0.020272 -0.00041242 0.803922 0.803922 0.803922
v 0.0403539 -0.0202141 -0.00041242 0.803922 0.803922 0.803922
v 0.0404044 -0.0201496 -0.00041242 0.803922 0.803922 0.803922
v 0.0404468 -0.0200795 -0.00041242 0.803922 0.803922 0.803922
v 0.0404804 -0.0200049 -0.00041242 0.803922 0.803922 0.803922
v 0.0405047 -0.0199267 -0.00041242 0.803922 0.803922 0.803922
v 0.0405195 -0.0198461 -0.00041242 0.803922 0.803922 0.803922
v 0.0399312 -0.020464 -0.000365177 0.803922 0.803922 0.803922
v 0.0400149 -0.0204487 -0.000365177 0.803922 0.803922 0.803922
v 0.0400962 -0.0204233 -0.000365177 0.803922 0.803922 0.803922
v 0.0401738 -0.0203884 -0.000365177 0.803922 0.803922 0.803922
v 0.0402466 -0.0203444 -0.000365177 0.803922 0.803922 0.803922
v 0.0403136 -0.0202919 -0.000365177 0.803922 0.803922 0.803922
v 0.0403738 -0.0202317 -0.000365177 0.803922 0.803922 0.803922
v 0.0404263 -0.0201647 -0.000365177 0.803922 0.803922 0.803922
v 0.0404703 -0.0200919 -0.000365177 0.803922 0.803922 0.803922
v 0.0405052 -0.0200143 -0.000365177 0.803922 0.803922 0.803922
v 0.0405305 -0.019933 -0.000365177 0.803922 0.803922 0.803922
v 0.0405459 -0.0198493 -0.000365177 0.803922 0.803922 0.803922
v 0.039934 -0.0204871 -0.000316231 0.803922 0.803922 0.803922
v 0.0400205 -0.0204713 -0.000316231 0.803922 0.803922 0.803922
v 0.0401044 -0.0204451 -0.000316231 0.803922 0.803922 0.803922
v 0.0401846 -0.020409 -0.000316231 0.803922 0.803922 0.803922
v 0.0402598 -0.0203635 -0.000316231 0.803922 0.803922 0.803922
v 0.040329 -0.0203093 -0.000316231 0.803922 0.803922 0.803922
v 0.0403912 -0.0202472 -0.000316231 0.803922 0.803922 0.803922
v 0.0404454 -0.0201779 -0.000316231 0.803922 0.803922 0.803922
v 0.0404909 -0.0201027 -0.000316231 0.803922 0.803922 0.803922
v 0.040527 -0.0200225 -0.000316231 0.803922 0.803922 0.803922
v 0.0405531 -0.0199386 -0.000316231 0.803922 0.803922 0.803922
v 0.040569 -0.0198521 -0.000316231 0.803922 0.803922 0.803922
v 0.0399364 -0.0205068 -0.000265811 0.803922 0.803922 0.803922
v 0.0400252 -0.0204906 -0.000265811 0.803922 0.803922 0.803922
v 0.0401115 -0.0204637 -0.000265811 0.803922 0.803922 0.803922
v 0.0401938 -0.0204266 -0.000265811 0.803922 0.803922 0.803922
v 0.0402711 -0.0203799 -0.000265811 0.803922 0.803922 0.803922
v 0.0403422 -0.0203242 -0.000265811 0.803922 0.803922 0.803922
v 0.0404061 -0.0202603 -0.000265811 0.803922 0.803922 0.803922
v 0.0404618 -0.0201892 -0.000265811 0.803922 0.803922 0.803922
v 0.0405085 -0.020112 -0.000265811 0.803922 0.803922 0.803922
v 0.0405456 -0.0200296 -0.000265811 0.803922 0.803922 0.803922
v 0.0405724 -0.0199434 -0.000265811 0.803922 0.803922 0.803922
v 0.0405887 -0.0198545 -0.000265811 0.803922 0.803922 0.803922
v 0.0399384 -0.0205231 -0.000214151 0.803922 0.803922 0.803922
v 0.0400292 -0.0205065 -0.000214151 0.803922 0.803922 0.803922
v 0.0401173 -0.020479 -0.000214151 0.803922 0.803922 0.803922
v 0.0402014 -0.0204411 -0.000214151 0.803922 0.803922 0.803922
v 0.0402804 -0.0203934 -0.000214151 0.803922 0.803922 0.803922
v 0.0403531 -0.0203365 -0.000214151 0.803922 0.803922 0.803922
v 0.0404183 -0.0202712 -0.000214151 0.803922 0.803922 0.803922
v 0.0404753 -0.0201986 -0.000214151 0.803922 0.803922 0.803922
v 0.040523 -0.0201196 -0.000214151 0.803922 0.803922 0.803922
v 0.0405609 -0.0200354 -0.000214151 0.803922 0.803922 0.803922
v 0.0405884 -0.0199473 -0.000214151 0.803922 0.803922 0.803922
v 0.040605 -0.0198565 -0.000214151 0.803922 0.803922 0.803922
v 0.0399399 -0.0205359 -0.000161493 0.803922 0.803922 0.803922
v 0.0400322 -0.0205189 -0.000161493 0.803922 0.803922 0.803922
v 0.0401218 -0.020491 -0.000161493 0.803922 0.803922 0.803922
v 0.0402074 -0.0204525 -0.000161493 0.803922 0.803922 0.803922
v 0.0402877 -0.020404 -0.000161493 0.803922 0.803922 0.803922
v 0.0403616 -0.0203461 -0.000161493 0.803922 0.803922 0.803922
v 0.040428 -0.0202797 -0.000161493 0.803922 0.803922 0.803922
v 0.0404858 -0.0202058 -0.000161493 0.803922 0.803922 0.803922
v 0.0405344 -0.0201255 -0.000161493 0.803922 0.803922 0.803922
v 0.0405729 -0.02004 -0.000161493 0.803922 0.803922 0.803922
v 0.0406008 -0.0199504 -0.000161493 0.803922 0.803922 0.803922
v 0.0406177 -0.019858 -0.000161493 0.803922 0.803922 0.803922
v 0.039941 -0.020545 -0.000108082 0.803922 0.803922 0.803922
v 0.0400344 -0.0205279 -0.000108082 0.803922 0.803922 0.803922
v 0.0401251 -0.0204996 -0.000108082 0.803922 0.803922 0.803922
v 0.0402117 -0.0204607 -0.000108082 0.803922 0.803922 0.803922
v 0.040293 -0.0204115 -0.000108082 0.803922 0.803922 0.803922
v 0.0403677 -0.020353 -0.000108082 0.803922 0.803922 0.803922
v 0.0404348 -0.0202858 -0.000108082 0.803922 0.803922 0.803922
v 0.0404934 -0.0202111 -0.000108082 0.803922 0.803922 0.803922
v 0.0405425 -0.0201298 -0.000108082 0.803922 0.803922 0.803922
v 0.0405815 -0.0200432 -0.000108082 0.803922 0.803922 0.803922
v 0.0406098 -0.0199526 -0.000108082 0.803922 0.803922 0.803922
v 0.0406269 -0.0198592 -0.000108082 0.803922 0.803922 0.803922
v 0.0399417 -0.0205505 -5.41674e-05 0.803922 0.803922 0.803922
v 0.0400358 -0.0205333 -5.41674e-05 0.803922 0.803922 0.803922
v 0.0401271 -0.0205048 -5.41674e-05 0.803922 0.803922 0.803922
v 0.0402143 -0.0204656 -5.41674e-05 0.803922 0.803922 0.803922
v 0.0402961 -0.0204161 -5.41674e-05 0.803922 0.803922 0.803922
v 0.0403714 -0.0203571 -5.41674e-05 0.803922 0.803922 0.803922
v 0.040439 -0.0202895 -5.41674e-05 0.803922 0.803922 0.803922
v 0.040498 -0.0202142 -5.41674e-05 0.803922 0.803922 0.803922
v 0.0405474 -0.0201324 -5.41674e-05 0.803922 0.803922 0.803922
v 0.0405867 -0.0200452 -5.41674e-05 0.803922 0.803922 0.803922
v 0.0406151 -0.0199539 -5.41674e-05 0.803922 0.803922 0.803922
v 0.0406324 -0.0198598 -5.41674e-05 0.803922 0.803922 0.803922
v 0.04064 0.00047625 0 0.803922 0.803922 0.803922
v 0.0406381 0.00047625 -5.41674e-05 0.803922 0.803922 0.803922
v 0.0406326 0.00047625 -0.000108082 0.803922 0.803922 0.803922
v 0.0406234 0.00047625 -0.000161493 0.803922 0.803922 0.803922
v 0.0406106 0.00047625 -0.000214151 0.803922 0.803922 0.803922
v 0.0405942 0.00047625 -0.000265811 0.803922 0.803922 0.803922
v 0.0405743 0.00047625 -0.000316231 0.803922 0.803922 0.803922
v 0.040551 0.00047625 -0.000365177 0.803922 0.803922 0.803922
v 0.0405244 0.00047625 -0.00041242 0.803922 0.803922 0.803922
v 0.0404947 0.00047625 -0.00045774 0.803922 0.803922 0.803922
v 0.040462 0.00047625 -0.000500926 0.803922 0.803922 0.803922
v 0.0404264 0.00047625 -0.000541777 0.803922 0.803922 0.803922
v 0.040388 0.00047625 -0.000580101 0.803922 0.803922 0.803922
v 0.0403472 0.00047625 -0.000615721 0.803922 0.803922 0.803922
v 0.040304 0.00047625 -0.00064847 0.803922 0.803922 0.803922
v 0.0402587 0.00047625 -0.000678195 0.803922 0.803922 0.803922
v 0.0402114 0.00047625 -0.000704759 0.803922 0.803922 0.803922
v 0.0401625 0.00047625 -0.000728036 0.803922 0.803922 0.803922
v 0.0401121 0.00047625 -0.00074792 0.803922 0.803922 0.803922
v 0.0400604 0.00047625 -0.000764316 0.803922 0.803922 0.803922
v 0.0400077 0.00047625 -0.000777148 0.803922 0.803922 0.803922
v 0.0399543 0.00047625 -0.000786357 0.803922 0.803922 0.803922
v 0.0399004 0.00047625 -0.0007919 0.803922 0.803922 0.803922
v 0.0398462 0.00047625 -0.00079375 0.803922 0.803922 0.803922
v 0.04064 -0.0197644 0.00396875 0.803922 0.803922 0.803922
v 0.0406381 -0.0198185 0.00396875 0.803922 0.803922 0.803922
v 0.0406342 -0.0198601 0.00396875 0.803922 0.803922 0.803922
v 0.0406326 -0.0198725 0.00396875 0.803922 0.803922 0.803922
v 0.0406234 -0.0199259 0.00396875 0.803922 0.803922 0.803922
v 0.0406169 -0.0199543 0.00396875 0.803922 0.803922 0.803922
v 0.0406106 -0.0199785 0.00396875 0.803922 0.803922 0.803922
v 0.0405942 -0.0200302 0.00396875 0.803922 0.803922 0.803922
v 0.0405884 -0.0200458 0.00396875 0.803922 0.803922 0.803922
v 0.0405743 -0.0200806 0.00396875 0.803922 0.803922 0.803922
v 0.040551 -0.0201296 0.00396875 0.803922 0.803922 0.803922
v 0.0405491 -0.0201332 0.00396875 0.803922 0.803922 0.803922
v 0.0404995 -0.0202153 0.00396875 0.803922 0.803922 0.803922
v 0.0405244 -0.0201768 0.00396875 0.803922 0.803922 0.803922
v 0.0404947 -0.0202221 0.00396875 0.803922 0.803922 0.803922
v 0.040462 -0.0202653 0.00396875 0.803922 0.803922 0.803922
v 0.0404404 -0.0202907 0.00396875 0.803922 0.803922 0.803922
v 0.0404264 -0.0203062 0.00396875 0.803922 0.803922 0.803922
v 0.040388 -0.0203445 0.00396875 0.803922 0.803922 0.803922
v 0.0403726 -0.0203585 0.00396875 0.803922 0.803922 0.803922
v 0.0403472 -0.0203801 0.00396875 0.803922 0.803922 0.803922
v 0.040304 -0.0204128 0.00396875 0.803922 0.803922 0.803922
v 0.0402972 -0.0204176 0.00396875 0.803922 0.803922 0.803922
v 0.0402151 -0.0204672 0.00396875 0.803922 0.803922 0.803922
v 0.0402587 -0.0204426 0.00396875 0.803922 0.803922 0.803922
v 0.0402114 -0.0204691 0.00396875 0.803922 0.803922 0.803922
v 0.0401625 -0.0204924 0.00396875 0.803922 0.803922 0.803922
v 0.0401277 -0.0205065 0.00396875 0.803922 0.803922 0.803922
v 0.0401121 -0.0205123 0.00396875 0.803922 0.803922 0.803922
v 0.0400604 -0.0205287 0.00396875 0.803922 0.803922 0.803922
v 0.0400362 -0.0205351 0.00396875 0.803922 0.803922 0.803922
v 0.0400077 -0.0205415 0.00396875 0.803922 0.803922 0.803922
v 0.0399543 -0.0205507 0.00396875 0.803922 0.803922 0.803922
v 0.0399419 -0.0205523 0.00396875 0.803922 0.803922 0.803922
v 0.0399004 -0.0205563 0.00396875 0.803922 0.803922 0.803922
v 0.0398462 -0.0205563 0.00402292 0.803922 0.803922 0.803922
v 0.0398462 -0.0205507 0.00407683 0.803922 0.803922 0.803922
v 0.0398462 -0.0205415 0.00413024 0.803922 0.803922 0.803922
v 0.0398462 -0.0205287 0.0041829 0.803922 0.803922 0.803922
v 0.0398462 -0.0205123 0.00423456 0.803922 0.803922 0.803922
v 0.0398462 -0.0204924 0.00428498 0.803922 0.803922 0.803922
v 0.0398462 -0.0204691 0.00433393 0.803922 0.803922 0.803922
v 0.0398462 -0.0204426 0.00438117 0.803922 0.803922 0.803922
v 0.0398462 -0.0204128 0.00442649 0.803922 0.803922 0.803922
v 0.0398462 -0.0203801 0.00446968 0.803922 0.803922 0.803922
v 0.0398462 -0.0203445 0.00451053 0.803922 0.803922 0.803922
v 0.0398462 -0.0203062 0.00454885 0.803922 0.803922 0.803922
v 0.0398462 -0.0202653 0.00458447 0.803922 0.803922 0.803922
v 0.0398462 -0.0202221 0.00461722 0.803922 0.803922 0.803922
v 0.0398462 -0.0201768 0.00464695 0.803922 0.803922 0.803922
v 0.0398462 -0.0201296 0.00467351 0.803922 0.803922 0.803922
v 0.0398462 -0.0200806 0.00469679 0.803922 0.803922 0.803922
v 0.0398462 -0.0200302 0.00471667 0.803922 0.803922 0.803922
v 0.0398462 -0.0199785 0.00473307 0.803922 0.803922 0.803922
v 0.0398462 -0.0199259 0.0047459 0.803922 0.803922 0.803922
v 0.0398462 -0.0198725 0.00475511 0.803922 0.803922 0.803922
v 0.0398462 -0.0198185 0.00476065 0.803922 0.803922 0.803922
v 0.0398462 -0.0197644 0.0047625 0.803922 0.803922 0.803922
v 0.0230206 0.00047625 0.00402292 0.803922 0.803922 0.803922
v 0.0230261 0.00047625 0.00407683 0.803922 0.803922 0.803922
v 0.0230354 0.00047625 0.00413024 0.803922 0.803922 0.803922
v 0.0230482 0.00047625 0.0041829 0.803922 0.803922 0.803922
v 0.0230646 0.00047625 0.00423456 0.803922 0.803922 0.803922
v 0.0230845 0.00047625 0.00428498 0.803922 0.803922 0.803922
v 0.0231077 0.00047625 0.00433393 0.803922 0.803922 0.803922
v 0.0231343 0.00047625 0.00438117 0.803922 0.803922 0.803922
v 0.023164 0.00047625 0.00442649 0.803922 0.803922 0.803922
v 0.0231968 0.00047625 0.00446968 0.803922 0.803922 0.803922
v 0.0232324 0.00047625 0.00451053 0.803922 0.803922 0.803922
v 0.0232707 0.00047625 0.00454885 0.803922 0.803922 0.803922
v 0.0233116 0.00047625 0.00458447 0.803922 0.803922 0.803922
v 0.0233548 0.00047625 0.00461722 0.803922 0.803922 0.803922
v 0.0234001 0.00047625 0.00464695 0.803922 0.803922 0.803922
v 0.0234473 0.00047625 0.00467351 0.803922 0.803922 0.803922
v 0.0234963 0.00047625 0.00469679 0.803922 0.803922 0.803922
v 0.0235467 0.00047625 0.00471667 0.803922 0.803922 0.803922
v 0.0235983 0.00047625 0.00473307 0.803922 0.803922 0.803922
v 0.023651 0.00047625 0.0047459 0.803922 0.803922 0.803922
v 0.0237044 0.00047625 0.00475511 0.803922 0.803922 0.803922
v 0.0237583 0.00047625 0.00476065 0.803922 0.803922 0.803922
v 0.0238125 0.00047625 0.0047625 0.803922 0.803922 0.803922
v 0.0230206 0.000530417 0.00396875 0.803922 0.803922 0.803922
v 0.0230245 0.000571926 0.00396875 0.803922 0.803922 0.803922
v 0.0230261 0.000584332 0.00396875 0.803922 0.803922 0.803922
v 0.0230354 0.000637743 0.00396875 0.803922 0.803922 0.803922
v 0.0230418 0.000666207 0.00396875 0.803922 0.803922 0.803922
v 0.0230482 0.000690401 0.00396875 0.803922 0.803922 0.803922
v 0.0230646 0.000742061 0.00396875 0.803922 0.803922 0.803922
v 0.0230703 0.000757718 0.00396875 0.803922 0.803922 0.803922
v 0.0230845 0.000792481 0.00396875 0.803922 0.803922 0.803922
v 0.0231077 0.000841427 0.00396875 0.803922 0.803922 0.803922
v 0.0231097 0.000845124 0.00396875 0.803922 0.803922 0.803922
v 0.0231593 0.000927151 0.00396875 0.803922 0.803922 0.803922
v 0.0231343 0.00088867 0.00396875 0.803922 0.803922 0.803922
v 0.023164 0.00093399 0.00396875 0.803922 0.803922 0.803922
v 0.0231968 0.000977176 0.00396875 0.803922 0.803922 0.803922
v 0.0232184 0.0010026 0.00396875 0.803922 0.803922 0.803922
v 0.0232324 0.00101803 0.00396875 0.803922 0.803922 0.803922
v 0.0232707 0.00105635 0.00396875 0.803922 0.803922 0.803922
v 0.0232861 0.00107038 0.00396875 0.803922 0.803922 0.803922
v 0.0233116 0.00109197 0.00396875 0.803922 0.803922 0.803922
v 0.0233548 0.00112472 0.00396875 0.803922 0.803922 0.803922
v 0.0233616 0.00112949 0.00396875 0.803922 0.803922 0.803922
v 0.0234436 0.00117908 0.00396875 0.803922 0.803922 0.803922
v 0.0234001 0.00115445 0.00396875 0.803922 0.803922 0.803922
v 0.0234473 0.00118101 0.00396875 0.803922 0.803922 0.803922
v 0.0234963 0.00120429 0.00396875 0.803922 0.803922 0.803922
v 0.023531 0.00121842 0.00396875 0.803922 0.803922 0.803922
v 0.0235467 0.00122417 0.00396875 0.803922 0.803922 0.803922
v 0.0235983 0.00124057 0.00396875 0.803922 0.803922 0.803922
v 0.0236225 0.00124694 0.00396875 0.803922 0.803922 0.803922
v 0.023651 0.0012534 0.00396875 0.803922 0.803922 0.803922
v 0.0237044 0.00126261 0.00396875 0.803922 0.803922 0.803922
v 0.0237168 0.00126421 0.00396875 0.803922 0.803922 0.803922
v 0.0237583 0.00126815 0.00396875 0.803922 0.803922 0.803922
v 0.0238125 0.00127 0.00396875 0.803922 0.803922 0.803922
v 0.0254 0.00127 0 0.803922 0.803922 0.803922
v 0.0381 0.00127 0 0.803922 0.803922 0.803922
v 0.0398462 0.00126815 -5.41674e-05 0.803922 0.803922 0.803922
v 0.0398462 0.00126261 -0.000108082 0.803922 0.803922 0.803922
v 0.0398462 0.0012534 -0.000161493 0.803922 0.803922 0.803922
v 0.0398462 0.00124057 -0.000214151 0.803922 0.803922 0.803922
v 0.0398462 0.00122417 -0.000265811 0.803922 0.803922 0.803922
v 0.0398462 0.00120429 -0.000316231 0.803922 0.803922 0.803922
v 0.0398462 0.00118101 -0.000365177 0.803922 0.803922 0.803922
v 0.0398462 0.00115445 -0.00041242 0.803922 0.803922 0.803922
v 0.0398462 0.00112472 -0.00045774 0.803922 0.803922 0.803922
v 0.0398462 0.00109197 -0.000500926 0.803922 0.803922 0.803922
v 0.0398462 0.00105635 -0.000541777 0.803922 0.803922 0.803922
v 0.0398462 0.00101803 -0.000580101 0.803922 0.803922 0.803922
v 0.0398462 0.000977176 -0.000615721 0.803922 0.803922 0.803922
v 0.0398462 0.00093399 -0.00064847 0.803922 0.803922 0.803922
v 0.0398462 0.00088867 -0.000678195 0.803922 0.803922 0.803922
v 0.0398462 0.000841427 -0.000704759 0.803922 0.803922 0.803922
v 0.0398462 0.000792481 -0.000728036 0.803922 0.803922 0.803922
v 0.0398462 0.000742061 -0.00074792 0.803922 0.803922 0.803922
v 0.0398462 0.000690401 -0.000764316 0.803922 0.803922 0.803922
v 0.0398462 0.000637743 -0.000777148 0.803922 0.803922 0.803922
v 0.0398462 0.000584332 -0.000786357 0.803922 0.803922 0.803922
v 0.0398462 0.000530417 -0.0007919 0.803922 0.803922 0.803922
v 0.0398462 0.00127 0 0.803922 0.803922 0.803922
v 0.0406381 0.000530417 0 0.803922 0.803922 0.803922
v 0.0406342 0.000571926 0 0.803922 0.803922 0.803922
v 0.0406234 0.000637743 0 0.803922 0.803922 0.803922
v 0.0406169 0.000666207 0 0.803922 0.803922 0.803922
v 0.0406326 0.000584332 0 0.803922 0.803922 0.803922
v 0.0405942 0.000742061 0 0.803922 0.803922 0.803922
v 0.0406106 0.000690401 0 0.803922 0.803922 0.803922
v 0.0405884 0.000757718 0 0.803922 0.803922 0.803922
v 0.040551 0.000841427 0 0.803922 0.803922 0.803922
v 0.0405743 0.000792481 0 0.803922 0.803922 0.803922
v 0.0405491 0.000845124 0 0.803922 0.803922 0.803922
v 0.0405244 0.00088867 0 0.803922 0.803922 0.803922
v 0.0404995 0.000927151 0 0.803922 0.803922 0.803922
v 0.040462 0.000977176 0 0.803922 0.803922 0.803922
v 0.0404404 0.0010026 0 0.803922 0.803922 0.803922
v 0.0404947 0.00093399 0 0.803922 0.803922 0.803922
v 0.040388 0.00105635 0 0.803922 0.803922 0.803922
v 0.0403726 0.00107038 0 0.803922 0.803922 0.803922
v 0.0404264 0.00101803 0 0.803922 0.803922 0.803922
v 0.040304 0.00112472 0 0.803922 0.803922 0.803922
v 0.0403472 0.00109197 0 0.803922 0.803922 0.803922
v 0.0402972 0.00112949 0 0.803922 0.803922 0.803922
v 0.0402151 0.00117908 0 0.803922 0.803922 0.803922
v 0.0402587 0.00115445 0 0.803922 0.803922 0.803922
v 0.0401625 0.00120429 0 0.803922 0.803922 0.803922
v 0.0401277 0.00121842 0 0.803922 0.803922 0.803922
v 0.0402114 0.00118101 0 0.803922 0.803922 0.803922
v 0.0400604 0.00124057 0 0.803922 0.803922 0.803922
v 0.0400362 0.00124694 0 0.803922 0.803922 0.803922
v 0.0401121 0.00122417 0 0.803922 0.803922 0.803922
v 0.0399543 0.00126261 0 0.803922 0.803922 0.803922
v 0.0400077 0.0012534 0 0.803922 0.803922 0.803922
v 0.0399419 0.00126421 0 0.803922 0.803922 0.803922
v 0.0399004 0.00126815 0 0.803922 0.803922 0.803922
v 0.0399 0.000482779 -0.0007919 0.803922 0.803922 0.803922
v 0.0399535 0.000489278 -0.000786357 0.803922 0.803922 0.803922
v 0.0398988 0.000489213 -0.0007919 0.803922 0.803922 0.803922
v 0.0399512 0.000502116 -0.000786357 0.803922 0.803922 0.803922
v 0.0398969 0.000495458 -0.0007919 0.803922 0.803922 0.803922
v 0.0399473 0.000514577 -0.000786357 0.803922 0.803922 0.803922
v 0.0398942 0.000501423 -0.0007919 0.803922 0.803922 0.803922
v 0.039942 0.000526478 -0.000786357 0.803922 0.803922 0.803922
v 0.0398908 0.000507021 -0.0007919 0.803922 0.803922 0.803922
v 0.0399352 0.000537648 -0.000786357 0.803922 0.803922 0.803922
v 0.0398868 0.00051217 -0.0007919 0.803922 0.803922 0.803922
v 0.0399272 0.000547922 -0.000786357 0.803922 0.803922 0.803922
v 0.0398822 0.000516795 -0.0007919 0.803922 0.803922 0.803922
v 0.0399179 0.000557151 -0.000786357 0.803922 0.803922 0.803922
v 0.039877 0.000520829 -0.0007919 0.803922 0.803922 0.803922
v 0.0399076 0.0005652 -0.000786357 0.803922 0.803922 0.803922
v 0.0398714 0.000524213 -0.0007919 0.803922 0.803922 0.803922
v 0.0398965 0.000571952 -0.000786357 0.803922 0.803922 0.803922
v 0.0398655 0.000526897 -0.0007919 0.803922 0.803922 0.803922
v 0.0398846 0.000577309 -0.000786357 0.803922 0.803922 0.803922
v 0.0398592 0.000528843 -0.0007919 0.803922 0.803922 0.803922
v 0.0398721 0.000581192 -0.000786357 0.803922 0.803922 0.803922
v 0.0398528 0.000530022 -0.0007919 0.803922 0.803922 0.803922
v 0.0398593 0.000583544 -0.000786357 0.803922 0.803922 0.803922
v 0.0400066 0.000495716 -0.000777148 0.803922 0.803922 0.803922
v 0.0400031 0.000514898 -0.000777148 0.803922 0.803922 0.803922
v 0.0399972 0.000533516 -0.000777148 0.803922 0.803922 0.803922
v 0.0399892 0.0005513 -0.000777148 0.803922 0.803922 0.803922
v 0.0399792 0.000567989 -0.000777148 0.803922 0.803922 0.803922
v 0.0399671 0.00058334 -0.000777148 0.803922 0.803922 0.803922
v 0.0399533 0.000597129 -0.000777148 0.803922 0.803922 0.803922
v 0.039938 0.000609156 -0.000777148 0.803922 0.803922 0.803922
v 0.0399213 0.000619245 -0.000777148 0.803922 0.803922 0.803922
v 0.0399035 0.000627249 -0.000777148 0.803922 0.803922 0.803922
v 0.0398849 0.000633051 -0.000777148 0.803922 0.803922 0.803922
v 0.0398657 0.000636566 -0.000777148 0.803922 0.803922 0.803922
v 0.0400588 0.000502063 -0.000764316 0.803922 0.803922 0.803922
v 0.0400542 0.0005275 -0.000764316 0.803922 0.803922 0.803922
v 0.0400465 0.000552189 -0.000764316 0.803922 0.803922 0.803922
v 0.0400359 0.000575771 -0.000764316 0.803922 0.803922 0.803922
v 0.0400225 0.000597902 -0.000764316 0.803922 0.803922 0.803922
v 0.0400065 0.000618259 -0.000764316 0.803922 0.803922 0.803922
v 0.0399883 0.000636544 -0.000764316 0.803922 0.803922 0.803922
v 0.0399679 0.000652493 -0.000764316 0.803922 0.803922 0.803922
v 0.0399458 0.000665871 -0.000764316 0.803922 0.803922 0.803922
v 0.0399222 0.000676485 -0.000764316 0.803922 0.803922 0.803922
v 0.0398975 0.000684178 -0.000764316 0.803922 0.803922 0.803922
v 0.0398721 0.00068884 -0.000764316 0.803922 0.803922 0.803922
v 0.0401101 0.00050829 -0.00074792 0.803922 0.803922 0.803922
v 0.0401043 0.000539863 -0.00074792 0.803922 0.803922 0.803922
v 0.0400948 0.000570508 -0.00074792 0.803922 0.803922 0.803922
v 0.0400816 0.000599778 -0.00074792 0.803922 0.803922 0.803922
v 0.040065 0.000627248 -0.00074792 0.803922 0.803922 0.803922
v 0.0400452 0.000652515 -0.00074792 0.803922 0.803922 0.803922
v 0.0400225 0.000675212 -0.00074792 0.803922 0.803922 0.803922
v 0.0399972 0.000695008 -0.00074792 0.803922 0.803922 0.803922
v 0.0399698 0.000711614 -0.00074792 0.803922 0.803922 0.803922
v 0.0399405 0.000724787 -0.00074792 0.803922 0.803922 0.803922
v 0.0399099 0.000734337 -0.00074792 0.803922 0.803922 0.803922
v 0.0398783 0.000740123 -0.00074792 0.803922 0.803922 0.803922
v 0.0401602 0.000514367 -0.000728036 0.803922 0.803922 0.803922
v 0.0401533 0.000551929 -0.000728036 0.803922 0.803922 0.803922
v 0.0401419 0.000588387 -0.000728036 0.803922 0.803922 0.803922
v 0.0401263 0.00062321 -0.000728036 0.803922 0.803922 0.803922
v 0.0401065 0.00065589 -0.000728036 0.803922 0.803922 0.803922
v 0.040083 0.00068595 -0.000728036 0.803922 0.803922 0.803922
v 0.0400559 0.000712952 -0.000728036 0.803922 0.803922 0.803922
v 0.0400259 0.000736503 -0.000728036 0.803922 0.803922 0.803922
v 0.0399932 0.000756259 -0.000728036 0.803922 0.803922 0.803922
v 0.0399584 0.000771931 -0.000728036 0.803922 0.803922 0.803922
v 0.0399219 0.000783292 -0.000728036 0.803922 0.803922 0.803922
v 0.0398844 0.000790175 -0.000728036 0.803922 0.803922 0.803922
v 0.0402088 0.000520267 -0.000704759 0.803922 0.803922 0.803922
v 0.0402008 0.000563642 -0.000704759 0.803922 0.803922 0.803922
v 0.0401877 0.000605743 -0.000704759 0.803922 0.803922 0.803922
v 0.0401696 0.000645956 -0.000704759 0.803922 0.803922 0.803922
v 0.0401468 0.000683694 -0.000704759 0.803922 0.803922 0.803922
v 0.0401196 0.000718407 -0.000704759 0.803922 0.803922 0.803922
v 0.0400884 0.000749589 -0.000704759 0.803922 0.803922 0.803922
v 0.0400537 0.000776784 -0.000704759 0.803922 0.803922 0.803922
v 0.040016 0.000799598 -0.000704759 0.803922 0.803922 0.803922
v 0.0399757 0.000817696 -0.000704759 0.803922 0.803922 0.803922
v 0.0399336 0.000830815 -0.000704759 0.803922 0.803922 0.803922
v 0.0398903 0.000838764 -0.000704759 0.803922 0.803922 0.803922
v 0.0402557 0.000525962 -0.000678195 0.803922 0.803922 0.803922
v 0.0402467 0.000574949 -0.000678195 0.803922 0.803922 0.803922
v 0.0402319 0.000622496 -0.000678195 0.803922 0.803922 0.803922
v 0.0402114 0.000667911 -0.000678195 0.803922 0.803922 0.803922
v 0.0401857 0.000710531 -0.000678195 0.803922 0.803922 0.803922
v 0.040155 0.000749735 -0.000678195 0.803922 0.803922 0.803922
v 0.0401197 0.000784951 -0.000678195 0.803922 0.803922 0.803922
v 0.0400805 0.000815665 -0.000678195 0.803922 0.803922 0.803922
v 0.0400379 0.00084143 -0.000678195 0.803922 0.803922 0.803922
v 0.0399925 0.000861869 -0.000678195 0.803922 0.803922 0.803922
v 0.0399449 0.000876686 -0.000678195 0.803922 0.803922 0.803922
v 0.039896 0.000885663 -0.000678195 0.803922 0.803922 0.803922
v 0.0403007 0.000531424 -0.00064847 0.803922 0.803922 0.803922
v 0.0402907 0.000585794 -0.00064847 0.803922 0.803922 0.803922
v 0.0402742 0.000638567 -0.00064847 0.803922 0.803922 0.803922
v 0.0402516 0.000688972 -0.00064847 0.803922 0.803922 0.803922
v 0.040223 0.000736276 -0.00064847 0.803922 0.803922 0.803922
v 0.0401889 0.000779788 -0.00064847 0.803922 0.803922 0.803922
v 0.0401498 0.000818873 -0.00064847 0.803922 0.803922 0.803922
v 0.0401063 0.000852963 -0.00064847 0.803922 0.803922 0.803922
v 0.040059 0.000881559 -0.00064847 0.803922 0.803922 0.803922
v 0.0400086 0.000904244 -0.00064847 0.803922 0.803922 0.803922
v 0.0399558 0.000920689 -0.00064847 0.803922 0.803922 0.803922
v 0.0399014 0.000930653 -0.00064847 0.803922 0.803922 0.803922
v 0.0403435 0.00053663 -0.000615721 0.803922 0.803922 0.803922
v 0.0403326 0.000596129 -0.000615721 0.803922 0.803922 0.803922
v 0.0403146 0.000653881 -0.000615721 0.803922 0.803922 0.803922
v 0.0402898 0.000709042 -0.000615721 0.803922 0.803922 0.803922
v 0.0402585 0.000760808 -0.000615721 0.803922 0.803922 0.803922
v 0.0402212 0.000808425 -0.000615721 0.803922 0.803922 0.803922
v 0.0401784 0.000851199 -0.000615721 0.803922 0.803922 0.803922
v 0.0401308 0.000888504 -0.000615721 0.803922 0.803922 0.803922
v 0.040079 0.000919798 -0.000615721 0.803922 0.803922 0.803922
v 0.0400239 0.000944624 -0.000615721 0.803922 0.803922 0.803922
v 0.0399661 0.00096262 -0.000615721 0.803922 0.803922 0.803922
v 0.0399066 0.000973524 -0.000615721 0.803922 0.803922 0.803922
v 0.0403841 0.000541554 -0.000580101 0.803922 0.803922 0.803922
v 0.0403723 0.000605906 -0.000580101 0.803922 0.803922 0.803922
v 0.0403528 0.000668367 -0.000580101 0.803922 0.803922 0.803922
v 0.040326 0.000728026 -0.000580101 0.803922 0.803922 0.803922
v 0.0402921 0.000784014 -0.000580101 0.803922 0.803922 0.803922
v 0.0402518 0.000835514 -0.000580101 0.803922 0.803922 0.803922
v 0.0402055 0.000881776 -0.000580101 0.803922 0.803922 0.803922
v 0.040154 0.000922123 -0.000580101 0.803922 0.803922 0.803922
v 0.040098 0.000955969 -0.000580101 0.803922 0.803922 0.803922
v 0.0400384 0.00098282 -0.000580101 0.803922 0.803922 0.803922
v 0.0399759 0.00100228 -0.000580101 0.803922 0.803922 0.803922
v 0.0399116 0.00101408 -0.000580101 0.803922 0.803922 0.803922
v 0.0404221 0.000546173 -0.000541777 0.803922 0.803922 0.803922
v 0.0404095 0.000615077 -0.000541777 0.803922 0.803922 0.803922
v 0.0403887 0.000681957 -0.000541777 0.803922 0.803922 0.803922
v 0.0403599 0.000745836 -0.000541777 0.803922 0.803922 0.803922
v 0.0403237 0.000805785 -0.000541777 0.803922 0.803922 0.803922
v 0.0402805 0.000860928 -0.000541777 0.803922 0.803922 0.803922
v 0.0402309 0.000910462 -0.000541777 0.803922 0.803922 0.803922
v 0.0401758 0.000953664 -0.000541777 0.803922 0.803922 0.803922
v 0.0401158 0.000989904 -0.000541777 0.803922 0.803922 0.803922
v 0.040052 0.00101865 -0.000541777 0.803922 0.803922 0.803922
v 0.0399851 0.00103949 -0.000541777 0.803922 0.803922 0.803922
v 0.0399162 0.00105212 -0.000541777 0.803922 0.803922 0.803922
v 0.0404575 0.000550467 -0.000500926 0.803922 0.803922 0.803922
v 0.0404441 0.000623602 -0.000500926 0.803922 0.803922 0.803922
v 0.040422 0.000694588 -0.000500926 0.803922 0.803922 0.803922
v 0.0403914 0.00076239 -0.000500926 0.803922 0.803922 0.803922
v 0.040353 0.000826019 -0.000500926 0.803922 0.803922 0.803922
v 0.0403071 0.000884548 -0.000500926 0.803922 0.803922 0.803922
v 0.0402545 0.000937124 -0.000500926 0.803922 0.803922 0.803922
v 0.040196 0.000982978 -0.000500926 0.803922 0.803922 0.803922
v 0.0401324 0.00102144 -0.000500926 0.803922 0.803922 0.803922
v 0.0400646 0.00105196 -0.000500926 0.803922 0.803922 0.803922
v 0.0399936 0.00107408 -0.000500926 0.803922 0.803922 0.803922
v 0.0399205 0.00108748 -0.000500926 0.803922 0.803922 0.803922
v 0.04049 0.000554414 -0.00045774 0.803922 0.803922 0.803922
v 0.0404759 0.000631439 -0.00045774 0.803922 0.803922 0.803922
v 0.0404526 0.000706201 -0.00045774 0.803922 0.803922 0.803922
v 0.0404204 0.000777609 -0.00045774 0.803922 0.803922 0.803922
v 0.0403799 0.000844623 -0.00045774 0.803922 0.803922 0.803922
v 0.0403316 0.000906265 -0.00045774 0.803922 0.803922 0.803922
v 0.0402763 0.000961637 -0.00045774 0.803922 0.803922 0.803922
v 0.0402146 0.00100993 -0.00045774 0.803922 0.803922 0.803922
v 0.0401476 0.00105044 -0.00045774 0.803922 0.803922 0.803922
v 0.0400762 0.00108258 -0.00045774 0.803922 0.803922 0.803922
v 0.0400014 0.00110588 -0.00045774 0.803922 0.803922 0.803922
v 0.0399244 0.00111999 -0.00045774 0.803922 0.803922 0.803922
v 0.0405195 0.000557997 -0.00041242 0.803922 0.803922 0.803922
v 0.0405047 0.000638553 -0.00041242 0.803922 0.803922 0.803922
v 0.0404804 0.000716741 -0.00041242 0.803922 0.803922 0.803922
v 0.0404468 0.000791423 -0.00041242 0.803922 0.803922 0.803922
v 0.0404044 0.000861509 -0.00041242 0.803922 0.803922 0.803922
v 0.0403539 0.000925977 -0.00041242 0.803922 0.803922 0.803922
v 0.040296 0.000983887 -0.00041242 0.803922 0.803922 0.803922
v 0.0402315 0.00103439 -0.00041242 0.803922 0.803922 0.803922
v 0.0401614 0.00107676 -0.00041242 0.803922 0.803922 0.803922
v 0.0400867 0.00111037 -0.00041242 0.803922 0.803922 0.803922
v 0.0400086 0.00113474 -0.00041242 0.803922 0.803922 0.803922
v 0.039928 0.0011495 -0.00041242 0.803922 0.803922 0.803922
v 0.0405459 0.000561199 -0.000365177 0.803922 0.803922 0.803922
v 0.0405305 0.00064491 -0.000365177 0.803922 0.803922 0.803922
v 0.0405052 0.000726161 -0.000365177 0.803922 0.803922 0.803922
v 0.0404703 0.000803768 -0.000365177 0.803922 0.803922 0.803922
v 0.0404263 0.000876599 -0.000365177 0.803922 0.803922 0.803922
v 0.0403738 0.000943592 -0.000365177 0.803922 0.803922 0.803922
v 0.0403136 0.00100377 -0.000365177 0.803922 0.803922 0.803922
v 0.0402466 0.00105626 -0.000365177 0.803922 0.803922 0.803922
v 0.0401738 0.00110028 -0.000365177 0.803922 0.803922 0.803922
v 0.0400962 0.00113521 -0.000365177 0.803922 0.803922 0.803922
v 0.0400149 0.00116053 -0.000365177 0.803922 0.803922 0.803922
v 0.0399312 0.00117587 -0.000365177 0.803922 0.803922 0.803922
v 0.040569 0.000564005 -0.000316231 0.803922 0.803922 0.803922
v 0.0405531 0.000650481 -0.000316231 0.803922 0.803922 0.803922
v 0.040527 0.000734415 -0.000316231 0.803922 0.803922 0.803922
v 0.0404909 0.000814585 -0.000316231 0.803922 0.803922 0.803922
v 0.0404454 0.000889822 -0.000316231 0.803922 0.803922 0.803922
v 0.0403912 0.000959027 -0.000316231 0.803922 0.803922 0.803922
v 0.040329 0.00102119 -0.000316231 0.803922 0.803922 0.803922
v 0.0402598 0.00107541 -0.000316231 0.803922 0.803922 0.803922
v 0.0401846 0.00112089 -0.000316231 0.803922 0.803922 0.803922
v 0.0401044 0.00115698 -0.000316231 0.803922 0.803922 0.803922
v 0.0400205 0.00118313 -0.000316231 0.803922 0.803922 0.803922
v 0.039934 0.00119898 -0.000316231 0.803922 0.803922 0.803922
v 0.0405887 0.000566402 -0.000265811 0.803922 0.803922 0.803922
v 0.0405724 0.000655239 -0.000265811 0.803922 0.803922 0.803922
v 0.0405456 0.000741466 -0.000265811 0.803922 0.803922 0.803922
v 0.0405085 0.000823826 -0.000265811 0.803922 0.803922 0.803922
v 0.0404618 0.000901117 -0.000265811 0.803922 0.803922 0.803922
v 0.0404061 0.000972212 -0.000265811 0.803922 0.803922 0.803922
v 0.0403422 0.00103608 -0.000265811 0.803922 0.803922 0.803922
v 0.0402711 0.00109178 -0.000265811 0.803922 0.803922 0.803922
v 0.0401938 0.0011385 -0.000265811 0.803922 0.803922 0.803922
v 0.0401115 0.00117557 -0.000265811 0.803922 0.803922 0.803922
v 0.0400252 0.00120244 -0.000265811 0.803922 0.803922 0.803922
v 0.0399364 0.00121872 -0.000265811 0.803922 0.803922 0.803922
v 0.040605 0.000568378 -0.000214151 0.803922 0.803922 0.803922
v 0.0405884 0.000659163 -0.000214151 0.803922 0.803922 0.803922
v 0.0405609 0.00074728 -0.000214151 0.803922 0.803922 0.803922
v 0.040523 0.000831445 -0.000214151 0.803922 0.803922 0.803922
v 0.0404753 0.000910431 -0.000214151 0.803922 0.803922 0.803922
v 0.0404183 0.000983085 -0.000214151 0.803922 0.803922 0.803922
v 0.0403531 0.00104835 -0.000214151 0.803922 0.803922 0.803922
v 0.0402804 0.00110527 -0.000214151 0.803922 0.803922 0.803922
v 0.0402014 0.00115302 -0.000214151 0.803922 0.803922 0.803922
v 0.0401173 0.0011909 -0.000214151 0.803922 0.803922 0.803922
v 0.0400292 0.00121836 -0.000214151 0.803922 0.803922 0.803922
v 0.0399384 0.00123499 -0.000214151 0.803922 0.803922 0.803922
v 0.0406177 0.000569925 -0.000161493 0.803922 0.803922 0.803922
v 0.0406008 0.000662234 -0.000161493 0.803922 0.803922 0.803922
v 0.0405729 0.00075183 -0.000161493 0.803922 0.803922 0.803922
v 0.0405344 0.000837409 -0.000161493 0.803922 0.803922 0.803922
v 0.0404858 0.00091772 -0.000161493 0.803922 0.803922 0.803922
v 0.040428 0.000991594 -0.000161493 0.803922 0.803922 0.803922
v 0.0403616 0.00105795 -0.000161493 0.803922 0.803922 0.803922
v 0.0402877 0.00111583 -0.000161493 0.803922 0.803922 0.803922
v 0.0402074 0.00116438 -0.000161493 0.803922 0.803922 0.803922
v 0.0401218 0.0012029 -0.000161493 0.803922 0.803922 0.803922
v 0.0400322 0.00123082 -0.000161493 0.803922 0.803922 0.803922
v 0.0399399 0.00124773 -0.000161493 0.803922 0.803922 0.803922
v 0.0406269 0.000571035 -0.000108082 0.803922 0.803922 0.803922
v 0.0406098 0.000664438 -0.000108082 0.803922 0.803922 0.803922
v 0.0405815 0.000755096 -0.000108082 0.803922 0.803922 0.803922
v 0.0405425 0.000841688 -0.000108082 0.803922 0.803922 0.803922
v 0.0404934 0.000922952 -0.000108082 0.803922 0.803922 0.803922
v 0.0404348 0.000997701 -0.000108082 0.803922 0.803922 0.803922
v 0.0403677 0.00106485 -0.000108082 0.803922 0.803922 0.803922
v 0.040293 0.00112341 -0.000108082 0.803922 0.803922 0.803922
v 0.0402117 0.00117253 -0.000108082 0.803922 0.803922 0.803922
v 0.0401251 0.00121151 -0.000108082 0.803922 0.803922 0.803922
v 0.0400344 0.00123976 -0.000108082 0.803922 0.803922 0.803922
v 0.039941 0.00125687 -0.000108082 0.803922 0.803922 0.803922
v 0.0406324 0.000571703 -5.41674e-05 0.803922 0.803922 0.803922
v 0.0406151 0.000665764 -5.41674e-05 0.803922 0.803922 0.803922
v 0.0405867 0.000757061 -5.41674e-05 0.803922 0.803922 0.803922
v 0.0405474 0.000844264 -5.41674e-05 0.803922 0.803922 0.803922
v 0.040498 0.0009261 -5.41674e-05 0.803922 0.803922 0.803922
v 0.040439 0.00100138 -5.41674e-05 0.803922 0.803922 0.803922
v 0.0403714 0.001069 -5.41674e-05 0.803922 0.803922 0.803922
v 0.0402961 0.00112797 -5.41674e-05 0.803922 0.803922 0.803922
v 0.0402143 0.00117744 -5.41674e-05 0.803922 0.803922 0.803922
v 0.0401271 0.00121669 -5.41674e-05 0.803922 0.803922 0.803922
v 0.0400358 0.00124514 -5.41674e-05 0.803922 0.803922 0.803922
v 0.0399417 0.00126238 -5.41674e-05 0.803922 0.803922 0.803922
v 0.0398462 0.00127 0.00396875 0.803922 0.803922 0.803922
v 0.0399004 0.00126815 0.00396875 0.803922 0.803922 0.803922
v 0.0399419 0.00126421 0.00396875 0.803922 0.803922 0.803922
v 0.0399543 0.00126261 0.00396875 0.803922 0.803922 0.803922
v 0.0400077 0.0012534 0.00396875 0.803922 0.803922 0.803922
v 0.0400362 0.00124694 0.00396875 0.803922 0.803922 0.803922
v 0.0400604 0.00124057 0.00396875 0.803922 0.803922 0.803922
v 0.0401121 0.00122417 0.00396875 0.803922 0.803922 0.803922
v 0.0401277 0.00121842 0.00396875 0.803922 0.803922 0.803922
v 0.0401625 0.00120429 0.00396875 0.803922 0.803922 0.803922
v 0.0402114 0.00118101 0.00396875 0.803922 0.803922 0.803922
v 0.0402151 0.00117908 0.00396875 0.803922 0.803922 0.803922
v 0.0402972 0.00112949 0.00396875 0.803922 0.803922 0.803922
v 0.0402587 0.00115445 0.00396875 0.803922 0.803922 0.803922
v 0.040304 0.00112472 0.00396875 0.803922 0.803922 0.803922
v 0.0403472 0.00109197 0.00396875 0.803922 0.803922 0.803922
v 0.0403726 0.00107038 0.00396875 0.803922 0.803922 0.803922
v 0.040388 0.00105635 0.00396875 0.803922 0.803922 0.803922
v 0.0404264 0.00101803 0.00396875 0.803922 0.803922 0.803922
v 0.0404404 0.0010026 0.00396875 0.803922 0.803922 0.803922
v 0.040462 0.000977176 0.00396875 0.803922 0.803922 0.803922
v 0.0404947 0.00093399 0.00396875 0.803922 0.803922 0.803922
v 0.0404995 0.000927151 0.00396875 0.803922 0.803922 0.803922
v 0.0405491 0.000845124 0.00396875 0.803922 0.803922 0.803922
v 0.0405244 0.00088867 0.00396875 0.803922 0.803922 0.803922
v 0.040551 0.000841427 0.00396875 0.803922 0.803922 0.803922
v 0.0405743 0.000792481 0.00396875 0.803922 0.803922 0.803922
v 0.0405884 0.000757718 0.00396875 0.803922 0.803922 0.803922
v 0.0405942 0.000742061 0.00396875 0.803922 0.803922 0.803922
v 0.0406106 0.000690401 0.00396875 0.803922 0.803922 0.803922
v 0.0406169 0.000666207 0.00396875 0.803922 0.803922 0.803922
v 0.0406234 0.000637743 0.00396875 0.803922 0.803922 0.803922
v 0.0406326 0.000584332 0.00396875 0.803922 0.803922 0.803922
v 0.0406342 0.000571926 0.00396875 0.803922 0.803922 0.803922
v 0.0406381 0.000530417 0.00396875 0.803922 0.803922 0.803922
v 0.04064 0.00047625 0.00396875 0.803922 0.803922 0.803922
v 0.0406381 0.00047625 0.00402292 0.803922 0.803922 0.803922
v 0.0406381 -0.0197644 0.00402292 0.803922 0.803922 0.803922
v 0.0406326 0.00047625 0.00407683 0.803922 0.803922 0.803922
v 0.0406326 -0.0197644 0.00407683 0.803922 0.803922 0.803922
v 0.0406234 0.00047625 0.00413024 0.803922 0.803922 0.803922
v 0.0406234 -0.0197644 0.00413024 0.803922 0.803922 0.803922
v 0.0406106 0.00047625 0.0041829 0.803922 0.803922 0.803922
v 0.0406106 -0.0197644 0.0041829 0.803922 0.803922 0.803922
v 0.0405942 0.00047625 0.00423456 0.803922 0.803922 0.803922
v 0.0405942 -0.0197644 0.00423456 0.803922 0.803922 0.803922
v 0.0405743 0.00047625 0.00428498 0.803922 0.803922 0.803922
v 0.0405743 -0.0197644 0.00428498 0.803922 0.803922 0.803922
v 0.040551 0.00047625 0.00433393 0.803922 0.803922 0.803922
v 0.040551 -0.0197644 0.00433393 0.803922 0.803922 0.803922
v 0.0405244 0.00047625 0.00438117 0.803922 0.803922 0.803922
v 0.0405244 -0.0197644 0.00438117 0.803922 0.803922 0.803922
v 0.0404947 0.00047625 0.00442649 0.803922 0.803922 0.803922
v 0.0404947 -0.0197644 0.00442649 0.803922 0.803922 0.803922
v 0.040462 0.00047625 0.00446968 0.803922 0.803922 0.803922
v 0.040462 -0.0197644 0.00446968 0.803922 0.803922 0.803922
v 0.0404264 0.00047625 0.00451053 0.803922 0.803922 0.803922
v 0.0404264 -0.0197644 0.00451053 0.803922 0.803922 0.803922
v 0.040388 0.00047625 0.00454885 0.803922 0.803922 0.803922
v 0.040388 -0.0197644 0.00454885 0.803922 0.803922 0.803922
v 0.0403472 0.00047625 0.00458447 0.803922 0.803922 0.803922
v 0.0403472 -0.0197644 0.00458447 0.803922 0.803922 0.803922
v 0.040304 0.00047625 0.00461722 0.803922 0.803922 0.803922
v 0.040304 -0.0197644 0.00461722 0.803922 0.803922 0.803922
v 0.0402587 0.00047625 0.00464695 0.803922 0.803922 0.803922
v 0.0402587 -0.0197644 0.00464695 0.803922 0.803922 0.803922
v 0.0402114 0.00047625 0.00467351 0.803922 0.803922 0.803922
v 0.0402114 -0.0197644 0.00467351 0.803922 0.803922 0.803922
v 0.0401625 0.00047625 0.00469679 0.803922 0.803922 0.803922
v 0.0401625 -0.0197644 0.00469679 0.803922 0.803922 0.803922
v 0.0401121 0.00047625 0.00471667 0.803922 0.803922 0.803922
v 0.0401121 -0.0197644 0.00471667 0.803922 0.803922 0.803922
v 0.0400604 0.00047625 0.00473307 0.803922 0.803922 0.803922
v 0.0400604 -0.0197644 0.00473307 0.803922 0.803922 0.803922
v 0.0400077 0.00047625 0.0047459 0.803922 0.803922 0.803922
v 0.0400077 -0.0197644 0.0047459 0.803922 0.803922 0.803922
v 0.0399543 0.00047625 0.00475511 0.803922 0.803922 0.803922
v 0.0399543 -0.0197644 0.00475511 0.803922 0.803922 0.803922
v 0.0399004 0.00047625 0.00476065 0.803922 0.803922 0.803922
v 0.0399004 -0.0197644 0.00476065 0.803922 0.803922 0.803922
v 0.0398462 0.00047625 0.0047625 0.803922 0.803922 0.803922
v 0.0399417 -0.0205505 0.00402292 0.803922 0.803922 0.803922
v 0.0400358 -0.0205333 0.00402292 0.803922 0.803922 0.803922
v 0.0401271 -0.0205048 0.00402292 0.803922 0.803922 0.803922
v 0.0402143 -0.0204656 0.00402292 0.803922 0.803922 0.803922
v 0.0402961 -0.0204161 0.00402292 0.803922 0.803922 0.803922
v 0.0403714 -0.0203571 0.00402292 0.803922 0.803922 0.803922
v 0.040439 -0.0202895 0.00402292 0.803922 0.803922 0.803922
v 0.040498 -0.0202142 0.00402292 0.803922 0.803922 0.803922
v 0.0405474 -0.0201324 0.00402292 0.803922 0.803922 0.803922
v 0.0405867 -0.0200452 0.00402292 0.803922 0.803922 0.803922
v 0.0406151 -0.0199539 0.00402292 0.803922 0.803922 0.803922
v 0.0406324 -0.0198598 0.00402292 0.803922 0.803922 0.803922
v 0.039941 -0.020545 0.00407683 0.803922 0.803922 0.803922
v 0.0400344 -0.0205279 0.00407683 0.803922 0.803922 0.803922
v 0.0401251 -0.0204996 0.00407683 0.803922 0.803922 0.803922
v 0.0402117 -0.0204607 0.00407683 0.803922 0.803922 0.803922
v 0.040293 -0.0204115 0.00407683 0.803922 0.803922 0.803922
v 0.0403677 -0.020353 0.00407683 0.803922 0.803922 0.803922
v 0.0404348 -0.0202858 0.00407683 0.803922 0.803922 0.803922
v 0.0404934 -0.0202111 0.00407683 0.803922 0.803922 0.803922
v 0.0405425 -0.0201298 0.00407683 0.803922 0.803922 0.803922
v 0.0405815 -0.0200432 0.00407683 0.803922 0.803922 0.803922
v 0.0406098 -0.0199526 0.00407683 0.803922 0.803922 0.803922
v 0.0406269 -0.0198592 0.00407683 0.803922 0.803922 0.803922
v 0.0399399 -0.0205359 0.00413024 0.803922 0.803922 0.803922
v 0.0400322 -0.0205189 0.00413024 0.803922 0.803922 0.803922
v 0.0401218 -0.020491 0.00413024 0.803922 0.803922 0.803922
v 0.0402074 -0.0204525 0.00413024 0.803922 0.803922 0.803922
v 0.0402877 -0.020404 0.00413024 0.803922 0.803922 0.803922
v 0.0403616 -0.0203461 0.00413024 0.803922 0.803922 0.803922
v 0.040428 -0.0202797 0.00413024 0.803922 0.803922 0.803922
v 0.0404858 -0.0202058 0.00413024 0.803922 0.803922 0.803922
v 0.0405344 -0.0201255 0.00413024 0.803922 0.803922 0.803922
v 0.0405729 -0.02004 0.00413024 0.803922 0.803922 0.803922
v 0.0406008 -0.0199504 0.00413024 0.803922 0.803922 0.803922
v 0.0406177 -0.019858 0.00413024 0.803922 0.803922 0.803922
v 0.0399384 -0.0205231 0.0041829 0.803922 0.803922 0.803922
v 0.0400292 -0.0205065 0.0041829 0.803922 0.803922 0.803922
v 0.0401173 -0.020479 0.0041829 0.803922 0.803922 0.803922
v 0.0402014 -0.0204411 0.0041829 0.803922 0.803922 0.803922
v 0.0402804 -0.0203934 0.0041829 0.803922 0.803922 0.803922
v 0.0403531 -0.0203365 0.0041829 0.803922 0.803922 0.803922
v 0.0404183 -0.0202712 0.0041829 0.803922 0.803922 0.803922
v 0.0404753 -0.0201986 0.0041829 0.803922 0.803922 0.803922
v 0.040523 -0.0201196 0.0041829 0.803922 0.803922 0.803922
v 0.0405609 -0.0200354 0.0041829 0.803922 0.803922 0.803922
v 0.0405884 -0.0199473 0.0041829 0.803922 0.803922 0.803922
v 0.040605 -0.0198565 0.0041829 0.803922 0.803922 0.803922
v 0.0399364 -0.0205068 0.00423456 0.803922 0.803922 0.803922
v 0.0400252 -0.0204906 0.00423456 0.803922 0.803922 0.803922
v 0.0401115 -0.0204637 0.00423456 0.803922 0.803922 0.803922
v 0.0401938 -0.0204266 0.00423456 0.803922 0.803922 0.803922
v 0.0402711 -0.0203799 0.00423456 0.803922 0.803922 0.803922
v 0.0403422 -0.0203242 0.00423456 0.803922 0.803922 0.803922
v 0.0404061 -0.0202603 0.00423456 0.803922 0.803922 0.803922
v 0.0404618 -0.0201892 0.00423456 0.803922 0.803922 0.803922
v 0.0405085 -0.020112 0.00423456 0.803922 0.803922 0.803922
v 0.0405456 -0.0200296 0.00423456 0.803922 0.803922 0.803922
v 0.0405724 -0.0199434 0.00423456 0.803922 0.803922 0.803922
v 0.0405887 -0.0198545 0.00423456 0.803922 0.803922 0.803922
v 0.039934 -0.0204871 0.00428498 0.803922 0.803922 0.803922
v 0.0400205 -0.0204713 0.00428498 0.803922 0.803922 0.803922
v 0.0401044 -0.0204451 0.00428498 0.803922 0.803922 0.803922
v 0.0401846 -0.020409 0.00428498 0.803922 0.803922 0.803922
v 0.0402598 -0.0203635 0.00428498 0.803922 0.803922 0.803922
v 0.040329 -0.0203093 0.00428498 0.803922 0.803922 0.803922
v 0.0403912 -0.0202472 0.00428498 0.803922 0.803922 0.803922
v 0.0404454 -0.0201779 0.00428498 0.803922 0.803922 0.803922
v 0.0404909 -0.0201027 0.00428498 0.803922 0.803922 0.803922
v 0.040527 -0.0200225 0.00428498 0.803922 0.803922 0.803922
v 0.0405531 -0.0199386 0.00428498 0.803922 0.803922 0.803922
v 0.040569 -0.0198521 0.00428498 0.803922 0.803922 0.803922
v 0.0399312 -0.020464 0.00433393 0.803922 0.803922 0.803922
v 0.0400149 -0.0204487 0.00433393 0.803922 0.803922 0.803922
v 0.0400962 -0.0204233 0.00433393 0.803922 0.803922 0.803922
v 0.0401738 -0.0203884 0.00433393 0.803922 0.803922 0.803922
v 0.0402466 -0.0203444 0.00433393 0.803922 0.803922 0.803922
v 0.0403136 -0.0202919 0.00433393 0.803922 0.803922 0.803922
v 0.0403738 -0.0202317 0.00433393 0.803922 0.803922 0.803922
v 0.0404263 -0.0201647 0.00433393 0.803922 0.803922 0.803922
v 0.0404703 -0.0200919 0.00433393 0.803922 0.803922 0.803922
v 0.0405052 -0.0200143 0.00433393 0.803922 0.803922 0.803922
v 0.0405305 -0.019933 0.00433393 0.803922 0.803922 0.803922
v 0.0405459 -0.0198493 0.00433393 0.803922 0.803922 0.803922
v 0.039928 -0.0204376 0.00438117 0.803922 0.803922 0.803922
v 0.0400086 -0.0204229 0.00438117 0.803922 0.803922 0.803922
v 0.0400867 -0.0203985 0.00438117 0.803922 0.803922 0.803922
v 0.0401614 -0.0203649 0.00438117 0.803922 0.803922 0.803922
v 0.0402315 -0.0203225 0.00438117 0.803922 0.803922 0.803922
v 0.040296 -0.020272 0.00438117 0.803922 0.803922 0.803922
v 0.0403539 -0.0202141 0.00438117 0.803922 0.803922 0.803922
v 0.0404044 -0.0201496 0.00438117 0.803922 0.803922 0.803922
v 0.0404468 -0.0200795 0.00438117 0.803922 0.803922 0.803922
v 0.0404804 -0.0200049 0.00438117 0.803922 0.803922 0.803922
v 0.0405047 -0.0199267 0.00438117 0.803922 0.803922 0.803922
v 0.0405195 -0.0198461 0.00438117 0.803922 0.803922 0.803922
v 0.0399244 -0.0204081 0.00442649 0.803922 0.803922 0.803922
v 0.0400014 -0.020394 0.00442649 0.803922 0.803922 0.803922
v 0.0400762 -0.0203707 0.00442649 0.803922 0.803922 0.803922
v 0.0401476 -0.0203386 0.00442649 0.803922 0.803922 0.803922
v 0.0402146 -0.0202981 0.00442649 0.803922 0.803922 0.803922
v 0.0402763 -0.0202498 0.00442649 0.803922 0.803922 0.803922
v 0.0403316 -0.0201944 0.00442649 0.803922 0.803922 0.803922
v 0.0403799 -0.0201327 0.00442649 0.803922 0.803922 0.803922
v 0.0404204 -0.0200657 0.00442649 0.803922 0.803922 0.803922
v 0.0404526 -0.0199943 0.00442649 0.803922 0.803922 0.803922
v 0.0404759 -0.0199196 0.00442649 0.803922 0.803922 0.803922
v 0.04049 -0.0198425 0.00442649 0.803922 0.803922 0.803922
v 0.0399205 -0.0203756 0.00446968 0.803922 0.803922 0.803922
v 0.0399936 -0.0203622 0.00446968 0.803922 0.803922 0.803922
v 0.0400646 -0.0203401 0.00446968 0.803922 0.803922 0.803922
v 0.0401324 -0.0203096 0.00446968 0.803922 0.803922 0.803922
v 0.040196 -0.0202711 0.00446968 0.803922 0.803922 0.803922
v 0.0402545 -0.0202252 0.00446968 0.803922 0.803922 0.803922
v 0.0403071 -0.0201727 0.00446968 0.803922 0.803922 0.803922
v 0.040353 -0.0201141 0.00446968 0.803922 0.803922 0.803922
v 0.0403914 -0.0200505 0.00446968 0.803922 0.803922 0.803922
v 0.040422 -0.0199827 0.00446968 0.803922 0.803922 0.803922
v 0.0404441 -0.0199117 0.00446968 0.803922 0.803922 0.803922
v 0.0404575 -0.0198386 0.00446968 0.803922 0.803922 0.803922
v 0.0399162 -0.0203402 0.00451053 0.803922 0.803922 0.803922
v 0.0399851 -0.0203276 0.00451053 0.803922 0.803922 0.803922
v 0.040052 -0.0203068 0.00451053 0.803922 0.803922 0.803922
v 0.0401158 -0.020278 0.00451053 0.803922 0.803922 0.803922
v 0.0401758 -0.0202418 0.00451053 0.803922 0.803922 0.803922
v 0.0402309 -0.0201986 0.00451053 0.803922 0.803922 0.803922
v 0.0402805 -0.0201491 0.00451053 0.803922 0.803922 0.803922
v 0.0403237 -0.0200939 0.00451053 0.803922 0.803922 0.803922
v 0.0403599 -0.020034 0.00451053 0.803922 0.803922 0.803922
v 0.0403887 -0.0199701 0.00451053 0.803922 0.803922 0.803922
v 0.0404095 -0.0199032 0.00451053 0.803922 0.803922 0.803922
v 0.0404221 -0.0198343 0.00451053 0.803922 0.803922 0.803922
v 0.0399116 -0.0203022 0.00454885 0.803922 0.803922 0.803922
v 0.0399759 -0.0202904 0.00454885 0.803922 0.803922 0.803922
v 0.0400384 -0.0202709 0.00454885 0.803922 0.803922 0.803922
v 0.040098 -0.0202441 0.00454885 0.803922 0.803922 0.803922
v 0.040154 -0.0202102 0.00454885 0.803922 0.803922 0.803922
v 0.0402055 -0.0201699 0.00454885 0.803922 0.803922 0.803922
v 0.0402518 -0.0201236 0.00454885 0.803922 0.803922 0.803922
v 0.0402921 -0.0200721 0.00454885 0.803922 0.803922 0.803922
v 0.040326 -0.0200162 0.00454885 0.803922 0.803922 0.803922
v 0.0403528 -0.0199565 0.00454885 0.803922 0.803922 0.803922
v 0.0403723 -0.019894 0.00454885 0.803922 0.803922 0.803922
v 0.0403841 -0.0198297 0.00454885 0.803922 0.803922 0.803922
v 0.0399066 -0.0202616 0.00458447 0.803922 0.803922 0.803922
v 0.0399661 -0.0202507 0.00458447 0.803922 0.803922 0.803922
v 0.0400239 -0.0202327 0.00458447 0.803922 0.803922 0.803922
v 0.040079 -0.0202079 0.00458447 0.803922 0.803922 0.803922
v 0.0401308 -0.0201766 0.00458447 0.803922 0.803922 0.803922
v 0.0401784 -0.0201393 0.00458447 0.803922 0.803922 0.803922
v 0.0402212 -0.0200966 0.00458447 0.803922 0.803922 0.803922
v 0.0402585 -0.0200489 0.00458447 0.803922 0.803922 0.803922
v 0.0402898 -0.0199972 0.00458447 0.803922 0.803922 0.803922
v 0.0403146 -0.019942 0.00458447 0.803922 0.803922 0.803922
v 0.0403326 -0.0198843 0.00458447 0.803922 0.803922 0.803922
v 0.0403435 -0.0198248 0.00458447 0.803922 0.803922 0.803922
v 0.0399014 -0.0202188 0.00461722 0.803922 0.803922 0.803922
v 0.0399558 -0.0202088 0.00461722 0.803922 0.803922 0.803922
v 0.0400086 -0.0201924 0.00461722 0.803922 0.803922 0.803922
v 0.040059 -0.0201697 0.00461722 0.803922 0.803922 0.803922
v 0.0401063 -0.0201411 0.00461722 0.803922 0.803922 0.803922
v 0.0401498 -0.020107 0.00461722 0.803922 0.803922 0.803922
v 0.0401889 -0.0200679 0.00461722 0.803922 0.803922 0.803922
v 0.040223 -0.0200244 0.00461722 0.803922 0.803922 0.803922
v 0.0402516 -0.0199771 0.00461722 0.803922 0.803922 0.803922
v 0.0402742 -0.0199267 0.00461722 0.803922 0.803922 0.803922
v 0.0402907 -0.0198739 0.00461722 0.803922 0.803922 0.803922
v 0.0403007 -0.0198195 0.00461722 0.803922 0.803922 0.803922
v 0.039896 -0.0201738 0.00464695 0.803922 0.803922 0.803922
v 0.0399449 -0.0201648 0.00464695 0.803922 0.803922 0.803922
v 0.0399925 -0.02015 0.00464695 0.803922 0.803922 0.803922
v 0.0400379 -0.0201296 0.00464695 0.803922 0.803922 0.803922
v 0.0400805 -0.0201038 0.00464695 0.803922 0.803922 0.803922
v 0.0401197 -0.0200731 0.00464695 0.803922 0.803922 0.803922
v 0.040155 -0.0200379 0.00464695 0.803922 0.803922 0.803922
v 0.0401857 -0.0199987 0.00464695 0.803922 0.803922 0.803922
v 0.0402114 -0.019956 0.00464695 0.803922 0.803922 0.803922
v 0.0402319 -0.0199106 0.00464695 0.803922 0.803922 0.803922
v 0.0402467 -0.0198631 0.00464695 0.803922 0.803922 0.803922
v 0.0402557 -0.0198141 0.00464695 0.803922 0.803922 0.803922
v 0.0398903 -0.0201269 0.00467351 0.803922 0.803922 0.803922
v 0.0399336 -0.0201189 0.00467351 0.803922 0.803922 0.803922
v 0.0399757 -0.0201058 0.00467351 0.803922 0.803922 0.803922
v 0.040016 -0.0200877 0.00467351 0.803922 0.803922 0.803922
v 0.0400537 -0.0200649 0.00467351 0.803922 0.803922 0.803922
v 0.0400884 -0.0200377 0.00467351 0.803922 0.803922 0.803922
v 0.0401196 -0.0200065 0.00467351 0.803922 0.803922 0.803922
v 0.0401468 -0.0199718 0.00467351 0.803922 0.803922 0.803922
v 0.0401696 -0.0199341 0.00467351 0.803922 0.803922 0.803922
v 0.0401877 -0.0198939 0.00467351 0.803922 0.803922 0.803922
v 0.0402008 -0.0198518 0.00467351 0.803922 0.803922 0.803922
v 0.0402088 -0.0198084 0.00467351 0.803922 0.803922 0.803922
v 0.0398844 -0.0200783 0.00469679 0.803922 0.803922 0.803922
v 0.0399219 -0.0200714 0.00469679 0.803922 0.803922 0.803922
v 0.0399584 -0.0200601 0.00469679 0.803922 0.803922 0.803922
v 0.0399932 -0.0200444 0.00469679 0.803922 0.803922 0.803922
v 0.0400259 -0.0200246 0.00469679 0.803922 0.803922 0.803922
v 0.0400559 -0.0200011 0.00469679 0.803922 0.803922 0.803922
v 0.040083 -0.0199741 0.00469679 0.803922 0.803922 0.803922
v 0.0401065 -0.019944 0.00469679 0.803922 0.803922 0.803922
v 0.0401263 -0.0199113 0.00469679 0.803922 0.803922 0.803922
v 0.0401419 -0.0198765 0.00469679 0.803922 0.803922 0.803922
v 0.0401533 -0.0198401 0.00469679 0.803922 0.803922 0.803922
v 0.0401602 -0.0198025 0.00469679 0.803922 0.803922 0.803922
v 0.0398783 -0.0200282 0.00471667 0.803922 0.803922 0.803922
v 0.0399099 -0.0200225 0.00471667 0.803922 0.803922 0.803922
v 0.0399405 -0.0200129 0.00471667 0.803922 0.803922 0.803922
v 0.0399698 -0.0199997 0.00471667 0.803922 0.803922 0.803922
v 0.0399972 -0.0199831 0.00471667 0.803922 0.803922 0.803922
v 0.0400225 -0.0199633 0.00471667 0.803922 0.803922 0.803922
v 0.0400452 -0.0199406 0.00471667 0.803922 0.803922 0.803922
v 0.040065 -0.0199154 0.00471667 0.803922 0.803922 0.803922
v 0.0400816 -0.0198879 0.00471667 0.803922 0.803922 0.803922
v 0.0400948 -0.0198586 0.00471667 0.803922 0.803922 0.803922
v 0.0401043 -0.019828 0.00471667 0.803922 0.803922 0.803922
v 0.0401101 -0.0197964 0.00471667 0.803922 0.803922 0.803922
v 0.0398721 -0.019977 0.00473307 0.803922 0.803922 0.803922
v 0.0398975 -0.0199723 0.00473307 0.803922 0.803922 0.803922
v 0.0399222 -0.0199646 0.00473307 0.803922 0.803922 0.803922
v 0.0399458 -0.019954 0.00473307 0.803922 0.803922 0.803922
v 0.0399679 -0.0199406 0.00473307 0.803922 0.803922 0.803922
v 0.0399883 -0.0199247 0.00473307 0.803922 0.803922 0.803922
v 0.0400065 -0.0199064 0.00473307 0.803922 0.803922 0.803922
v 0.0400225 -0.019886 0.00473307 0.803922 0.803922 0.803922
v 0.0400359 -0.0198639 0.00473307 0.803922 0.803922 0.803922
v 0.0400465 -0.0198403 0.00473307 0.803922 0.803922 0.803922
v 0.0400542 -0.0198156 0.00473307 0.803922 0.803922 0.803922
v 0.0400588 -0.0197902 0.00473307 0.803922 0.803922 0.803922
v 0.0398657 -0.0199247 0.0047459 0.803922 0.803922 0.803922
v 0.0398849 -0.0199212 0.0047459 0.803922 0.803922 0.803922
v 0.0399035 -0.0199154 0.0047459 0.803922 0.803922 0.803922
v 0.0399213 -0.0199074 0.0047459 0.803922 0.803922 0.803922
v 0.039938 -0.0198973 0.0047459 0.803922 0.803922 0.803922
v 0.0399533 -0.0198853 0.0047459 0.803922 0.803922 0.803922
v 0.0399671 -0.0198715 0.0047459 0.803922 0.803922 0.803922
v 0.0399792 -0.0198561 0.0047459 0.803922 0.803922 0.803922
v 0.0399892 -0.0198394 0.0047459 0.803922 0.803922 0.803922
v 0.0399972 -0.0198216 0.0047459 0.803922 0.803922 0.803922
v 0.0400031 -0.019803 0.0047459 0.803922 0.803922 0.803922
v 0.0400066 -0.0197838 0.0047459 0.803922 0.803922 0.803922
v 0.0398593 -0.0198717 0.00475511 0.803922 0.803922 0.803922
v 0.0398721 -0.0198693 0.00475511 0.803922 0.803922 0.803922
v 0.0398846 -0.0198654 0.00475511 0.803922 0.803922 0.803922
v 0.0398965 -0.0198601 0.00475511 0.803922 0.803922 0.803922
v 0.0399076 -0.0198533 0.00475511 0.803922 0.803922 0.803922
v 0.0399179 -0.0198453 0.00475511 0.803922 0.803922 0.803922
v 0.0399272 -0.019836 0.00475511 0.803922 0.803922 0.803922
v 0.0399352 -0.0198258 0.00475511 0.803922 0.803922 0.803922
v 0.039942 -0.0198146 0.00475511 0.803922 0.803922 0.803922
v 0.0399473 -0.0198027 0.00475511 0.803922 0.803922 0.803922
v 0.0399512 -0.0197902 0.00475511 0.803922 0.803922 0.803922
v 0.0399535 -0.0197774 0.00475511 0.803922 0.803922 0.803922
v 0.0398528 -0.0198181 0.00476065 0.803922 0.803922 0.803922
v 0.0398592 -0.019817 0.00476065 0.803922 0.803922 0.803922
v 0.0398655 -0.019815 0.00476065 0.803922 0.803922 0.803922
v 0.0398714 -0.0198123 0.00476065 0.803922 0.803922 0.803922
v 0.039877 -0.019809 0.00476065 0.803922 0.803922 0.803922
v 0.0398822 -0.0198049 0.00476065 0.803922 0.803922 0.803922
v 0.0398868 -0.0198003 0.00476065 0.803922 0.803922 0.803922
v 0.0398908 -0.0197951 0.00476065 0.803922 0.803922 0.803922
v 0.0398942 -0.0197895 0.00476065 0.803922 0.803922 0.803922
v 0.0398969 -0.0197836 0.00476065 0.803922 0.803922 0.803922
v 0.0398988 -0.0197773 0.00476065 0.803922 0.803922 0.803922
v 0.0399 -0.0197709 0.00476065 0.803922 0.803922 0.803922
v 0.0398462 0.00126815 0.00402292 0.803922 0.803922 0.803922
v 0.0398462 0.00126261 0.00407683 0.803922 0.803922 0.803922
v 0.0398462 0.0012534 0.00413024 0.803922 0.803922 0.803922
v 0.0398462 0.00124057 0.0041829 0.803922 0.803922 0.803922
v 0.0398462 0.00122417 0.00423456 0.803922 0.803922 0.803922
v 0.0398462 0.00120429 0.00428498 0.803922 0.803922 0.803922
v 0.0398462 0.00118101 0.00433393 0.803922 0.803922 0.803922
v 0.0398462 0.00115445 0.00438117 0.803922 0.803922 0.803922
v 0.0398462 0.00112472 0.00442649 0.803922 0.803922 0.803922
v 0.0398462 0.00109197 0.00446968 0.803922 0.803922 0.803922
v 0.0398462 0.00105635 0.00451053 0.803922 0.803922 0.803922
v 0.0398462 0.00101803 0.00454885 0.803922 0.803922 0.803922
v 0.0398462 0.000977176 0.00458447 0.803922 0.803922 0.803922
v 0.0398462 0.00093399 0.00461722 0.803922 0.803922 0.803922
v 0.0398462 0.00088867 0.00464695 0.803922 0.803922 0.803922
v 0.0398462 0.000841427 0.00467351 0.803922 0.803922 0.803922
v 0.0398462 0.000792481 0.00469679 0.803922 0.803922 0.803922
v 0.0398462 0.000742061 0.00471667 0.803922 0.803922 0.803922
v 0.0398462 0.000690401 0.00473307 0.803922 0.803922 0.803922
v 0.0398462 0.000637743 0.0047459 0.803922 0.803922 0.803922
v 0.0398462 0.000584332 0.00475511 0.803922 0.803922 0.803922
v 0.0398462 0.000530417 0.00476065 0.803922 0.803922 0.803922
v 0.0406324 0.000571703 0.00402292 0.803922 0.803922 0.803922
v 0.0406151 0.000665764 0.00402292 0.803922 0.803922 0.803922
v 0.0405867 0.000757061 0.00402292 0.803922 0.803922 0.803922
v 0.0405474 0.000844264 0.00402292 0.803922 0.803922 0.803922
v 0.040498 0.0009261 0.00402292 0.803922 0.803922 0.803922
v 0.040439 0.00100138 0.00402292 0.803922 0.803922 0.803922
v 0.0403714 0.001069 0.00402292 0.803922 0.803922 0.803922
v 0.0402961 0.00112797 0.00402292 0.803922 0.803922 0.803922
v 0.0402143 0.00117744 0.00402292 0.803922 0.803922 0.803922
v 0.0401271 0.00121669 0.00402292 0.803922 0.803922 0.803922
v 0.0400358 0.00124514 0.00402292 0.803922 0.803922 0.803922
v 0.0399417 0.00126238 0.00402292 0.803922 0.803922 0.803922
v 0.0406269 0.000571035 0.00407683 0.803922 0.803922 0.803922
v 0.0406098 0.000664438 0.00407683 0.803922 0.803922 0.803922
v 0.0405815 0.000755096 0.00407683 0.803922 0.803922 0.803922
v 0.0405425 0.000841688 0.00407683 0.803922 0.803922 0.803922
v 0.0404934 0.000922952 0.00407683 0.803922 0.803922 0.803922
v 0.0404348 0.000997701 0.00407683 0.803922 0.803922 0.803922
v 0.0403677 0.00106485 0.00407683 0.803922 0.803922 0.803922
v 0.040293 0.00112341 0.00407683 0.803922 0.803922 0.803922
v 0.0402117 0.00117253 0.00407683 0.803922 0.803922 0.803922
v 0.0401251 0.00121151 0.00407683 0.803922 0.803922 0.803922
v 0.0400344 0.00123976 0.00407683 0.803922 0.803922 0.803922
v 0.039941 0.00125687 0.00407683 0.803922 0.803922 0.803922
v 0.0406177 0.000569925 0.00413024 0.803922 0.803922 0.803922
v 0.0406008 0.000662234 0.00413024 0.803922 0.803922 0.803922
v 0.0405729 0.00075183 0.00413024 0.803922 0.803922 0.803922
v 0.0405344 0.000837409 0.00413024 0.803922 0.803922 0.803922
v 0.0404858 0.00091772 0.00413024 0.803922 0.803922 0.803922
v 0.040428 0.000991594 0.00413024 0.803922 0.803922 0.803922
v 0.0403616 0.00105795 0.00413024 0.803922 0.803922 0.803922
v 0.0402877 0.00111583 0.00413024 0.803922 0.803922 0.803922
v 0.0402074 0.00116438 0.00413024 0.803922 0.803922 0.803922
v 0.0401218 0.0012029 0.00413024 0.803922 0.803922 0.803922
v 0.0400322 0.00123082 0.00413024 0.803922 0.803922 0.803922
v 0.0399399 0.00124773 0.00413024 0.803922 0.803922 0.803922
v 0.040605 0.000568378 0.0041829 0.803922 0.803922 0.803922
v 0.0405884 0.000659163 0.0041829 0.803922 0.803922 0.803922
v 0.0405609 0.00074728 0.0041829 0.803922 0.803922 0.803922
v 0.040523 0.000831445 0.0041829 0.803922 0.803922 0.803922
v 0.0404753 0.000910431 0.0041829 0.803922 0.803922 0.803922
v 0.0404183 0.000983085 0.0041829 0.803922 0.803922 0.803922
v 0.0403531 0.00104835 0.0041829 0.803922 0.803922 0.803922
v 0.0402804 0.00110527 0.0041829 0.803922 0.803922 0.803922
v 0.0402014 0.00115302 0.0041829 0.803922 0.803922 0.803922
v 0.0401173 0.0011909 0.0041829 0.803922 0.803922 0.803922
v 0.0400292 0.00121836 0.0041829 0.803922 0.803922 0.803922
v 0.0399384 0.00123499 0.0041829 0.803922 0.803922 0.803922
v 0.0405887 0.000566402 0.00423456 0.803922 0.803922 0.803922
v 0.0405724 0.000655239 0.00423456 0.803922 0.803922 0.803922
v 0.0405456 0.000741466 0.00423456 0.803922 0.803922 0.803922
v 0.0405085 0.000823826 0.00423456 0.803922 0.803922 0.803922
v 0.0404618 0.000901117 0.00423456 0.803922 0.803922 0.803922
v 0.0404061 0.000972212 0.00423456 0.803922 0.803922 0.803922
v 0.0403422 0.00103608 0.00423456 0.803922 0.803922 0.803922
v 0.0402711 0.00109178 0.00423456 0.803922 0.803922 0.803922
v 0.0401938 0.0011385 0.00423456 0.803922 0.803922 0.803922
v 0.0401115 0.00117557 0.00423456 0.803922 0.803922 0.803922
v 0.0400252 0.00120244 0.00423456 0.803922 0.803922 0.803922
v 0.0399364 0.00121872 0.00423456 0.803922 0.803922 0.803922
v 0.040569 0.000564005 0.00428498 0.803922 0.803922 0.803922
v 0.0405531 0.000650481 0.00428498 0.803922 0.803922 0.803922
v 0.040527 0.000734415 0.00428498 0.803922 0.803922 0.803922
v 0.0404909 0.000814585 0.00428498 0.803922 0.803922 0.803922
v 0.0404454 0.000889822 0.00428498 0.803922 0.803922 0.803922
v 0.0403912 0.000959027 0.00428498 0.803922 0.803922 0.803922
v 0.040329 0.00102119 0.00428498 0.803922 0.803922 0.803922
v 0.0402598 0.00107541 0.00428498 0.803922 0.803922 0.803922
v 0.0401846 0.00112089 0.00428498 0.803922 0.803922 0.803922
v 0.0401044 0.00115698 0.00428498 0.803922 0.803922 0.803922
v 0.0400205 0.00118313 0.00428498 0.803922 0.803922 0.803922
v 0.039934 0.00119898 0.00428498 0.803922 0.803922 0.803922
v 0.0405459 0.000561199 0.00433393 0.803922 0.803922 0.803922
v 0.0405305 0.00064491 0.00433393 0.803922 0.803922 0.803922
v 0.0405052 0.000726161 0.00433393 0.803922 0.803922 0.803922
v 0.0404703 0.000803768 0.00433393 0.803922 0.803922 0.803922
v 0.0404263 0.000876599 0.00433393 0.803922 0.803922 0.803922
v 0.0403738 0.000943592 0.00433393 0.803922 0.803922 0.803922
v 0.0403136 0.00100377 0.00433393 0.803922 0.803922 0.803922
v 0.0402466 0.00105626 0.00433393 0.803922 0.803922 0.803922
v 0.0401738 0.00110028 0.00433393 0.803922 0.803922 0.803922
v 0.0400962 0.00113521 0.00433393 0.803922 0.803922 0.803922
v 0.0400149 0.00116053 0.00433393 0.803922 0.803922 0.803922
v 0.0399312 0.00117587 0.00433393 0.803922 0.803922 0.803922
v 0.0405195 0.000557997 0.00438117 0.803922 0.803922 0.803922
v 0.0405047 0.000638553 0.00438117 0.803922 0.803922 0.803922
v 0.0404804 0.000716741 0.00438117 0.803922 0.803922 0.803922
v 0.0404468 0.000791423 0.00438117 0.803922 0.803922 0.803922
v 0.0404044 0.000861509 0.00438117 0.803922 0.803922 0.803922
v 0.0403539 0.000925977 0.00438117 0.803922 0.803922 0.803922
v 0.040296 0.000983887 0.00438117 0.803922 0.803922 0.803922
v 0.0402315 0.00103439 0.00438117 0.803922 0.803922 0.803922
v 0.0401614 0.00107676 0.00438117 0.803922 0.803922 0.803922
v 0.0400867 0.00111037 0.00438117 0.803922 0.803922 0.803922
v 0.0400086 0.00113474 0.00438117 0.803922 0.803922 0.803922
v 0.039928 0.0011495 0.00438117 0.803922 0.803922 0.803922
v 0.04049 0.000554414 0.00442649 0.803922 0.803922 0.803922
v 0.0404759 0.000631439 0.00442649 0.803922 0.803922 0.803922
v 0.0404526 0.000706201 0.00442649 0.803922 0.803922 0.803922
v 0.0404204 0.000777609 0.00442649 0.803922 0.803922 0.803922
v 0.0403799 0.000844623 0.00442649 0.803922 0.803922 0.803922
v 0.0403316 0.000906265 0.00442649 0.803922 0.803922 0.803922
v 0.0402763 0.000961637 0.00442649 0.803922 0.803922 0.803922
v 0.0402146 0.00100993 0.00442649 0.803922 0.803922 0.803922
v 0.0401476 0.00105044 0.00442649 0.803922 0.803922 0.803922
v 0.0400762 0.00108258 0.00442649 0.803922 0.803922 0.803922
v 0.0400014 0.00110588 0.00442649 0.803922 0.803922 0.803922
v 0.0399244 0.00111999 0.00442649 0.803922 0.803922 0.803922
v 0.0404575 0.000550467 0.00446968 0.803922 0.803922 0.803922
v 0.0404441 0.000623602 0.00446968 0.803922 0.803922 0.803922
v 0.040422 0.000694588 0.00446968 0.803922 0.803922 0.803922
v 0.0403914 0.00076239 0.00446968 0.803922 0.803922 0.803922
v 0.040353 0.000826019 0.00446968 0.803922 0.803922 0.803922
v 0.0403071 0.000884548 0.00446968 0.803922 0.803922 0.803922
v 0.0402545 0.000937124 0.00446968 0.803922 0.803922 0.803922
v 0.040196 0.000982978 0.00446968 0.803922 0.803922 0.803922
v 0.0401324 0.00102144 0.00446968 0.803922 0.803922 0.803922
v 0.0400646 0.00105196 0.00446968 0.803922 0.803922 0.803922
v 0.0399936 0.00107408 0.00446968 0.803922 0.803922 0.803922
v 0.0399205 0.00108748 0.00446968 0.803922 0.803922 0.803922
v 0.0404221 0.000546173 0.00451053 0.803922 0.803922 0.803922
v 0.0404095 0.000615077 0.00451053 0.803922 0.803922 0.803922
v 0.0403887 0.000681957 0.00451053 0.803922 0.803922 0.803922
v 0.0403599 0.000745836 0.00451053 0.803922 0.803922 0.803922
v 0.0403237 0.000805785 0.00451053 0.803922 0.803922 0.803922
v 0.0402805 0.000860928 0.00451053 0.803922 0.803922 0.803922
v 0.0402309 0.000910462 0.00451053 0.803922 0.803922 0.803922
v 0.0401758 0.000953664 0.00451053 0.803922 0.803922 0.803922
v 0.0401158 0.000989904 0.00451053 0.803922 0.803922 0.803922
v 0.040052 0.00101865 0.00451053 0.803922 0.803922 0.803922
v 0.0399851 0.00103949 0.00451053 0.803922 0.803922 0.803922
v 0.0399162 0.00105212 0.00451053 0.803922 0.803922 0.803922
v 0.0403841 0.000541554 0.00454885 0.803922 0.803922 0.803922
v 0.0403723 0.000605906 0.00454885 0.803922 0.803922 0.803922
v 0.0403528 0.000668367 0.00454885 0.803922 0.803922 0.803922
v 0.040326 0.000728026 0.00454885 0.803922 0.803922 0.803922
v 0.0402921 0.000784014 0.00454885 0.803922 0.803922 0.803922
v 0.0402518 0.000835514 0.00454885 0.803922 0.803922 0.803922
v 0.0402055 0.000881776 0.00454885 0.803922 0.803922 0.803922
v 0.040154 0.000922123 0.00454885 0.803922 0.803922 0.803922
v 0.040098 0.000955969 0.00454885 0.803922 0.803922 0.803922
v 0.0400384 0.00098282 0.00454885 0.803922 0.803922 0.803922
v 0.0399759 0.00100228 0.00454885 0.803922 0.803922 0.803922
v 0.0399116 0.00101408 0.00454885 0.803922 0.803922 0.803922
v 0.0403435 0.00053663 0.00458447 0.803922 0.803922 0.803922
v 0.0403326 0.000596129 0.00458447 0.803922 0.803922 0.803922
v 0.0403146 0.000653881 0.00458447 0.803922 0.803922 0.803922
v 0.0402898 0.000709042 0.00458447 0.803922 0.803922 0.803922
v 0.0402585 0.000760808 0.00458447 0.803922 0.803922 0.803922
v 0.0402212 0.000808425 0.00458447 0.803922 0.803922 0.803922
v 0.0401784 0.000851199 0.00458447 0.803922 0.803922 0.803922
v 0.0401308 0.000888504 0.00458447 0.803922 0.803922 0.803922
v 0.040079 0.000919798 0.00458447 0.803922 0.803922 0.803922
v 0.0400239 0.000944624 0.00458447 0.803922 0.803922 0.803922
v 0.0399661 0.00096262 0.00458447 0.803922 0.803922 0.803922
v 0.0399066 0.000973524 0.00458447 0.803922 0.803922 0.803922
v 0.0403007 0.000531424 0.00461722 0.803922 0.803922 0.803922
v 0.0402907 0.000585794 0.00461722 0.803922 0.803922 0.803922
v 0.0402742 0.000638567 0.00461722 0.803922 0.803922 0.803922
v 0.0402516 0.000688972 0.00461722 0.803922 0.803922 0.803922
v 0.040223 0.000736276 0.00461722 0.803922 0.803922 0.803922
v 0.0401889 0.000779788 0.00461722 0.803922 0.803922 0.803922
v 0.0401498 0.000818873 0.00461722 0.803922 0.803922 0.803922
v 0.0401063 0.000852963 0.00461722 0.803922 0.803922 0.803922
v 0.040059 0.000881559 0.00461722 0.803922 0.803922 0.803922
v 0.0400086 0.000904244 0.00461722 0.803922 0.803922 0.803922
v 0.0399558 0.000920689 0.00461722 0.803922 0.803922 0.803922
v 0.0399014 0.000930653 0.00461722 0.803922 0.803922 0.803922
v 0.0402557 0.000525962 0.00464695 0.803922 0.803922 0.803922
v 0.0402467 0.000574949 0.00464695 0.803922 0.803922 0.803922
v 0.0402319 0.000622496 0.00464695 0.803922 0.803922 0.803922
v 0.0402114 0.000667911 0.00464695 0.803922 0.803922 0.803922
v 0.0401857 0.000710531 0.00464695 0.803922 0.803922 0.803922
v 0.040155 0.000749735 0.00464695 0.803922 0.803922 0.803922
v 0.0401197 0.000784951 0.00464695 0.803922 0.803922 0.803922
v 0.0400805 0.000815665 0.00464695 0.803922 0.803922 0.803922
v 0.0400379 0.00084143 0.00464695 0.803922 0.803922 0.803922
v 0.0399925 0.000861869 0.00464695 0.803922 0.803922 0.803922
v 0.0399449 0.000876686 0.00464695 0.803922 0.803922 0.803922
v 0.039896 0.000885663 0.00464695 0.803922 0.803922 0.803922
v 0.0402088 0.000520267 0.00467351 0.803922 0.803922 0.803922
v 0.0402008 0.000563642 0.00467351 0.803922 0.803922 0.803922
v 0.0401877 0.000605743 0.00467351 0.803922 0.803922 0.803922
v 0.0401696 0.000645956 0.00467351 0.803922 0.803922 0.803922
v 0.0401468 0.000683694 0.00467351 0.803922 0.803922 0.803922
v 0.0401196 0.000718407 0.00467351 0.803922 0.803922 0.803922
v 0.0400884 0.000749589 0.00467351 0.803922 0.803922 0.803922
v 0.0400537 0.000776784 0.00467351 0.803922 0.803922 0.803922
v 0.040016 0.000799598 0.00467351 0.803922 0.803922 0.803922
v 0.0399757 0.000817696 0.00467351 0.803922 0.803922 0.803922
v 0.0399336 0.000830815 0.00467351 0.803922 0.803922 0.803922
v 0.0398903 0.000838764 0.00467351 0.803922 0.803922 0.803922
v 0.0401602 0.000514367 0.00469679 0.803922 0.803922 0.803922
v 0.0401533 0.000551929 0.00469679 0.803922 0.803922 0.803922
v 0.0401419 0.000588387 0.00469679 0.803922 0.803922 0.803922
v 0.0401263 0.00062321 0.00469679 0.803922 0.803922 0.803922
v 0.0401065 0.00065589 0.00469679 0.803922 0.803922 0.803922
v 0.040083 0.00068595 0.00469679 0.803922 0.803922 0.803922
v 0.0400559 0.000712952 0.00469679 0.803922 0.803922 0.803922
v 0.0400259 0.000736503 0.00469679 0.803922 0.803922 0.803922
v 0.0399932 0.000756259 0.00469679 0.803922 0.803922 0.803922
v 0.0399584 0.000771931 0.00469679 0.803922 0.803922 0.803922
v 0.0399219 0.000783292 0.00469679 0.803922 0.803922 0.803922
v 0.0398844 0.000790175 0.00469679 0.803922 0.803922 0.803922
v 0.0401101 0.00050829 0.00471667 0.803922 0.803922 0.803922
v 0.0401043 0.000539863 0.00471667 0.803922 0.803922 0.803922
v 0.0400948 0.000570508 0.00471667 0.803922 0.803922 0.803922
v 0.0400816 0.000599778 0.00471667 0.803922 0.803922 0.803922
v 0.040065 0.000627248 0.00471667 0.803922 0.803922 0.803922
v 0.0400452 0.000652515 0.00471667 0.803922 0.803922 0.803922
v 0.0400225 0.000675212 0.00471667 0.803922 0.803922 0.803922
v 0.0399972 0.000695008 0.00471667 0.803922 0.803922 0.803922
v 0.0399698 0.000711614 0.00471667 0.803922 0.803922 0.803922
v 0.0399405 0.000724787 0.00471667 0.803922 0.803922 0.803922
v 0.0399099 0.000734337 0.00471667 0.803922 0.803922 0.803922
v 0.0398783 0.000740123 0.00471667 0.803922 0.803922 0.803922
v 0.0400588 0.000502063 0.00473307 0.803922 0.803922 0.803922
v 0.0400542 0.0005275 0.00473307 0.803922 0.803922 0.803922
v 0.0400465 0.000552189 0.00473307 0.803922 0.803922 0.803922
v 0.0400359 0.000575771 0.00473307 0.803922 0.803922 0.803922
v 0.0400225 0.000597902 0.00473307 0.803922 0.803922 0.803922
v 0.0400065 0.000618259 0.00473307 0.803922 0.803922 0.803922
v 0.0399883 0.000636544 0.00473307 0.803922 0.803922 0.803922
v 0.0399679 0.000652493 0.00473307 0.803922 0.803922 0.803922
v 0.0399458 0.000665871 0.00473307 0.803922 0.803922 0.803922
v 0.0399222 0.000676485 0.00473307 0.803922 0.803922 0.803922
v 0.0398975 0.000684178 0.00473307 0.803922 0.803922 0.803922
v 0.0398721 0.00068884 0.00473307 0.803922 0.803922 0.803922
v 0.0400066 0.000495716 0.0047459 0.803922 0.803922 0.803922
v 0.0400031 0.000514898 0.0047459 0.803922 0.803922 0.803922
v 0.0399972 0.000533516 0.0047459 0.803922 0.803922 0.803922
v 0.0399892 0.0005513 0.0047459 0.803922 0.803922 0.803922
v 0.0399792 0.000567989 0.0047459 0.803922 0.803922 0.803922
v 0.0399671 0.00058334 0.0047459 0.803922 0.803922 0.803922
v 0.0399533 0.000597129 0.0047459 0.803922 0.803922 0.803922
v 0.039938 0.000609156 0.0047459 0.803922 0.803922 0.803922
v 0.0399213 0.000619245 0.0047459 0.803922 0.803922 0.803922
v 0.0399035 0.000627249 0.0047459 0.803922 0.803922 0.803922
v 0.0398849 0.000633051 0.0047459 0.803922 0.803922 0.803922
v 0.0398657 0.000636566 0.0047459 0.803922 0.803922 0.803922
v 0.0399535 0.000489278 0.00475511 0.803922 0.803922 0.803922
v 0.0399512 0.000502116 0.00475511 0.803922 0.803922 0.803922
v 0.0399473 0.000514577 0.00475511 0.803922 0.803922 0.803922
v 0.039942 0.000526478 0.00475511 0.803922 0.803922 0.803922
v 0.0399352 0.000537648 0.00475511 0.803922 0.803922 0.803922
v 0.0399272 0.000547922 0.00475511 0.803922 0.803922 0.803922
v 0.0399179 0.000557151 0.00475511 0.803922 0.803922 0.803922
v 0.0399076 0.0005652 0.00475511 0.803922 0.803922 0.803922
v 0.0398965 0.000571952 0.00475511 0.803922 0.803922 0.803922
v 0.0398846 0.000577309 0.00475511 0.803922 0.803922 0.803922
v 0.0398721 0.000581192 0.00475511 0.803922 0.803922 0.803922
v 0.0398593 0.000583544 0.00475511 0.803922 0.803922 0.803922
v 0.0399 0.000482779 0.00476065 0.803922 0.803922 0.803922
v 0.0398988 0.000489213 0.00476065 0.803922 0.803922 0.803922
v 0.0398969 0.000495458 0.00476065 0.803922 0.803922 0.803922
v 0.0398942 0.000501423 0.00476065 0.803922 0.803922 0.803922
v 0.0398908 0.000507021 0.00476065 0.803922 0.803922 0.803922
v 0.0398868 0.00051217 0.00476065 0.803922 0.803922 0.803922
v 0.0398822 0.000516795 0.00476065 0.803922 0.803922 0.803922
v 0.039877 0.000520829 0.00476065 0.803922 0.803922 0.803922
v 0.0398714 0.000524213 0.00476065 0.803922 0.803922 0.803922
v 0.0398655 0.000526897 0.00476065 0.803922 0.803922 0.803922
v 0.0398592 0.000528843 0.00476065 0.803922 0.803922 0.803922
v 0.0398528 0.000530022 0.00476065 0.803922 0.803922 0.803922
v 0.0238125 0.00126815 0.00402292 0.803922 0.803922 0.803922
v 0.0381 0.00127 0.00396875 0.803922 0.803922 0.803922
v 0.0254 0.00127 0.00396875 0.803922 0.803922 0.803922
v 0.0238125 0.00126261 0.00407683 0.803922 0.803922 0.803922
v 0.0238125 0.0012534 0.00413024 0.803922 0.803922 0.803922
v 0.0238125 0.00124057 0.0041829 0.803922 0.803922 0.803922
v 0.0238125 0.00122417 0.00423456 0.803922 0.803922 0.803922
v 0.0238125 0.00120429 0.00428498 0.803922 0.803922 0.803922
v 0.0238125 0.00118101 0.00433393 0.803922 0.803922 0.803922
v 0.0238125 0.00115445 0.00438117 0.803922 0.803922 0.803922
v 0.0238125 0.00112472 0.00442649 0.803922 0.803922 0.803922
v 0.0238125 0.00109197 0.00446968 0.803922 0.803922 0.803922
v 0.0238125 0.00105635 0.00451053 0.803922 0.803922 0.803922
v 0.0238125 0.00101803 0.00454885 0.803922 0.803922 0.803922
v 0.0238125 0.000977176 0.00458447 0.803922 0.803922 0.803922
v 0.0238125 0.00093399 0.00461722 0.803922 0.803922 0.803922
v 0.0238125 0.00088867 0.00464695 0.803922 0.803922 0.803922
v 0.0238125 0.000841427 0.00467351 0.803922 0.803922 0.803922
v 0.0238125 0.000792481 0.00469679 0.803922 0.803922 0.803922
v 0.0238125 0.000742061 0.00471667 0.803922 0.803922 0.803922
v 0.0238125 0.000690401 0.00473307 0.803922 0.803922 0.803922
v 0.0238125 0.000637743 0.0047459 0.803922 0.803922 0.803922
v 0.0238125 0.000584332 0.00475511 0.803922 0.803922 0.803922
v 0.0238125 0.000530417 0.00476065 0.803922 0.803922 0.803922
v 0.023717 0.00126238 0.00402292 0.803922 0.803922 0.803922
v 0.023623 0.00124514 0.00402292 0.803922 0.803922 0.803922
v 0.0235317 0.00121669 0.00402292 0.803922 0.803922 0.803922
v 0.0234445 0.00117744 0.00402292 0.803922 0.803922 0.803922
v 0.0233626 0.00112797 0.00402292 0.803922 0.803922 0.803922
v 0.0232874 0.001069 0.00402292 0.803922 0.803922 0.803922
v 0.0232198 0.00100138 0.00402292 0.803922 0.803922 0.803922
v 0.0231608 0.0009261 0.00402292 0.803922 0.803922 0.803922
v 0.0231113 0.000844264 0.00402292 0.803922 0.803922 0.803922
v 0.0230721 0.000757061 0.00402292 0.803922 0.803922 0.803922
v 0.0230436 0.000665764 0.00402292 0.803922 0.803922 0.803922
v 0.0230264 0.000571703 0.00402292 0.803922 0.803922 0.803922
v 0.0237177 0.00125687 0.00407683 0.803922 0.803922 0.803922
v 0.0236243 0.00123976 0.00407683 0.803922 0.803922 0.803922
v 0.0235337 0.00121151 0.00407683 0.803922 0.803922 0.803922
v 0.0234471 0.00117253 0.00407683 0.803922 0.803922 0.803922
v 0.0233658 0.00112341 0.00407683 0.803922 0.803922 0.803922
v 0.023291 0.00106485 0.00407683 0.803922 0.803922 0.803922
v 0.0232239 0.000997701 0.00407683 0.803922 0.803922 0.803922
v 0.0231653 0.000922952 0.00407683 0.803922 0.803922 0.803922
v 0.0231162 0.000841688 0.00407683 0.803922 0.803922 0.803922
v 0.0230772 0.000755096 0.00407683 0.803922 0.803922 0.803922
v 0.023049 0.000664438 0.00407683 0.803922 0.803922 0.803922
v 0.0230319 0.000571035 0.00407683 0.803922 0.803922 0.803922
v 0.0237188 0.00124773 0.00413024 0.803922 0.803922 0.803922
v 0.0236265 0.00123082 0.00413024 0.803922 0.803922 0.803922
v 0.0235369 0.0012029 0.00413024 0.803922 0.803922 0.803922
v 0.0234513 0.00116438 0.00413024 0.803922 0.803922 0.803922
v 0.023371 0.00111583 0.00413024 0.803922 0.803922 0.803922
v 0.0232972 0.00105795 0.00413024 0.803922 0.803922 0.803922
v 0.0232308 0.000991594 0.00413024 0.803922 0.803922 0.803922
v 0.0231729 0.00091772 0.00413024 0.803922 0.803922 0.803922
v 0.0231244 0.000837409 0.00413024 0.803922 0.803922 0.803922
v 0.0230859 0.00075183 0.00413024 0.803922 0.803922 0.803922
v 0.0230579 0.000662234 0.00413024 0.803922 0.803922 0.803922
v 0.023041 0.000569925 0.00413024 0.803922 0.803922 0.803922
v 0.0237204 0.00123499 0.0041829 0.803922 0.803922 0.803922
v 0.0236296 0.00121836 0.0041829 0.803922 0.803922 0.803922
v 0.0235415 0.0011909 0.0041829 0.803922 0.803922 0.803922
v 0.0234573 0.00115302 0.0041829 0.803922 0.803922 0.803922
v 0.0233783 0.00110527 0.0041829 0.803922 0.803922 0.803922
v 0.0233057 0.00104835 0.0041829 0.803922 0.803922 0.803922
v 0.0232404 0.000983085 0.0041829 0.803922 0.803922 0.803922
v 0.0231835 0.000910431 0.0041829 0.803922 0.803922 0.803922
v 0.0231357 0.000831445 0.0041829 0.803922 0.803922 0.803922
v 0.0230979 0.00074728 0.0041829 0.803922 0.803922 0.803922
v 0.0230704 0.000659163 0.0041829 0.803922 0.803922 0.803922
v 0.0230538 0.000568378 0.0041829 0.803922 0.803922 0.803922
v 0.0237223 0.00121872 0.00423456 0.803922 0.803922 0.803922
v 0.0236335 0.00120244 0.00423456 0.803922 0.803922 0.803922
v 0.0235473 0.00117557 0.00423456 0.803922 0.803922 0.803922
v 0.0234649 0.0011385 0.00423456 0.803922 0.803922 0.803922
v 0.0233876 0.00109178 0.00423456 0.803922 0.803922 0.803922
v 0.0233165 0.00103608 0.00423456 0.803922 0.803922 0.803922
v 0.0232527 0.000972212 0.00423456 0.803922 0.803922 0.803922
v 0.023197 0.000901117 0.00423456 0.803922 0.803922 0.803922
v 0.0231503 0.000823826 0.00423456 0.803922 0.803922 0.803922
v 0.0231132 0.000741466 0.00423456 0.803922 0.803922 0.803922
v 0.0230863 0.000655239 0.00423456 0.803922 0.803922 0.803922
v 0.02307 0.000566402 0.00423456 0.803922 0.803922 0.803922
v 0.0237247 0.00119898 0.00428498 0.803922 0.803922 0.803922
v 0.0236383 0.00118313 0.00428498 0.803922 0.803922 0.803922
v 0.0235543 0.00115698 0.00428498 0.803922 0.803922 0.803922
v 0.0234742 0.00112089 0.00428498 0.803922 0.803922 0.803922
v 0.0233989 0.00107541 0.00428498 0.803922 0.803922 0.803922
v 0.0233297 0.00102119 0.00428498 0.803922 0.803922 0.803922
v 0.0232676 0.000959027 0.00428498 0.803922 0.803922 0.803922
v 0.0232133 0.000889822 0.00428498 0.803922 0.803922 0.803922
v 0.0231679 0.000814585 0.00428498 0.803922 0.803922 0.803922
v 0.0231318 0.000734415 0.00428498 0.803922 0.803922 0.803922
v 0.0231056 0.000650481 0.00428498 0.803922 0.803922 0.803922
v 0.0230898 0.000564005 0.00428498 0.803922 0.803922 0.803922
v 0.0237276 0.00117587 0.00433393 0.803922 0.803922 0.803922
v 0.0236438 0.00116053 0.00433393 0.803922 0.803922 0.803922
v 0.0235626 0.00113521 0.00433393 0.803922 0.803922 0.803922
v 0.023485 0.00110028 0.00433393 0.803922 0.803922 0.803922
v 0.0234122 0.00105626 0.00433393 0.803922 0.803922 0.803922
v 0.0233452 0.00100377 0.00433393 0.803922 0.803922 0.803922
v 0.023285 0.000943592 0.00433393 0.803922 0.803922 0.803922
v 0.0232325 0.000876599 0.00433393 0.803922 0.803922 0.803922
v 0.0231885 0.000803768 0.00433393 0.803922 0.803922 0.803922
v 0.0231535 0.000726161 0.00433393 0.803922 0.803922 0.803922
v 0.0231282 0.00064491 0.00433393 0.803922 0.803922 0.803922
v 0.0231129 0.000561199 0.00433393 0.803922 0.803922 0.803922
v 0.0237308 0.0011495 0.00438117 0.803922 0.803922 0.803922
v 0.0236502 0.00113474 0.00438117 0.803922 0.803922 0.803922
v 0.023572 0.00111037 0.00438117 0.803922 0.803922 0.803922
v 0.0234973 0.00107676 0.00438117 0.803922 0.803922 0.803922
v 0.0234272 0.00103439 0.00438117 0.803922 0.803922 0.803922
v 0.0233628 0.000983887 0.00438117 0.803922 0.803922 0.803922
v 0.0233049 0.000925977 0.00438117 0.803922 0.803922 0.803922
v 0.0232544 0.000861509 0.00438117 0.803922 0.803922 0.803922
v 0.023212 0.000791423 0.00438117 0.803922 0.803922 0.803922
v 0.0231784 0.000716741 0.00438117 0.803922 0.803922 0.803922
v 0.023154 0.000638553 0.00438117 0.803922 0.803922 0.803922
v 0.0231392 0.000557997 0.00438117 0.803922 0.803922 0.803922
v 0.0237343 0.00111999 0.00442649 0.803922 0.803922 0.803922
v 0.0236573 0.00110588 0.00442649 0.803922 0.803922 0.803922
v 0.0235825 0.00108258 0.00442649 0.803922 0.803922 0.803922
v 0.0235111 0.00105044 0.00442649 0.803922 0.803922 0.803922
v 0.0234441 0.00100993 0.00442649 0.803922 0.803922 0.803922
v 0.0233825 0.000961637 0.00442649 0.803922 0.803922 0.803922
v 0.0233271 0.000906265 0.00442649 0.803922 0.803922 0.803922
v 0.0232788 0.000844623 0.00442649 0.803922 0.803922 0.803922
v 0.0232383 0.000777609 0.00442649 0.803922 0.803922 0.803922
v 0.0232062 0.000706201 0.00442649 0.803922 0.803922 0.803922
v 0.0231829 0.000631439 0.00442649 0.803922 0.803922 0.803922
v 0.0231688 0.000554414 0.00442649 0.803922 0.803922 0.803922
v 0.0237383 0.00108748 0.00446968 0.803922 0.803922 0.803922
v 0.0236651 0.00107408 0.00446968 0.803922 0.803922 0.803922
v 0.0235942 0.00105196 0.00446968 0.803922 0.803922 0.803922
v 0.0235264 0.00102144 0.00446968 0.803922 0.803922 0.803922
v 0.0234627 0.000982978 0.00446968 0.803922 0.803922 0.803922
v 0.0234042 0.000937124 0.00446968 0.803922 0.803922 0.803922
v 0.0233516 0.000884548 0.00446968 0.803922 0.803922 0.803922
v 0.0233058 0.000826019 0.00446968 0.803922 0.803922 0.803922
v 0.0232673 0.00076239 0.00446968 0.803922 0.803922 0.803922
v 0.0232368 0.000694588 0.00446968 0.803922 0.803922 0.803922
v 0.0232147 0.000623602 0.00446968 0.803922 0.803922 0.803922
v 0.0232013 0.000550467 0.00446968 0.803922 0.803922 0.803922
v 0.0237426 0.00105212 0.00451053 0.803922 0.803922 0.803922
v 0.0236737 0.00103949 0.00451053 0.803922 0.803922 0.803922
v 0.0236068 0.00101865 0.00451053 0.803922 0.803922 0.803922
v 0.0235429 0.000989904 0.00451053 0.803922 0.803922 0.803922
v 0.023483 0.000953664 0.00451053 0.803922 0.803922 0.803922
v 0.0234278 0.000910462 0.00451053 0.803922 0.803922 0.803922
v 0.0233783 0.000860928 0.00451053 0.803922 0.803922 0.803922
v 0.0233351 0.000805785 0.00451053 0.803922 0.803922 0.803922
v 0.0232988 0.000745836 0.00451053 0.803922 0.803922 0.803922
v 0.0232701 0.000681957 0.00451053 0.803922 0.803922 0.803922
v 0.0232493 0.000615077 0.00451053 0.803922 0.803922 0.803922
v 0.0232366 0.000546173 0.00451053 0.803922 0.803922 0.803922
v 0.0237472 0.00101408 0.00454885 0.803922 0.803922 0.803922
v 0.0236828 0.00100228 0.00454885 0.803922 0.803922 0.803922
v 0.0236204 0.00098282 0.00454885 0.803922 0.803922 0.803922
v 0.0235607 0.000955969 0.00454885 0.803922 0.803922 0.803922
v 0.0235047 0.000922123 0.00454885 0.803922 0.803922 0.803922
v 0.0234532 0.000881776 0.00454885 0.803922 0.803922 0.803922
v 0.023407 0.000835514 0.00454885 0.803922 0.803922 0.803922
v 0.0233666 0.000784014 0.00454885 0.803922 0.803922 0.803922
v 0.0233328 0.000728026 0.00454885 0.803922 0.803922 0.803922
v 0.0233059 0.000668367 0.00454885 0.803922 0.803922 0.803922
v 0.0232865 0.000605906 0.00454885 0.803922 0.803922 0.803922
v 0.0232747 0.000541554 0.00454885 0.803922 0.803922 0.803922
v 0.0237521 0.000973524 0.00458447 0.803922 0.803922 0.803922
v 0.0236926 0.00096262 0.00458447 0.803922 0.803922 0.803922
v 0.0236349 0.000944624 0.00458447 0.803922 0.803922 0.803922
v 0.0235797 0.000919798 0.00458447 0.803922 0.803922 0.803922
v 0.0235279 0.000888504 0.00458447 0.803922 0.803922 0.803922
v 0.0234803 0.000851199 0.00458447 0.803922 0.803922 0.803922
v 0.0234376 0.000808425 0.00458447 0.803922 0.803922 0.803922
v 0.0234002 0.000760808 0.00458447 0.803922 0.803922 0.803922
v 0.023369 0.000709042 0.00458447 0.803922 0.803922 0.803922
v 0.0233441 0.000653881 0.00458447 0.803922 0.803922 0.803922
v 0.0233261 0.000596129 0.00458447 0.803922 0.803922 0.803922
v 0.0233152 0.00053663 0.00458447 0.803922 0.803922 0.803922
v 0.0237573 0.000930653 0.00461722 0.803922 0.803922 0.803922
v 0.023703 0.000920689 0.00461722 0.803922 0.803922 0.803922
v 0.0236502 0.000904244 0.00461722 0.803922 0.803922 0.803922
v 0.0235998 0.000881559 0.00461722 0.803922 0.803922 0.803922
v 0.0235525 0.000852963 0.00461722 0.803922 0.803922 0.803922
v 0.023509 0.000818873 0.00461722 0.803922 0.803922 0.803922
v 0.0234699 0.000779788 0.00461722 0.803922 0.803922 0.803922
v 0.0234358 0.000736276 0.00461722 0.803922 0.803922 0.803922
v 0.0234072 0.000688972 0.00461722 0.803922 0.803922 0.803922
v 0.0233845 0.000638567 0.00461722 0.803922 0.803922 0.803922
v 0.0233681 0.000585794 0.00461722 0.803922 0.803922 0.803922
v 0.0233581 0.000531424 0.00461722 0.803922 0.803922 0.803922
v 0.0237628 0.000885663 0.00464695 0.803922 0.803922 0.803922
v 0.0237138 0.000876686 0.00464695 0.803922 0.803922 0.803922
v 0.0236663 0.000861869 0.00464695 0.803922 0.803922 0.803922
v 0.0236208 0.00084143 0.00464695 0.803922 0.803922 0.803922
v 0.0235782 0.000815665 0.00464695 0.803922 0.803922 0.803922
v 0.023539 0.000784951 0.00464695 0.803922 0.803922 0.803922
v 0.0235038 0.000749735 0.00464695 0.803922 0.803922 0.803922
v 0.0234731 0.000710531 0.00464695 0.803922 0.803922 0.803922
v 0.0234473 0.000667911 0.00464695 0.803922 0.803922 0.803922
v 0.0234269 0.000622496 0.00464695 0.803922 0.803922 0.803922
v 0.0234121 0.000574949 0.00464695 0.803922 0.803922 0.803922
v 0.0234031 0.000525962 0.00464695 0.803922 0.803922 0.803922
v 0.0237685 0.000838764 0.00467351 0.803922 0.803922 0.803922
v 0.0237251 0.000830815 0.00467351 0.803922 0.803922 0.803922
v 0.023683 0.000817696 0.00467351 0.803922 0.803922 0.803922
v 0.0236428 0.000799598 0.00467351 0.803922 0.803922 0.803922
v 0.0236051 0.000776784 0.00467351 0.803922 0.803922 0.803922
v 0.0235703 0.000749589 0.00467351 0.803922 0.803922 0.803922
v 0.0235392 0.000718407 0.00467351 0.803922 0.803922 0.803922
v 0.023512 0.000683694 0.00467351 0.803922 0.803922 0.803922
v 0.0234892 0.000645956 0.00467351 0.803922 0.803922 0.803922
v 0.0234711 0.000605743 0.00467351 0.803922 0.803922 0.803922
v 0.0234579 0.000563642 0.00467351 0.803922 0.803922 0.803922
v 0.02345 0.000520267 0.00467351 0.803922 0.803922 0.803922
v 0.0237744 0.000790175 0.00469679 0.803922 0.803922 0.803922
v 0.0237368 0.000783292 0.00469679 0.803922 0.803922 0.803922
v 0.0237004 0.000771931 0.00469679 0.803922 0.803922 0.803922
v 0.0236655 0.000756259 0.00469679 0.803922 0.803922 0.803922
v 0.0236329 0.000736503 0.00469679 0.803922 0.803922 0.803922
v 0.0236028 0.000712952 0.00469679 0.803922 0.803922 0.803922
v 0.0235758 0.00068595 0.00469679 0.803922 0.803922 0.803922
v 0.0235522 0.00065589 0.00469679 0.803922 0.803922 0.803922
v 0.0235325 0.00062321 0.00469679 0.803922 0.803922 0.803922
v 0.0235168 0.000588387 0.00469679 0.803922 0.803922 0.803922
v 0.0235055 0.000551929 0.00469679 0.803922 0.803922 0.803922
v 0.0234986 0.000514367 0.00469679 0.803922 0.803922 0.803922
v 0.0237805 0.000740123 0.00471667 0.803922 0.803922 0.803922
v 0.0237489 0.000734337 0.00471667 0.803922 0.803922 0.803922
v 0.0237182 0.000724787 0.00471667 0.803922 0.803922 0.803922
v 0.023689 0.000711614 0.00471667 0.803922 0.803922 0.803922
v 0.0236615 0.000695008 0.00471667 0.803922 0.803922 0.803922
v 0.0236362 0.000675212 0.00471667 0.803922 0.803922 0.803922
v 0.0236135 0.000652515 0.00471667 0.803922 0.803922 0.803922
v 0.0235937 0.000627248 0.00471667 0.803922 0.803922 0.803922
v 0.0235771 0.000599778 0.00471667 0.803922 0.803922 0.803922
v 0.023564 0.000570508 0.00471667 0.803922 0.803922 0.803922
v 0.0235544 0.000539863 0.00471667 0.803922 0.803922 0.803922
v 0.0235486 0.00050829 0.00471667 0.803922 0.803922 0.803922
v 0.0237867 0.00068884 0.00473307 0.803922 0.803922 0.803922
v 0.0237613 0.000684178 0.00473307 0.803922 0.803922 0.803922
v 0.0237366 0.000676485 0.00473307 0.803922 0.803922 0.803922
v 0.023713 0.000665871 0.00473307 0.803922 0.803922 0.803922
v 0.0236908 0.000652493 0.00473307 0.803922 0.803922 0.803922
v 0.0236705 0.000636544 0.00473307 0.803922 0.803922 0.803922
v 0.0236522 0.000618259 0.00473307 0.803922 0.803922 0.803922
v 0.0236363 0.000597902 0.00473307 0.803922 0.803922 0.803922
v 0.0236229 0.000575771 0.00473307 0.803922 0.803922 0.803922
v 0.0236123 0.000552189 0.00473307 0.803922 0.803922 0.803922
v 0.0236046 0.0005275 0.00473307 0.803922 0.803922 0.803922
v 0.0235999 0.000502063 0.00473307 0.803922 0.803922 0.803922
v 0.023793 0.000636566 0.0047459 0.803922 0.803922 0.803922
v 0.0237739 0.000633051 0.0047459 0.803922 0.803922 0.803922
v 0.0237552 0.000627249 0.0047459 0.803922 0.803922 0.803922
v 0.0237375 0.000619245 0.0047459 0.803922 0.803922 0.803922
v 0.0237208 0.000609156 0.0047459 0.803922 0.803922 0.803922
v 0.0237054 0.000597129 0.0047459 0.803922 0.803922 0.803922
v 0.0236916 0.00058334 0.0047459 0.803922 0.803922 0.803922
v 0.0236796 0.000567989 0.0047459 0.803922 0.803922 0.803922
v 0.0236695 0.0005513 0.0047459 0.803922 0.803922 0.803922
v 0.0236615 0.000533516 0.0047459 0.803922 0.803922 0.803922
v 0.0236557 0.000514898 0.0047459 0.803922 0.803922 0.803922
v 0.0236522 0.000495716 0.0047459 0.803922 0.803922 0.803922
v 0.0237995 0.000583544 0.00475511 0.803922 0.803922 0.803922
v 0.0237866 0.000581192 0.00475511 0.803922 0.803922 0.803922
v 0.0237742 0.000577309 0.00475511 0.803922 0.803922 0.803922
v 0.0237623 0.000571952 0.00475511 0.803922 0.803922 0.803922
v 0.0237511 0.0005652 0.00475511 0.803922 0.803922 0.803922
v 0.0237408 0.000557151 0.00475511 0.803922 0.803922 0.803922
v 0.0237316 0.000547922 0.00475511 0.803922 0.803922 0.803922
v 0.0237236 0.000537648 0.00475511 0.803922 0.803922 0.803922
v 0.0237168 0.000526478 0.00475511 0.803922 0.803922 0.803922
v 0.0237114 0.000514577 0.00475511 0.803922 0.803922 0.803922
v 0.0237076 0.000502116 0.00475511 0.803922 0.803922 0.803922
v 0.0237052 0.000489278 0.00475511 0.803922 0.803922 0.803922
v 0.023806 0.000530022 0.00476065 0.803922 0.803922 0.803922
v 0.0237995 0.000528843 0.00476065 0.803922 0.803922 0.803922
v 0.0237933 0.000526897 0.00476065 0.803922 0.803922 0.803922
v 0.0237873 0.000524213 0.00476065 0.803922 0.803922 0.803922
v 0.0237817 0.000520829 0.00476065 0.803922 0.803922 0.803922
v 0.0237766 0.000516795 0.00476065 0.803922 0.803922 0.803922
v 0.023772 0.00051217 0.00476065 0.803922 0.803922 0.803922
v 0.0237679 0.000507021 0.00476065 0.803922 0.803922 0.803922
v 0.0237645 0.000501423 0.00476065 0.803922 0.803922 0.803922
v 0.0237619 0.000495458 0.00476065 0.803922 0.803922 0.803922
v 0.0237599 0.000489213 0.00476065 0.803922 0.803922 0.803922
v 0.0237587 0.000482779 0.00476065 0.803922 0.803922 0.803922
v 0.0246062 -0.00127 -0.00079375 0.803922 0.803922 0.803922
v 0.0246062 -0.0160337 -0.00079375 0.803922 0.803922 0.803922
v 0.0388938 -0.00127 -0.00079375 0.803922 0.803922 0.803922
v 0.0388938 -0.0160337 -0.00079375 0.803922 0.803922 0.803922
v 0.0381 -0.0160337 0 0.803922 0.803922 0.803922
v 0.0381 -0.00127 1.73472e-18 0.803922 0.803922 0.803922
v 0.0381019 -0.00127 -5.41674e-05 0.803922 0.803922 0.803922
v 0.0381019 -0.0160337 -5.41674e-05 0.803922 0.803922 0.803922
v 0.0381074 -0.00127 -0.000108082 0.803922 0.803922 0.803922
v 0.0381074 -0.0160337 -0.000108082 0.803922 0.803922 0.803922
v 0.0381166 -0.00127 -0.000161493 0.803922 0.803922 0.803922
v 0.0381166 -0.0160337 -0.000161493 0.803922 0.803922 0.803922
v 0.0381294 -0.00127 -0.000214151 0.803922 0.803922 0.803922
v 0.0381294 -0.0160337 -0.000214151 0.803922 0.803922 0.803922
v 0.0381458 -0.00127 -0.000265811 0.803922 0.803922 0.803922
v 0.0381458 -0.0160337 -0.000265811 0.803922 0.803922 0.803922
v 0.0381657 -0.00127 -0.000316231 0.803922 0.803922 0.803922
v 0.0381657 -0.0160337 -0.000316231 0.803922 0.803922 0.803922
v 0.038189 -0.00127 -0.000365177 0.803922 0.803922 0.803922
v 0.038189 -0.0160337 -0.000365177 0.803922 0.803922 0.803922
v 0.0382156 -0.00127 -0.00041242 0.803922 0.803922 0.803922
v 0.0382156 -0.0160337 -0.00041242 0.803922 0.803922 0.803922
v 0.0382453 -0.00127 -0.00045774 0.803922 0.803922 0.803922
v 0.0382453 -0.0160337 -0.00045774 0.803922 0.803922 0.803922
v 0.038278 -0.00127 -0.000500926 0.803922 0.803922 0.803922
v 0.038278 -0.0160337 -0.000500926 0.803922 0.803922 0.803922
v 0.0383136 -0.00127 -0.000541777 0.803922 0.803922 0.803922
v 0.0383136 -0.0160337 -0.000541777 0.803922 0.803922 0.803922
v 0.038352 -0.00127 -0.000580101 0.803922 0.803922 0.803922
v 0.038352 -0.0160337 -0.000580101 0.803922 0.803922 0.803922
v 0.0383928 -0.00127 -0.000615721 0.803922 0.803922 0.803922
v 0.0383928 -0.0160337 -0.000615721 0.803922 0.803922 0.803922
v 0.038436 -0.00127 -0.00064847 0.803922 0.803922 0.803922
v 0.038436 -0.0160337 -0.00064847 0.803922 0.803922 0.803922
v 0.0384813 -0.00127 -0.000678195 0.803922 0.803922 0.803922
v 0.0384813 -0.0160337 -0.000678195 0.803922 0.803922 0.803922
v 0.0385286 -0.00127 -0.000704759 0.803922 0.803922 0.803922
v 0.0385286 -0.0160337 -0.000704759 0.803922 0.803922 0.803922
v 0.0385775 -0.00127 -0.000728036 0.803922 0.803922 0.803922
v 0.0385775 -0.0160337 -0.000728036 0.803922 0.803922 0.803922
v 0.0386279 -0.00127 -0.00074792 0.803922 0.803922 0.803922
v 0.0386279 -0.0160337 -0.00074792 0.803922 0.803922 0.803922
v 0.0386796 -0.00127 -0.000764316 0.803922 0.803922 0.803922
v 0.0386796 -0.0160337 -0.000764316 0.803922 0.803922 0.803922
v 0.0387323 -0.00127 -0.000777148 0.803922 0.803922 0.803922
v 0.0387323 -0.0160337 -0.000777148 0.803922 0.803922 0.803922
v 0.0387857 -0.00127 -0.000786357 0.803922 0.803922 0.803922
v 0.0387857 -0.0160337 -0.000786357 0.803922 0.803922 0.803922
v 0.0388396 -0.00127 -0.0007919 0.803922 0.803922 0.803922
v 0.0388396 -0.0160337 -0.0007919 0.803922 0.803922 0.803922
v 0.0254 -0.00127 1.73472e-18 0.803922 0.803922 0.803922
v 0.0254 -0.0160337 0 0.803922 0.803922 0.803922
v 0.0253981 -0.0160337 -5.41674e-05 0.803922 0.803922 0.803922
v 0.0253981 -0.00127 -5.41674e-05 0.803922 0.803922 0.803922
v 0.0253926 -0.0160337 -0.000108082 0.803922 0.803922 0.803922
v 0.0253926 -0.00127 -0.000108082 0.803922 0.803922 0.803922
v 0.0253834 -0.0160337 -0.000161493 0.803922 0.803922 0.803922
v 0.0253834 -0.00127 -0.000161493 0.803922 0.803922 0.803922
v 0.0253706 -0.0160337 -0.000214151 0.803922 0.803922 0.803922
v 0.0253706 -0.00127 -0.000214151 0.803922 0.803922 0.803922
v 0.0253542 -0.0160337 -0.000265811 0.803922 0.803922 0.803922
v 0.0253542 -0.00127 -0.000265811 0.803922 0.803922 0.803922
v 0.0253343 -0.0160337 -0.000316231 0.803922 0.803922 0.803922
v 0.0253343 -0.00127 -0.000316231 0.803922 0.803922 0.803922
v 0.025311 -0.0160337 -0.000365177 0.803922 0.803922 0.803922
v 0.025311 -0.00127 -0.000365177 0.803922 0.803922 0.803922
v 0.0252844 -0.0160337 -0.00041242 0.803922 0.803922 0.803922
v 0.0252844 -0.00127 -0.00041242 0.803922 0.803922 0.803922
v 0.0252547 -0.0160337 -0.00045774 0.803922 0.803922 0.803922
v 0.0252547 -0.00127 -0.00045774 0.803922 0.803922 0.803922
v 0.025222 -0.0160337 -0.000500926 0.803922 0.803922 0.803922
v 0.025222 -0.00127 -0.000500926 0.803922 0.803922 0.803922
v 0.0251864 -0.0160337 -0.000541777 0.803922 0.803922 0.803922
v 0.0251864 -0.00127 -0.000541777 0.803922 0.803922 0.803922
v 0.025148 -0.0160337 -0.000580101 0.803922 0.803922 0.803922
v 0.025148 -0.00127 -0.000580101 0.803922 0.803922 0.803922
v 0.0251072 -0.0160337 -0.000615721 0.803922 0.803922 0.803922
v 0.0251072 -0.00127 -0.000615721 0.803922 0.803922 0.803922
v 0.025064 -0.0160337 -0.00064847 0.803922 0.803922 0.803922
v 0.025064 -0.00127 -0.00064847 0.803922 0.803922 0.803922
v 0.0250187 -0.0160337 -0.000678195 0.803922 0.803922 0.803922
v 0.0250187 -0.00127 -0.000678195 0.803922 0.803922 0.803922
v 0.0249714 -0.0160337 -0.000704759 0.803922 0.803922 0.803922
v 0.0249714 -0.00127 -0.000704759 0.803922 0.803922 0.803922
v 0.0249225 -0.0160337 -0.000728036 0.803922 0.803922 0.803922
v 0.0249225 -0.00127 -0.000728036 0.803922 0.803922 0.803922
v 0.0248721 -0.0160337 -0.00074792 0.803922 0.803922 0.803922
v 0.0248721 -0.00127 -0.00074792 0.803922 0.803922 0.803922
v 0.0248204 -0.0160337 -0.000764316 0.803922 0.803922 0.803922
v 0.0248204 -0.00127 -0.000764316 0.803922 0.803922 0.803922
v 0.0247677 -0.0160337 -0.000777148 0.803922 0.803922 0.803922
v 0.0247677 -0.00127 -0.000777148 0.803922 0.803922 0.803922
v 0.0247143 -0.0160337 -0.000786357 0.803922 0.803922 0.803922
v 0.0247143 -0.00127 -0.000786357 0.803922 0.803922 0.803922
v 0.0246604 -0.0160337 -0.0007919 0.803922 0.803922 0.803922
v 0.0246604 -0.00127 -0.0007919 0.803922 0.803922 0.803922
v 0.0254 -0.00127 0.00396875 0.803922 0.803922 0.803922
v 0.0254 -0.0160337 0.00396875 0.803922 0.803922 0.803922
v 0.0253981 -0.00127 0.00402292 0.803922 0.803922 0.803922
v 0.0253981 -0.0160337 0.00402292 0.803922 0.803922 0.803922
v 0.0253926 -0.00127 0.00407683 0.803922 0.803922 0.803922
v 0.0253926 -0.0160337 0.00407683 0.803922 0.803922 0.803922
v 0.0253834 -0.00127 0.00413024 0.803922 0.803922 0.803922
v 0.0253834 -0.0160337 0.00413024 0.803922 0.803922 0.803922
v 0.0253706 -0.00127 0.0041829 0.803922 0.803922 0.803922
v 0.0253706 -0.0160337 0.0041829 0.803922 0.803922 0.803922
v 0.0253542 -0.00127 0.00423456 0.803922 0.803922 0.803922
v 0.0253542 -0.0160337 0.00423456 0.803922 0.803922 0.803922
v 0.0253343 -0.00127 0.00428498 0.803922 0.803922 0.803922
v 0.0253343 -0.0160337 0.00428498 0.803922 0.803922 0.803922
v 0.025311 -0.00127 0.00433393 0.803922 0.803922 0.803922
v 0.025311 -0.0160337 0.00433393 0.803922 0.803922 0.803922
v 0.0252844 -0.00127 0.00438117 0.803922 0.803922 0.803922
v 0.0252844 -0.0160337 0.00438117 0.803922 0.803922 0.803922
v 0.0252547 -0.00127 0.00442649 0.803922 0.803922 0.803922
v 0.0252547 -0.0160337 0.00442649 0.803922 0.803922 0.803922
v 0.025222 -0.00127 0.00446968 0.803922 0.803922 0.803922
v 0.025222 -0.0160337 0.00446968 0.803922 0.803922 0.803922
v 0.0251864 -0.00127 0.00451053 0.803922 0.803922 0.803922
v 0.0251864 -0.0160337 0.00451053 0.803922 0.803922 0.803922
v 0.025148 -0.00127 0.00454885 0.803922 0.803922 0.803922
v 0.025148 -0.0160337 0.00454885 0.803922 0.803922 0.803922
v 0.0251072 -0.00127 0.00458447 0.803922 0.803922 0.803922
v 0.0251072 -0.0160337 0.00458447 0.803922 0.803922 0.803922
v 0.025064 -0.00127 0.00461722 0.803922 0.803922 0.803922
v 0.025064 -0.0160337 0.00461722 0.803922 0.803922 0.803922
v 0.0250187 -0.00127 0.00464695 0.803922 0.803922 0.803922
v 0.0250187 -0.0160337 0.00464695 0.803922 0.803922 0.803922
v 0.0249714 -0.00127 0.00467351 0.803922 0.803922 0.803922
v 0.0249714 -0.0160337 0.00467351 0.803922 0.803922 0.803922
v 0.0249225 -0.00127 0.00469679 0.803922 0.803922 0.803922
v 0.0249225 -0.0160337 0.00469679 0.803922 0.803922 0.803922
v 0.0248721 -0.00127 0.00471667 0.803922 0.803922 0.803922
v 0.0248721 -0.0160337 0.00471667 0.803922 0.803922 0.803922
v 0.0248204 -0.00127 0.00473307 0.803922 0.803922 0.803922
v 0.0248204 -0.0160337 0.00473307 0.803922 0.803922 0.803922
v 0.0247677 -0.00127 0.0047459 0.803922 0.803922 0.803922
v 0.0247677 -0.0160337 0.0047459 0.803922 0.803922 0.803922
v 0.0247143 -0.00127 0.00475511 0.803922 0.803922 0.803922
v 0.0247143 -0.0160337 0.00475511 0.803922 0.803922 0.803922
v 0.0246604 -0.00127 0.00476065 0.803922 0.803922 0.803922
v 0.0246604 -0.0160337 0.00476065 0.803922 0.803922 0.803922
v 0.0246062 -0.00127 0.0047625 0.803922 0.803922 0.803922
v 0.0246062 -0.0160337 0.0047625 0.803922 0.803922 0.803922
v 0.0388938 -0.00127 0.0047625 0.803922 0.803922 0.803922
v 0.0388938 -0.0160337 0.0047625 0.803922 0.803922 0.803922
v 0.0381 -0.00127 0.00396875 0.803922 0.803922 0.803922
v 0.0381074 -0.00127 0.00407683 0.803922 0.803922 0.803922
v 0.0387857 -0.00127 0.00475511 0.803922 0.803922 0.803922
v 0.0388396 -0.00127 0.00476065 0.803922 0.803922 0.803922
v 0.0386796 -0.00127 0.00473307 0.803922 0.803922 0.803922
v 0.0387323 -0.00127 0.0047459 0.803922 0.803922 0.803922
v 0.0385775 -0.00127 0.00469679 0.803922 0.803922 0.803922
v 0.0386279 -0.00127 0.00471667 0.803922 0.803922 0.803922
v 0.038436 -0.00127 0.00461722 0.803922 0.803922 0.803922
v 0.0384813 -0.00127 0.00464695 0.803922 0.803922 0.803922
v 0.0381019 -0.00127 0.00402292 0.803922 0.803922 0.803922
v 0.0385286 -0.00127 0.00467351 0.803922 0.803922 0.803922
v 0.038189 -0.00127 0.00433393 0.803922 0.803922 0.803922
v 0.038352 -0.00127 0.00454885 0.803922 0.803922 0.803922
v 0.0383928 -0.00127 0.00458447 0.803922 0.803922 0.803922
v 0.038278 -0.00127 0.00446968 0.803922 0.803922 0.803922
v 0.0383136 -0.00127 0.00451053 0.803922 0.803922 0.803922
v 0.0382156 -0.00127 0.00438117 0.803922 0.803922 0.803922
v 0.0382453 -0.00127 0.00442649 0.803922 0.803922 0.803922
v 0.0381657 -0.00127 0.00428498 0.803922 0.803922 0.803922
v 0.0381294 -0.00127 0.0041829 0.803922 0.803922 0.803922
v 0.0381458 -0.00127 0.00423456 0.803922 0.803922 0.803922
v 0.0381166 -0.00127 0.00413024 0.803922 0.803922 0.803922
v 0.0381074 -0.0160337 0.00407683 0.803922 0.803922 0.803922
v 0.0381019 -0.0160337 0.00402292 0.803922 0.803922 0.803922
v 0.0381 -0.0160337 0.00396875 0.803922 0.803922 0.803922
v 0.0387857 -0.0160337 0.00475511 0.803922 0.803922 0.803922
v 0.0387323 -0.0160337 0.0047459 0.803922 0.803922 0.803922
v 0.0388396 -0.0160337 0.00476065 0.803922 0.803922 0.803922
v 0.0386796 -0.0160337 0.00473307 0.803922 0.803922 0.803922
v 0.0386279 -0.0160337 0.00471667 0.803922 0.803922 0.803922
v 0.038189 -0.0160337 0.00433393 0.803922 0.803922 0.803922
v 0.0381657 -0.0160337 0.00428498 0.803922 0.803922 0.803922
v 0.0382156 -0.0160337 0.00438117 0.803922 0.803922 0.803922
v 0.0385286 -0.0160337 0.00467351 0.803922 0.803922 0.803922
v 0.0384813 -0.0160337 0.00464695 0.803922 0.803922 0.803922
v 0.0385775 -0.0160337 0.00469679 0.803922 0.803922 0.803922
v 0.038278 -0.0160337 0.00446968 0.803922 0.803922 0.803922
v 0.0382453 -0.0160337 0.00442649 0.803922 0.803922 0.803922
v 0.038352 -0.0160337 0.00454885 0.803922 0.803922 0.803922
v 0.0383136 -0.0160337 0.00451053 0.803922 0.803922 0.803922
v 0.038436 -0.0160337 0.00461722 0.803922 0.803922 0.803922
v 0.0383928 -0.0160337 0.00458447 0.803922 0.803922 0.803922
v 0.0381294 -0.0160337 0.0041829 0.803922 0.803922 0.803922
v 0.0381166 -0.0160337 0.00413024 0.803922 0.803922 0.803922
v 0.0381458 -0.0160337 0.00423456 0.803922 0.803922 0.803922
vn -0.136167 1.66756e-17 -0.990686
vn -0.0682424 8.35729e-18 -0.997669
vn -0.0677448 -0.00822571 -0.997669
vn -0.135174 -0.0164131 -0.990686
vn -0.0662594 -0.0163315 -0.997669
vn -0.13221 -0.0325868 -0.990686
vn -0.0638078 -0.0241991 -0.997669
vn -0.127318 -0.0482854 -0.990686
vn -0.0604257 -0.0317138 -0.997669
vn -0.12057 -0.0632798 -0.990686
vn -0.0561624 -0.0387661 -0.997669
vn -0.112063 -0.0773515 -0.990686
vn -0.0510802 -0.0452531 -0.997669
vn -0.101922 -0.0902952 -0.990686
vn -0.0452531 -0.0510802 -0.997669
vn -0.0902952 -0.101922 -0.990686
vn -0.0387661 -0.0561624 -0.997669
vn -0.0773515 -0.112063 -0.990686
vn -0.0317138 -0.0604257 -0.997669
vn -0.0632798 -0.12057 -0.990686
vn -0.0241991 -0.0638078 -0.997669
vn -0.0482854 -0.127318 -0.990686
vn -0.0163315 -0.0662594 -0.997669
vn -0.0325868 -0.13221 -0.990686
vn -0.00822571 -0.0677448 -0.997669
vn -0.0164131 -0.135174 -0.990686
vn 0 -0.0682424 -0.997669
vn -0.203456 2.49162e-17 -0.979084
vn -0.201973 -0.0245239 -0.979084
vn -0.197544 -0.0486902 -0.979084
vn -0.190235 -0.0721465 -0.979084
vn -0.180151 -0.0945507 -0.979084
vn -0.167441 -0.115576 -0.979084
vn -0.152289 -0.134916 -0.979084
vn -0.134916 -0.152289 -0.979084
vn -0.115576 -0.167441 -0.979084
vn -0.0945507 -0.180151 -0.979084
vn -0.0721465 -0.190235 -0.979084
vn -0.0486902 -0.197544 -0.979084
vn -0.0245239 -0.201973 -0.979084
vn 0 -0.136167 -0.990686
vn -0.269797 3.30406e-17 -0.962917
vn -0.26783 -0.0325204 -0.962917
vn -0.261957 -0.0645666 -0.962917
vn -0.252264 -0.0956713 -0.962917
vn -0.238893 -0.125381 -0.962917
vn -0.222038 -0.153262 -0.962917
vn -0.201946 -0.178908 -0.962917
vn -0.178908 -0.201946 -0.962917
vn -0.153262 -0.222038 -0.962917
vn -0.125381 -0.238893 -0.962917
vn -0.0956713 -0.252264 -0.962917
vn -0.0645666 -0.261957 -0.962917
vn -0.0325204 -0.26783 -0.962917
vn 0 -0.203456 -0.979084
vn -0.33488 4.10109e-17 -0.942261
vn -0.332438 -0.0403653 -0.942261
vn -0.325149 -0.0801419 -0.942261
vn -0.313118 -0.11875 -0.942261
vn -0.296521 -0.155626 -0.942261
vn -0.275601 -0.190233 -0.942261
vn -0.250661 -0.222066 -0.942261
vn -0.222066 -0.250661 -0.942261
vn -0.190233 -0.275601 -0.942261
vn -0.155626 -0.296521 -0.942261
vn -0.11875 -0.313118 -0.942261
vn -0.0801419 -0.325149 -0.942261
vn -0.0403653 -0.332438 -0.942261
vn 0 -0.269797 -0.962917
vn -0.398401 4.87901e-17 -0.917211
vn -0.395496 -0.0480219 -0.917211
vn -0.386824 -0.0953436 -0.917211
vn -0.372511 -0.141275 -0.917211
vn -0.352767 -0.185146 -0.917211
vn -0.327878 -0.226318 -0.917211
vn -0.298207 -0.264189 -0.917211
vn -0.264189 -0.298207 -0.917211
vn -0.226318 -0.327878 -0.917211
vn -0.185146 -0.352767 -0.917211
vn -0.141275 -0.372511 -0.917211
vn -0.0953436 -0.386824 -0.917211
vn -0.0480219 -0.395496 -0.917211
vn 0 -0.33488 -0.942261
vn -0.460065 5.63417e-17 -0.887885
vn -0.456711 -0.0554547 -0.887885
vn -0.446696 -0.110101 -0.887885
vn -0.430168 -0.163141 -0.887885
vn -0.407367 -0.213803 -0.887885
vn -0.378626 -0.261347 -0.887885
vn -0.344364 -0.30508 -0.887885
vn -0.30508 -0.344364 -0.887885
vn -0.261347 -0.378626 -0.887885
vn -0.213803 -0.407367 -0.887885
vn -0.163141 -0.430168 -0.887885
vn -0.110101 -0.446696 -0.887885
vn -0.0554547 -0.456711 -0.887885
vn 0 -0.398401 -0.917211
vn -0.519584 6.36307e-17 -0.854419
vn -0.515796 -0.0626289 -0.854419
vn -0.504486 -0.124345 -0.854419
vn -0.485819 -0.184247 -0.854419
vn -0.460069 -0.241463 -0.854419
vn -0.427609 -0.295157 -0.854419
vn -0.388914 -0.344548 -0.854419
vn -0.344548 -0.388914 -0.854419
vn -0.295157 -0.427609 -0.854419
vn -0.241463 -0.460069 -0.854419
vn -0.184247 -0.485819 -0.854419
vn -0.124345 -0.504486 -0.854419
vn -0.0626289 -0.515796 -0.854419
vn 0 -0.460065 -0.887885
vn -0.57668 7.0623e-17 -0.81697
vn -0.572476 -0.0695111 -0.81697
vn -0.559923 -0.138009 -0.81697
vn -0.539205 -0.204494 -0.81697
vn -0.510625 -0.267997 -0.81697
vn -0.474599 -0.327592 -0.81697
vn -0.431651 -0.38241 -0.81697
vn -0.38241 -0.431651 -0.81697
vn -0.327592 -0.474599 -0.81697
vn -0.267997 -0.510625 -0.81697
vn -0.204494 -0.539205 -0.81697
vn -0.138009 -0.559923 -0.81697
vn -0.0695111 -0.572476 -0.81697
vn 0 -0.519584 -0.854419
vn -0.631088 7.7286e-17 -0.775711
vn -0.626487 -0.0760692 -0.775711
vn -0.61275 -0.151029 -0.775711
vn -0.590077 -0.223787 -0.775711
vn -0.558801 -0.293281 -0.775711
vn -0.519375 -0.358499 -0.775711
vn -0.472376 -0.418489 -0.775711
vn -0.418489 -0.472376 -0.775711
vn -0.358499 -0.519375 -0.775711
vn -0.293281 -0.558801 -0.775711
vn -0.223787 -0.590077 -0.775711
vn -0.151029 -0.61275 -0.775711
vn -0.0760692 -0.626487 -0.775711
vn 0 -0.57668 -0.81697
vn -0.682553 8.35887e-17 -0.730836
vn -0.677577 -0.0822727 -0.730836
vn -0.662719 -0.163346 -0.730836
vn -0.638198 -0.242037 -0.730836
vn -0.604371 -0.317198 -0.730836
vn -0.56173 -0.387734 -0.730836
vn -0.510898 -0.452616 -0.730836
vn -0.452616 -0.510898 -0.730836
vn -0.387734 -0.56173 -0.730836
vn -0.317198 -0.604371 -0.730836
vn -0.242037 -0.638198 -0.730836
vn -0.163346 -0.662719 -0.730836
vn -0.0822727 -0.677577 -0.730836
vn 0 -0.631088 -0.775711
vn -0.730836 8.95016e-17 -0.682553
vn -0.725507 -0.0880925 -0.682553
vn -0.709599 -0.1749 -0.682553
vn -0.683343 -0.259158 -0.682553
vn -0.647123 -0.339636 -0.682553
vn -0.601466 -0.415162 -0.682553
vn -0.547039 -0.484634 -0.682553
vn -0.484634 -0.547039 -0.682553
vn -0.415162 -0.601466 -0.682553
vn -0.339636 -0.647123 -0.682553
vn -0.259158 -0.683343 -0.682553
vn -0.1749 -0.709599 -0.682553
vn -0.0880925 -0.725507 -0.682553
vn 0 -0.682553 -0.730836
vn -0.775711 9.49972e-17 -0.631088
vn -0.770055 -0.0935017 -0.631088
vn -0.753171 -0.18564 -0.631088
vn -0.725303 -0.275071 -0.631088
vn -0.686858 -0.360491 -0.631088
vn -0.638398 -0.440654 -0.631088
vn -0.580628 -0.514392 -0.631088
vn -0.514392 -0.580628 -0.631088
vn -0.440654 -0.638398 -0.631088
vn -0.360491 -0.686858 -0.631088
vn -0.275071 -0.725303 -0.631088
vn -0.18564 -0.753171 -0.631088
vn -0.0935017 -0.770055 -0.631088
vn 0 -0.730836 -0.682553
vn -0.81697 1.0005e-16 -0.57668
vn -0.811013 -0.0984748 -0.57668
vn -0.79323 -0.195514 -0.57668
vn -0.76388 -0.289702 -0.57668
vn -0.723391 -0.379665 -0.57668
vn -0.672353 -0.464092 -0.57668
vn -0.611511 -0.541751 -0.57668
vn -0.541751 -0.611511 -0.57668
vn -0.464092 -0.672353 -0.57668
vn -0.379665 -0.723391 -0.57668
vn -0.289702 -0.76388 -0.57668
vn -0.195514 -0.79323 -0.57668
vn -0.0984748 -0.811013 -0.57668
vn 0 -0.775711 -0.631088
vn -0.854419 1.04636e-16 -0.519584
vn -0.84819 -0.102989 -0.519584
vn -0.829592 -0.204476 -0.519584
vn -0.798896 -0.302981 -0.519584
vn -0.756551 -0.397068 -0.519584
vn -0.703173 -0.485366 -0.519584
vn -0.639542 -0.566585 -0.519584
vn -0.566585 -0.639542 -0.519584
vn -0.485366 -0.703173 -0.519584
vn -0.397068 -0.756551 -0.519584
vn -0.302981 -0.798896 -0.519584
vn -0.204476 -0.829592 -0.519584
vn -0.102989 -0.84819 -0.519584
vn 0 -0.81697 -0.57668
vn -0.887885 1.08735e-16 -0.460065
vn -0.881412 -0.107023 -0.460065
vn -0.862085 -0.212485 -0.460065
vn -0.830187 -0.314848 -0.460065
vn -0.786183 -0.412621 -0.460065
vn -0.730715 -0.504376 -0.460065
vn -0.664592 -0.588777 -0.460065
vn -0.588777 -0.664592 -0.460065
vn -0.504376 -0.730715 -0.460065
vn -0.412621 -0.786183 -0.460065
vn -0.314848 -0.830187 -0.460065
vn -0.212485 -0.862085 -0.460065
vn -0.107023 -0.881412 -0.460065
vn 0 -0.854419 -0.519584
vn -0.917211 1.12326e-16 -0.398401
vn -0.910524 -0.110558 -0.398401
vn -0.890559 -0.219503 -0.398401
vn -0.857607 -0.325248 -0.398401
vn -0.81215 -0.426249 -0.398401
vn -0.75485 -0.521035 -0.398401
vn -0.686543 -0.608224 -0.398401
vn -0.608224 -0.686543 -0.398401
vn -0.521035 -0.75485 -0.398401
vn -0.426249 -0.81215 -0.398401
vn -0.325248 -0.857607 -0.398401
vn -0.219503 -0.890559 -0.398401
vn -0.110558 -0.910524 -0.398401
vn 0 -0.887885 -0.460065
vn -0.942261 1.15394e-16 -0.33488
vn -0.935391 -0.113577 -0.33488
vn -0.914881 -0.225498 -0.33488
vn -0.881029 -0.33413 -0.33488
vn -0.834331 -0.43789 -0.33488
vn -0.775466 -0.535265 -0.33488
vn -0.705292 -0.624835 -0.33488
vn -0.624835 -0.705292 -0.33488
vn -0.535265 -0.775466 -0.33488
vn -0.43789 -0.834331 -0.33488
vn -0.33413 -0.881029 -0.33488
vn -0.225498 -0.914881 -0.33488
vn -0.113577 -0.935391 -0.33488
vn 0 -0.917211 -0.398401
vn -0.962917 1.17923e-16 -0.269797
vn -0.955897 -0.116067 -0.269797
vn -0.934937 -0.230441 -0.269797
vn -0.900343 -0.341455 -0.269797
vn -0.852621 -0.44749 -0.269797
vn -0.792465 -0.546999 -0.269797
vn -0.720754 -0.638532 -0.269797
vn -0.638532 -0.720754 -0.269797
vn -0.546999 -0.792465 -0.269797
vn -0.44749 -0.852621 -0.269797
vn -0.341455 -0.900343 -0.269797
vn -0.230441 -0.934937 -0.269797
vn -0.116067 -0.955897 -0.269797
vn 0 -0.942261 -0.33488
vn -0.979084 1.19903e-16 -0.203456
vn -0.971945 -0.118016 -0.203456
vn -0.950634 -0.23431 -0.203456
vn -0.91546 -0.347188 -0.203456
vn -0.866936 -0.455003 -0.203456
vn -0.80577 -0.556183 -0.203456
vn -0.732855 -0.649253 -0.203456
vn -0.649253 -0.732855 -0.203456
vn -0.556183 -0.80577 -0.203456
vn -0.455003 -0.866936 -0.203456
vn -0.347188 -0.91546 -0.203456
vn -0.23431 -0.950634 -0.203456
vn -0.118016 -0.971945 -0.203456
vn 0 -0.962917 -0.269797
vn -0.990686 1.21324e-16 -0.136167
vn -0.983463 -0.119414 -0.136167
vn -0.961898 -0.237087 -0.136167
vn -0.926307 -0.351302 -0.136167
vn -0.877209 -0.460395 -0.136167
vn -0.815319 -0.562774 -0.136167
vn -0.741539 -0.656946 -0.136167
vn -0.656946 -0.741539 -0.136167
vn -0.562774 -0.815319 -0.136167
vn -0.460395 -0.877209 -0.136167
vn -0.351302 -0.926307 -0.136167
vn -0.237087 -0.961898 -0.136167
vn -0.119414 -0.983463 -0.136167
vn 0 -0.979084 -0.203456
vn -0.997669 1.22179e-16 -0.0682424
vn -0.990395 -0.120256 -0.0682424
vn -0.968678 -0.238758 -0.0682424
vn -0.932837 -0.353778 -0.0682424
vn -0.883392 -0.46364 -0.0682424
vn -0.821065 -0.56674 -0.0682424
vn -0.746766 -0.661577 -0.0682424
vn -0.661577 -0.746766 -0.0682424
vn -0.56674 -0.821065 -0.0682424
vn -0.46364 -0.883392 -0.0682424
vn -0.353778 -0.932837 -0.0682424
vn -0.238758 -0.968678 -0.0682424
vn -0.120256 -0.990395 -0.0682424
vn 0 -0.990686 -0.136167
vn -0.997669 -0.0682424 0
vn -0.992709 -0.120537 0
vn -0.979084 -0.203456 0
vn -0.970942 -0.239316 0
vn -0.990686 -0.136167 0
vn -0.942261 -0.33488 0
vn -0.962917 -0.269797 0
vn -0.935016 -0.354605 0
vn -0.887885 -0.460065 0
vn -0.917211 -0.398401 0
vn -0.885456 -0.464723 0
vn -0.854419 -0.519584 0
vn -0.822984 -0.568065 0
vn -0.775711 -0.631088 0
vn -0.748511 -0.663123 0
vn -0.81697 -0.57668 0
vn -0.682553 -0.730836 0
vn -0.730836 -0.682553 0
vn -0.663123 -0.748511 0
vn -0.57668 -0.81697 0
vn -0.631088 -0.775711 0
vn -0.568065 -0.822984 0
vn -0.464723 -0.885456 0
vn -0.519584 -0.854419 0
vn -0.398401 -0.917211 0
vn -0.354605 -0.935016 0
vn -0.460065 -0.887885 0
vn -0.269797 -0.962917 0
vn -0.239316 -0.970942 0
vn -0.33488 -0.942261 0
vn -0.136167 -0.990686 0
vn -0.203456 -0.979084 0
vn -0.120537 -0.992709 0
vn 0 -0.997669 -0.0682424
vn 0 -1 0
vn -0.0682424 -0.997669 0
vn -1 1.22465e-16 0
vn 0 0 -1
vn -0.997669 -0 -0.0682424
vn -0.990686 -0 -0.136167
vn -0.979084 -0 -0.203456
vn -0.962917 -0 -0.269797
vn -0.942261 -0 -0.33488
vn -0.917211 -0 -0.398401
vn -0.887885 -0 -0.460065
vn -0.854419 -0 -0.519584
vn -0.81697 -0 -0.57668
vn -0.775711 -0 -0.631088
vn -0.730836 -0 -0.682553
vn -0.682553 -0 -0.730836
vn -0.631088 -0 -0.775711
vn -0.57668 -0 -0.81697
vn -0.519584 -0 -0.854419
vn -0.460065 -0 -0.887885
vn -0.398401 -0 -0.917211
vn -0.33488 -0 -0.942261
vn -0.269797 -0 -0.962917
vn -0.203456 -0 -0.979084
vn -0.136167 -0 -0.990686
vn -0.0682424 -0 -0.997669
vn -2.44929e-16 -0 -1
vn -3.9378e-16 -1 1.22465e-16
vn -3.92862e-16 -0.997669 -0.0682424
vn -3.90112e-16 -0.990686 -0.136167
vn -3.85544e-16 -0.979084 -0.203456
vn -3.79177e-16 -0.962917 -0.269797
vn -3.71043e-16 -0.942261 -0.33488
vn -3.61179e-16 -0.917211 -0.398401
vn -3.49631e-16 -0.887885 -0.460065
vn -3.36453e-16 -0.854419 -0.519584
vn -3.21706e-16 -0.81697 -0.57668
vn -3.0546e-16 -0.775711 -0.631088
vn -2.87789e-16 -0.730836 -0.682553
vn -2.68776e-16 -0.682553 -0.730836
vn -2.4851e-16 -0.631088 -0.775711
vn -2.27085e-16 -0.57668 -0.81697
vn -2.04602e-16 -0.519584 -0.854419
vn -1.81164e-16 -0.460065 -0.887885
vn -1.56882e-16 -0.398401 -0.917211
vn -1.31869e-16 -0.33488 -0.942261
vn -1.06241e-16 -0.269797 -0.962917
vn -8.01169e-17 -0.203456 -0.979084
vn -5.36197e-17 -0.136167 -0.990686
vn -2.68725e-17 -0.0682424 -0.997669
vn -7.23362e-32 -1.83697e-16 -1
vn 1.83697e-16 -1 0
vn -0.0682424 -0.997669 0
vn -0.136167 -0.990686 0
vn -0.120537 -0.992709 0
vn -0.0682424 -0.997669 0
vn -0.136167 -0.990686 0
vn -0.203456 -0.979084 0
vn -0.269797 -0.962917 0
vn -0.239316 -0.970942 0
vn -0.203456 -0.979084 0
vn -0.269797 -0.962917 0
vn -0.33488 -0.942261 0
vn -0.398401 -0.917211 0
vn -0.354605 -0.935016 0
vn -0.33488 -0.942261 0
vn -0.398401 -0.917211 0
vn -0.460065 -0.887885 0
vn -0.519584 -0.854419 0
vn -0.464723 -0.885456 0
vn -0.460065 -0.887885 0
vn -0.57668 -0.81697 0
vn -0.568065 -0.822984 0
vn -0.519584 -0.854419 0
vn -0.57668 -0.81697 0
vn -0.631088 -0.775711 0
vn -0.663123 -0.748511 0
vn -0.682553 -0.730836 0
vn -0.631088 -0.775711 0
vn -0.730836 -0.682553 0
vn -0.775711 -0.631088 0
vn -0.748511 -0.663123 0
vn -0.730836 -0.682553 0
vn -0.775711 -0.631088 0
vn -0.81697 -0.57668 0
vn -0.854419 -0.519584 0
vn -0.822984 -0.568065 0
vn -0.81697 -0.57668 0
vn -0.887885 -0.460065 0
vn -0.885456 -0.464723 0
vn -0.854419 -0.519584 0
vn -0.887885 -0.460065 0
vn -0.917211 -0.398401 0
vn -0.942261 -0.33488 0
vn -0.935016 -0.354605 0
vn -0.917211 -0.398401 0
vn -0.942261 -0.33488 0
vn -0.962917 -0.269797 0
vn -0.979084 -0.203456 0
vn -0.970942 -0.239316 0
vn -0.962917 -0.269797 0
vn -0.979084 -0.203456 0
vn -0.990686 -0.136167 0
vn -0.997669 -0.0682424 0
vn -0.992709 -0.120537 0
vn -0.990686 -0.136167 0
vn -0.997669 -0.0682424 0
vn -1 -2.44929e-16 -0
vn 8.3378e-18 0.136167 -0.990686
vn 4.17864e-18 0.0682424 -0.997669
vn -0.00822571 0.0677448 -0.997669
vn -0.0164131 0.135174 -0.990686
vn -0.0163315 0.0662594 -0.997669
vn -0.0325868 0.13221 -0.990686
vn -0.0241991 0.0638078 -0.997669
vn -0.0482854 0.127318 -0.990686
vn -0.0317138 0.0604257 -0.997669
vn -0.0632798 0.12057 -0.990686
vn -0.0387661 0.0561624 -0.997669
vn -0.0773515 0.112063 -0.990686
vn -0.0452531 0.0510802 -0.997669
vn -0.0902952 0.101922 -0.990686
vn -0.0510802 0.0452531 -0.997669
vn -0.101922 0.0902952 -0.990686
vn -0.0561624 0.0387661 -0.997669
vn -0.112063 0.0773515 -0.990686
vn -0.0604257 0.0317138 -0.997669
vn -0.12057 0.0632798 -0.990686
vn -0.0638078 0.0241991 -0.997669
vn -0.127318 0.0482854 -0.990686
vn -0.0662594 0.0163315 -0.997669
vn -0.13221 0.0325868 -0.990686
vn -0.0677448 0.00822571 -0.997669
vn -0.135174 0.0164131 -0.990686
vn -0.0682424 0 -0.997669
vn 1.24581e-17 0.203456 -0.979084
vn -0.0245239 0.201973 -0.979084
vn -0.0486902 0.197544 -0.979084
vn -0.0721465 0.190235 -0.979084
vn -0.0945507 0.180151 -0.979084
vn -0.115576 0.167441 -0.979084
vn -0.134916 0.152289 -0.979084
vn -0.152289 0.134916 -0.979084
vn -0.167441 0.115576 -0.979084
vn -0.180151 0.0945507 -0.979084
vn -0.190235 0.0721465 -0.979084
vn -0.197544 0.0486902 -0.979084
vn -0.201973 0.0245239 -0.979084
vn -0.136167 0 -0.990686
vn 1.65203e-17 0.269797 -0.962917
vn -0.0325204 0.26783 -0.962917
vn -0.0645666 0.261957 -0.962917
vn -0.0956713 0.252264 -0.962917
vn -0.125381 0.238893 -0.962917
vn -0.153262 0.222038 -0.962917
vn -0.178908 0.201946 -0.962917
vn -0.201946 0.178908 -0.962917
vn -0.222038 0.153262 -0.962917
vn -0.238893 0.125381 -0.962917
vn -0.252264 0.0956713 -0.962917
vn -0.261957 0.0645666 -0.962917
vn -0.26783 0.0325204 -0.962917
vn -0.203456 0 -0.979084
vn 2.05055e-17 0.33488 -0.942261
vn -0.0403653 0.332438 -0.942261
vn -0.0801419 0.325149 -0.942261
vn -0.11875 0.313118 -0.942261
vn -0.155626 0.296521 -0.942261
vn -0.190233 0.275601 -0.942261
vn -0.222066 0.250661 -0.942261
vn -0.250661 0.222066 -0.942261
vn -0.275601 0.190233 -0.942261
vn -0.296521 0.155626 -0.942261
vn -0.313118 0.11875 -0.942261
vn -0.325149 0.0801419 -0.942261
vn -0.332438 0.0403653 -0.942261
vn -0.269797 0 -0.962917
vn 2.4395e-17 0.398401 -0.917211
vn -0.0480219 0.395496 -0.917211
vn -0.0953436 0.386824 -0.917211
vn -0.141275 0.372511 -0.917211
vn -0.185146 0.352767 -0.917211
vn -0.226318 0.327878 -0.917211
vn -0.264189 0.298207 -0.917211
vn -0.298207 0.264189 -0.917211
vn -0.327878 0.226318 -0.917211
vn -0.352767 0.185146 -0.917211
vn -0.372511 0.141275 -0.917211
vn -0.386824 0.0953436 -0.917211
vn -0.395496 0.0480219 -0.917211
vn -0.33488 0 -0.942261
vn 2.81709e-17 0.460065 -0.887885
vn -0.0554547 0.456711 -0.887885
vn -0.110101 0.446696 -0.887885
vn -0.163141 0.430168 -0.887885
vn -0.213803 0.407367 -0.887885
vn -0.261347 0.378626 -0.887885
vn -0.30508 0.344364 -0.887885
vn -0.344364 0.30508 -0.887885
vn -0.378626 0.261347 -0.887885
vn -0.407367 0.213803 -0.887885
vn -0.430168 0.163141 -0.887885
vn -0.446696 0.110101 -0.887885
vn -0.456711 0.0554547 -0.887885
vn -0.398401 0 -0.917211
vn 3.18153e-17 0.519584 -0.854419
vn -0.0626289 0.515796 -0.854419
vn -0.124345 0.504486 -0.854419
vn -0.184247 0.485819 -0.854419
vn -0.241463 0.460069 -0.854419
vn -0.295157 0.427609 -0.854419
vn -0.344548 0.388914 -0.854419
vn -0.388914 0.344548 -0.854419
vn -0.427609 0.295157 -0.854419
vn -0.460069 0.241463 -0.854419
vn -0.485819 0.184247 -0.854419
vn -0.504486 0.124345 -0.854419
vn -0.515796 0.0626289 -0.854419
vn -0.460065 0 -0.887885
vn 3.53115e-17 0.57668 -0.81697
vn -0.0695111 0.572476 -0.81697
vn -0.138009 0.559923 -0.81697
vn -0.204494 0.539205 -0.81697
vn -0.267997 0.510625 -0.81697
vn -0.327592 0.474599 -0.81697
vn -0.38241 0.431651 -0.81697
vn -0.431651 0.38241 -0.81697
vn -0.474599 0.327592 -0.81697
vn -0.510625 0.267997 -0.81697
vn -0.539205 0.204494 -0.81697
vn -0.559923 0.138009 -0.81697
vn -0.572476 0.0695111 -0.81697
vn -0.519584 0 -0.854419
vn 3.8643e-17 0.631088 -0.775711
vn -0.0760692 0.626487 -0.775711
vn -0.151029 0.61275 -0.775711
vn -0.223787 0.590077 -0.775711
vn -0.293281 0.558801 -0.775711
vn -0.358499 0.519375 -0.775711
vn -0.418489 0.472376 -0.775711
vn -0.472376 0.418489 -0.775711
vn -0.519375 0.358499 -0.775711
vn -0.558801 0.293281 -0.775711
vn -0.590077 0.223787 -0.775711
vn -0.61275 0.151029 -0.775711
vn -0.626487 0.0760692 -0.775711
vn -0.57668 0 -0.81697
vn 4.17943e-17 0.682553 -0.730836
vn -0.0822727 0.677577 -0.730836
vn -0.163346 0.662719 -0.730836
vn -0.242037 0.638198 -0.730836
vn -0.317198 0.604371 -0.730836
vn -0.387734 0.56173 -0.730836
vn -0.452616 0.510898 -0.730836
vn -0.510898 0.452616 -0.730836
vn -0.56173 0.387734 -0.730836
vn -0.604371 0.317198 -0.730836
vn -0.638198 0.242037 -0.730836
vn -0.662719 0.163346 -0.730836
vn -0.677577 0.0822727 -0.730836
vn -0.631088 0 -0.775711
vn 4.47508e-17 0.730836 -0.682553
vn -0.0880925 0.725507 -0.682553
vn -0.1749 0.709599 -0.682553
vn -0.259158 0.683343 -0.682553
vn -0.339636 0.647123 -0.682553
vn -0.415162 0.601466 -0.682553
vn -0.484634 0.547039 -0.682553
vn -0.547039 0.484634 -0.682553
vn -0.601466 0.415162 -0.682553
vn -0.647123 0.339636 -0.682553
vn -0.683343 0.259158 -0.682553
vn -0.709599 0.1749 -0.682553
vn -0.725507 0.0880925 -0.682553
vn -0.682553 0 -0.730836
vn 4.74986e-17 0.775711 -0.631088
vn -0.0935017 0.770055 -0.631088
vn -0.18564 0.753171 -0.631088
vn -0.275071 0.725303 -0.631088
vn -0.360491 0.686858 -0.631088
vn -0.440654 0.638398 -0.631088
vn -0.514392 0.580628 -0.631088
vn -0.580628 0.514392 -0.631088
vn -0.638398 0.440654 -0.631088
vn -0.686858 0.360491 -0.631088
vn -0.725303 0.275071 -0.631088
vn -0.753171 0.18564 -0.631088
vn -0.770055 0.0935017 -0.631088
vn -0.730836 0 -0.682553
vn 5.0025e-17 0.81697 -0.57668
vn -0.0984748 0.811013 -0.57668
vn -0.195514 0.79323 -0.57668
vn -0.289702 0.76388 -0.57668
vn -0.379665 0.723391 -0.57668
vn -0.464092 0.672353 -0.57668
vn -0.541751 0.611511 -0.57668
vn -0.611511 0.541751 -0.57668
vn -0.672353 0.464092 -0.57668
vn -0.723391 0.379665 -0.57668
vn -0.76388 0.289702 -0.57668
vn -0.79323 0.195514 -0.57668
vn -0.811013 0.0984748 -0.57668
vn -0.775711 0 -0.631088
vn 5.23181e-17 0.854419 -0.519584
vn -0.102989 0.84819 -0.519584
vn -0.204476 0.829592 -0.519584
vn -0.302981 0.798896 -0.519584
vn -0.397068 0.756551 -0.519584
vn -0.485366 0.703173 -0.519584
vn -0.566585 0.639542 -0.519584
vn -0.639542 0.566585 -0.519584
vn -0.703173 0.485366 -0.519584
vn -0.756551 0.397068 -0.519584
vn -0.798896 0.302981 -0.519584
vn -0.829592 0.204476 -0.519584
vn -0.84819 0.102989 -0.519584
vn -0.81697 0 -0.57668
vn 5.43673e-17 0.887885 -0.460065
vn -0.107023 0.881412 -0.460065
vn -0.212485 0.862085 -0.460065
vn -0.314848 0.830187 -0.460065
vn -0.412621 0.786183 -0.460065
vn -0.504376 0.730715 -0.460065
vn -0.588777 0.664592 -0.460065
vn -0.664592 0.588777 -0.460065
vn -0.730715 0.504376 -0.460065
vn -0.786183 0.412621 -0.460065
vn -0.830187 0.314848 -0.460065
vn -0.862085 0.212485 -0.460065
vn -0.881412 0.107023 -0.460065
vn -0.854419 0 -0.519584
vn 5.6163e-17 0.917211 -0.398401
vn -0.110558 0.910524 -0.398401
vn -0.219503 0.890559 -0.398401
vn -0.325248 0.857607 -0.398401
vn -0.426249 0.81215 -0.398401
vn -0.521035 0.75485 -0.398401
vn -0.608224 0.686543 -0.398401
vn -0.686543 0.608224 -0.398401
vn -0.75485 0.521035 -0.398401
vn -0.81215 0.426249 -0.398401
vn -0.857607 0.325248 -0.398401
vn -0.890559 0.219503 -0.398401
vn -0.910524 0.110558 -0.398401
vn -0.887885 0 -0.460065
vn 5.76968e-17 0.942261 -0.33488
vn -0.113577 0.935391 -0.33488
vn -0.225498 0.914881 -0.33488
vn -0.33413 0.881029 -0.33488
vn -0.43789 0.834331 -0.33488
vn -0.535265 0.775466 -0.33488
vn -0.624835 0.705292 -0.33488
vn -0.705292 0.624835 -0.33488
vn -0.775466 0.535265 -0.33488
vn -0.834331 0.43789 -0.33488
vn -0.881029 0.33413 -0.33488
vn -0.914881 0.225498 -0.33488
vn -0.935391 0.113577 -0.33488
vn -0.917211 0 -0.398401
vn 5.89617e-17 0.962917 -0.269797
vn -0.116067 0.955897 -0.269797
vn -0.230441 0.934937 -0.269797
vn -0.341455 0.900343 -0.269797
vn -0.44749 0.852621 -0.269797
vn -0.546999 0.792465 -0.269797
vn -0.638532 0.720754 -0.269797
vn -0.720754 0.638532 -0.269797
vn -0.792465 0.546999 -0.269797
vn -0.852621 0.44749 -0.269797
vn -0.900343 0.341455 -0.269797
vn -0.934937 0.230441 -0.269797
vn -0.955897 0.116067 -0.269797
vn -0.942261 0 -0.33488
vn 5.99516e-17 0.979084 -0.203456
vn -0.118016 0.971945 -0.203456
vn -0.23431 0.950634 -0.203456
vn -0.347188 0.91546 -0.203456
vn -0.455003 0.866936 -0.203456
vn -0.556183 0.80577 -0.203456
vn -0.649253 0.732855 -0.203456
vn -0.732855 0.649253 -0.203456
vn -0.80577 0.556183 -0.203456
vn -0.866936 0.455003 -0.203456
vn -0.91546 0.347188 -0.203456
vn -0.950634 0.23431 -0.203456
vn -0.971945 0.118016 -0.203456
vn -0.962917 0 -0.269797
vn 6.0662e-17 0.990686 -0.136167
vn -0.119414 0.983463 -0.136167
vn -0.237087 0.961898 -0.136167
vn -0.351302 0.926307 -0.136167
vn -0.460395 0.877209 -0.136167
vn -0.562774 0.815319 -0.136167
vn -0.656946 0.741539 -0.136167
vn -0.741539 0.656946 -0.136167
vn -0.815319 0.562774 -0.136167
vn -0.877209 0.460395 -0.136167
vn -0.926307 0.351302 -0.136167
vn -0.961898 0.237087 -0.136167
vn -0.983463 0.119414 -0.136167
vn -0.979084 0 -0.203456
vn 6.10896e-17 0.997669 -0.0682424
vn -0.120256 0.990395 -0.0682424
vn -0.238758 0.968678 -0.0682424
vn -0.353778 0.932837 -0.0682424
vn -0.46364 0.883392 -0.0682424
vn -0.56674 0.821065 -0.0682424
vn -0.661577 0.746766 -0.0682424
vn -0.746766 0.661577 -0.0682424
vn -0.821065 0.56674 -0.0682424
vn -0.883392 0.46364 -0.0682424
vn -0.932837 0.353778 -0.0682424
vn -0.968678 0.238758 -0.0682424
vn -0.990395 0.120256 -0.0682424
vn -0.990686 0 -0.136167
vn -0.0682424 0.997669 0
vn -0.120537 0.992709 0
vn -0.203456 0.979084 0
vn -0.239316 0.970942 0
vn -0.136167 0.990686 0
vn -0.33488 0.942261 0
vn -0.269797 0.962917 0
vn -0.354605 0.935016 0
vn -0.460065 0.887885 0
vn -0.398401 0.917211 0
vn -0.464723 0.885456 0
vn -0.519584 0.854419 0
vn -0.568065 0.822984 0
vn -0.631088 0.775711 0
vn -0.663123 0.748511 0
vn -0.57668 0.81697 0
vn -0.730836 0.682553 0
vn -0.682553 0.730836 0
vn -0.748511 0.663123 0
vn -0.81697 0.57668 0
vn -0.775711 0.631088 0
vn -0.822984 0.568065 0
vn -0.885456 0.464723 0
vn -0.854419 0.519584 0
vn -0.917211 0.398401 0
vn -0.935016 0.354605 0
vn -0.887885 0.460065 0
vn -0.962917 0.269797 0
vn -0.970942 0.239316 0
vn -0.942261 0.33488 0
vn -0.990686 0.136167 0
vn -0.979084 0.203456 0
vn -0.992709 0.120537 0
vn -0.997669 0 -0.0682424
vn -1 0 0
vn -0.997669 0.0682424 0
vn 6.12323e-17 1 -0
vn 0 0 -1
vn -0.997669 1.22179e-16 0.0682424
vn -1 1.22465e-16 0
vn -0.997669 -0.0682424 0
vn -0.990395 -0.120256 0.0682424
vn -0.990686 -0.136167 0
vn -0.979084 -0.203456 0
vn -0.968678 -0.238758 0.0682424
vn -0.992709 -0.120537 0
vn -0.932837 -0.353778 0.0682424
vn -0.962917 -0.269797 0
vn -0.970942 -0.239316 0
vn -0.942261 -0.33488 0
vn -0.883392 -0.46364 0.0682424
vn -0.917211 -0.398401 0
vn -0.935016 -0.354605 0
vn -0.887885 -0.460065 0
vn -0.885456 -0.464723 0
vn -0.854419 -0.519584 0
vn -0.821065 -0.56674 0.0682424
vn -0.81697 -0.57668 0
vn -0.775711 -0.631088 0
vn -0.746766 -0.661577 0.0682424
vn -0.822984 -0.568065 0
vn -0.661577 -0.746766 0.0682424
vn -0.730836 -0.682553 0
vn -0.682553 -0.730836 0
vn -0.748511 -0.663123 0
vn -0.56674 -0.821065 0.0682424
vn -0.631088 -0.775711 0
vn -0.663123 -0.748511 0
vn -0.57668 -0.81697 0
vn -0.46364 -0.883392 0.0682424
vn -0.519584 -0.854419 0
vn -0.568065 -0.822984 0
vn -0.460065 -0.887885 0
vn -0.398401 -0.917211 0
vn -0.353778 -0.932837 0.0682424
vn -0.464723 -0.885456 0
vn -0.33488 -0.942261 0
vn -0.269797 -0.962917 0
vn -0.238758 -0.968678 0.0682424
vn -0.354605 -0.935016 0
vn -0.120256 -0.990395 0.0682424
vn -0.203456 -0.979084 0
vn -0.239316 -0.970942 0
vn -0.136167 -0.990686 0
vn 0 -0.997669 0.0682424
vn -0.0682424 -0.997669 0
vn -0.120537 -0.992709 0
vn -0.990686 1.21324e-16 0.136167
vn -0.983463 -0.119414 0.136167
vn -0.961898 -0.237087 0.136167
vn -0.926307 -0.351302 0.136167
vn -0.877209 -0.460395 0.136167
vn -0.815319 -0.562774 0.136167
vn -0.741539 -0.656946 0.136167
vn -0.656946 -0.741539 0.136167
vn -0.562774 -0.815319 0.136167
vn -0.460395 -0.877209 0.136167
vn -0.351302 -0.926307 0.136167
vn -0.237087 -0.961898 0.136167
vn -0.119414 -0.983463 0.136167
vn -0.979084 1.19903e-16 0.203456
vn -0.971945 -0.118016 0.203456
vn -0.950634 -0.23431 0.203456
vn -0.91546 -0.347188 0.203456
vn -0.866936 -0.455003 0.203456
vn -0.80577 -0.556183 0.203456
vn -0.732855 -0.649253 0.203456
vn -0.649253 -0.732855 0.203456
vn -0.556183 -0.80577 0.203456
vn -0.455003 -0.866936 0.203456
vn -0.347188 -0.91546 0.203456
vn -0.23431 -0.950634 0.203456
vn -0.118016 -0.971945 0.203456
vn 0 -0.990686 0.136167
vn -0.962917 1.17923e-16 0.269797
vn -0.955897 -0.116067 0.269797
vn -0.934937 -0.230441 0.269797
vn -0.900343 -0.341455 0.269797
vn -0.852621 -0.44749 0.269797
vn -0.792465 -0.546999 0.269797
vn -0.720754 -0.638532 0.269797
vn -0.638532 -0.720754 0.269797
vn -0.546999 -0.792465 0.269797
vn -0.44749 -0.852621 0.269797
vn -0.341455 -0.900343 0.269797
vn -0.230441 -0.934937 0.269797
vn -0.116067 -0.955897 0.269797
vn 0 -0.979084 0.203456
vn -0.942261 1.15394e-16 0.33488
vn -0.935391 -0.113577 0.33488
vn -0.914881 -0.225498 0.33488
vn -0.881029 -0.33413 0.33488
vn -0.834331 -0.43789 0.33488
vn -0.775466 -0.535265 0.33488
vn -0.705292 -0.624835 0.33488
vn -0.624835 -0.705292 0.33488
vn -0.535265 -0.775466 0.33488
vn -0.43789 -0.834331 0.33488
vn -0.33413 -0.881029 0.33488
vn -0.225498 -0.914881 0.33488
vn -0.113577 -0.935391 0.33488
vn 0 -0.962917 0.269797
vn -0.917211 1.12326e-16 0.398401
vn -0.910524 -0.110558 0.398401
vn -0.890559 -0.219503 0.398401
vn -0.857607 -0.325248 0.398401
vn -0.81215 -0.426249 0.398401
vn -0.75485 -0.521035 0.398401
vn -0.686543 -0.608224 0.398401
vn -0.608224 -0.686543 0.398401
vn -0.521035 -0.75485 0.398401
vn -0.426249 -0.81215 0.398401
vn -0.325248 -0.857607 0.398401
vn -0.219503 -0.890559 0.398401
vn -0.110558 -0.910524 0.398401
vn 0 -0.942261 0.33488
vn -0.887885 1.08735e-16 0.460065
vn -0.881412 -0.107023 0.460065
vn -0.862085 -0.212485 0.460065
vn -0.830187 -0.314848 0.460065
vn -0.786183 -0.412621 0.460065
vn -0.730715 -0.504376 0.460065
vn -0.664592 -0.588777 0.460065
vn -0.588777 -0.664592 0.460065
vn -0.504376 -0.730715 0.460065
vn -0.412621 -0.786183 0.460065
vn -0.314848 -0.830187 0.460065
vn -0.212485 -0.862085 0.460065
vn -0.107023 -0.881412 0.460065
vn 0 -0.917211 0.398401
vn -0.854419 1.04636e-16 0.519584
vn -0.84819 -0.102989 0.519584
vn -0.829592 -0.204476 0.519584
vn -0.798896 -0.302981 0.519584
vn -0.756551 -0.397068 0.519584
vn -0.703173 -0.485366 0.519584
vn -0.639542 -0.566585 0.519584
vn -0.566585 -0.639542 0.519584
vn -0.485366 -0.703173 0.519584
vn -0.397068 -0.756551 0.519584
vn -0.302981 -0.798896 0.519584
vn -0.204476 -0.829592 0.519584
vn -0.102989 -0.84819 0.519584
vn 0 -0.887885 0.460065
vn -0.81697 1.0005e-16 0.57668
vn -0.811013 -0.0984748 0.57668
vn -0.79323 -0.195514 0.57668
vn -0.76388 -0.289702 0.57668
vn -0.723391 -0.379665 0.57668
vn -0.672353 -0.464092 0.57668
vn -0.611511 -0.541751 0.57668
vn -0.541751 -0.611511 0.57668
vn -0.464092 -0.672353 0.57668
vn -0.379665 -0.723391 0.57668
vn -0.289702 -0.76388 0.57668
vn -0.195514 -0.79323 0.57668
vn -0.0984748 -0.811013 0.57668
vn 0 -0.854419 0.519584
vn -0.775711 9.49972e-17 0.631088
vn -0.770055 -0.0935017 0.631088
vn -0.753171 -0.18564 0.631088
vn -0.725303 -0.275071 0.631088
vn -0.686858 -0.360491 0.631088
vn -0.638398 -0.440654 0.631088
vn -0.580628 -0.514392 0.631088
vn -0.514392 -0.580628 0.631088
vn -0.440654 -0.638398 0.631088
vn -0.360491 -0.686858 0.631088
vn -0.275071 -0.725303 0.631088
vn -0.18564 -0.753171 0.631088
vn -0.0935017 -0.770055 0.631088
vn 0 -0.81697 0.57668
vn -0.730836 8.95016e-17 0.682553
vn -0.725507 -0.0880925 0.682553
vn -0.709599 -0.1749 0.682553
vn -0.683343 -0.259158 0.682553
vn -0.647123 -0.339636 0.682553
vn -0.601466 -0.415162 0.682553
vn -0.547039 -0.484634 0.682553
vn -0.484634 -0.547039 0.682553
vn -0.415162 -0.601466 0.682553
vn -0.339636 -0.647123 0.682553
vn -0.259158 -0.683343 0.682553
vn -0.1749 -0.709599 0.682553
vn -0.0880925 -0.725507 0.682553
vn 0 -0.775711 0.631088
vn -0.682553 8.35887e-17 0.730836
vn -0.677577 -0.0822727 0.730836
vn -0.662719 -0.163346 0.730836
vn -0.638198 -0.242037 0.730836
vn -0.604371 -0.317198 0.730836
vn -0.56173 -0.387734 0.730836
vn -0.510898 -0.452616 0.730836
vn -0.452616 -0.510898 0.730836
vn -0.387734 -0.56173 0.730836
vn -0.317198 -0.604371 0.730836
vn -0.242037 -0.638198 0.730836
vn -0.163346 -0.662719 0.730836
vn -0.0822727 -0.677577 0.730836
vn 0 -0.730836 0.682553
vn -0.631088 7.7286e-17 0.775711
vn -0.626487 -0.0760692 0.775711
vn -0.61275 -0.151029 0.775711
vn -0.590077 -0.223787 0.775711
vn -0.558801 -0.293281 0.775711
vn -0.519375 -0.358499 0.775711
vn -0.472376 -0.418489 0.775711
vn -0.418489 -0.472376 0.775711
vn -0.358499 -0.519375 0.775711
vn -0.293281 -0.558801 0.775711
vn -0.223787 -0.590077 0.775711
vn -0.151029 -0.61275 0.775711
vn -0.0760692 -0.626487 0.775711
vn 0 -0.682553 0.730836
vn -0.57668 7.0623e-17 0.81697
vn -0.572476 -0.0695111 0.81697
vn -0.559923 -0.138009 0.81697
vn -0.539205 -0.204494 0.81697
vn -0.510625 -0.267997 0.81697
vn -0.474599 -0.327592 0.81697
vn -0.431651 -0.38241 0.81697
vn -0.38241 -0.431651 0.81697
vn -0.327592 -0.474599 0.81697
vn -0.267997 -0.510625 0.81697
vn -0.204494 -0.539205 0.81697
vn -0.138009 -0.559923 0.81697
vn -0.0695111 -0.572476 0.81697
vn 0 -0.631088 0.775711
vn -0.519584 6.36307e-17 0.854419
vn -0.515796 -0.0626289 0.854419
vn -0.504486 -0.124345 0.854419
vn -0.485819 -0.184247 0.854419
vn -0.460069 -0.241463 0.854419
vn -0.427609 -0.295157 0.854419
vn -0.388914 -0.344548 0.854419
vn -0.344548 -0.388914 0.854419
vn -0.295157 -0.427609 0.854419
vn -0.241463 -0.460069 0.854419
vn -0.184247 -0.485819 0.854419
vn -0.124345 -0.504486 0.854419
vn -0.0626289 -0.515796 0.854419
vn 0 -0.57668 0.81697
vn -0.460065 5.63417e-17 0.887885
vn -0.456711 -0.0554547 0.887885
vn -0.446696 -0.110101 0.887885
vn -0.430168 -0.163141 0.887885
vn -0.407367 -0.213803 0.887885
vn -0.378626 -0.261347 0.887885
vn -0.344364 -0.30508 0.887885
vn -0.30508 -0.344364 0.887885
vn -0.261347 -0.378626 0.887885
vn -0.213803 -0.407367 0.887885
vn -0.163141 -0.430168 0.887885
vn -0.110101 -0.446696 0.887885
vn -0.0554547 -0.456711 0.887885
vn 0 -0.519584 0.854419
vn -0.398401 4.87901e-17 0.917211
vn -0.395496 -0.0480219 0.917211
vn -0.386824 -0.0953436 0.917211
vn -0.372511 -0.141275 0.917211
vn -0.352767 -0.185146 0.917211
vn -0.327878 -0.226318 0.917211
vn -0.298207 -0.264189 0.917211
vn -0.264189 -0.298207 0.917211
vn -0.226318 -0.327878 0.917211
vn -0.185146 -0.352767 0.917211
vn -0.141275 -0.372511 0.917211
vn -0.0953436 -0.386824 0.917211
vn -0.0480219 -0.395496 0.917211
vn 0 -0.460065 0.887885
vn -0.33488 4.10109e-17 0.942261
vn -0.332438 -0.0403653 0.942261
vn -0.325149 -0.0801419 0.942261
vn -0.313118 -0.11875 0.942261
vn -0.296521 -0.155626 0.942261
vn -0.275601 -0.190233 0.942261
vn -0.250661 -0.222066 0.942261
vn -0.222066 -0.250661 0.942261
vn -0.190233 -0.275601 0.942261
vn -0.155626 -0.296521 0.942261
vn -0.11875 -0.313118 0.942261
vn -0.0801419 -0.325149 0.942261
vn -0.0403653 -0.332438 0.942261
vn 0 -0.398401 0.917211
vn -0.269797 3.30406e-17 0.962917
vn -0.26783 -0.0325204 0.962917
vn -0.261957 -0.0645666 0.962917
vn -0.252264 -0.0956713 0.962917
vn -0.238893 -0.125381 0.962917
vn -0.222038 -0.153262 0.962917
vn -0.201946 -0.178908 0.962917
vn -0.178908 -0.201946 0.962917
vn -0.153262 -0.222038 0.962917
vn -0.125381 -0.238893 0.962917
vn -0.0956713 -0.252264 0.962917
vn -0.0645666 -0.261957 0.962917
vn -0.0325204 -0.26783 0.962917
vn 0 -0.33488 0.942261
vn -0.203456 2.49162e-17 0.979084
vn -0.201973 -0.0245239 0.979084
vn -0.197544 -0.0486902 0.979084
vn -0.190235 -0.0721465 0.979084
vn -0.180151 -0.0945507 0.979084
vn -0.167441 -0.115576 0.979084
vn -0.152289 -0.134916 0.979084
vn -0.134916 -0.152289 0.979084
vn -0.115576 -0.167441 0.979084
vn -0.0945507 -0.180151 0.979084
vn -0.0721465 -0.190235 0.979084
vn -0.0486902 -0.197544 0.979084
vn -0.0245239 -0.201973 0.979084
vn 0 -0.269797 0.962917
vn -0.136167 1.66756e-17 0.990686
vn -0.135174 -0.0164131 0.990686
vn -0.13221 -0.0325868 0.990686
vn -0.127318 -0.0482854 0.990686
vn -0.12057 -0.0632798 0.990686
vn -0.112063 -0.0773515 0.990686
vn -0.101922 -0.0902952 0.990686
vn -0.0902952 -0.101922 0.990686
vn -0.0773515 -0.112063 0.990686
vn -0.0632798 -0.12057 0.990686
vn -0.0482854 -0.127318 0.990686
vn -0.0325868 -0.13221 0.990686
vn -0.0164131 -0.135174 0.990686
vn 0 -0.203456 0.979084
vn -0.0682424 8.35729e-18 0.997669
vn -0.0677448 -0.00822571 0.997669
vn -0.0662594 -0.0163315 0.997669
vn -0.0638078 -0.0241991 0.997669
vn -0.0604257 -0.0317138 0.997669
vn -0.0561624 -0.0387661 0.997669
vn -0.0510802 -0.0452531 0.997669
vn -0.0452531 -0.0510802 0.997669
vn -0.0387661 -0.0561624 0.997669
vn -0.0317138 -0.0604257 0.997669
vn -0.0241991 -0.0638078 0.997669
vn -0.0163315 -0.0662594 0.997669
vn -0.00822571 -0.0677448 0.997669
vn 0 -0.136167 0.990686
vn 0 0 1
vn 0 -0.0682424 0.997669
vn 0 -1 0
vn -2.50134e-17 -0.136167 -0.990686
vn -1.25359e-17 -0.0682424 -0.997669
vn 0.00822571 -0.0677448 -0.997669
vn 0.0164131 -0.135174 -0.990686
vn 0.0163315 -0.0662594 -0.997669
vn 0.0325868 -0.13221 -0.990686
vn 0.0241991 -0.0638078 -0.997669
vn 0.0482854 -0.127318 -0.990686
vn 0.0317138 -0.0604257 -0.997669
vn 0.0632798 -0.12057 -0.990686
vn 0.0387661 -0.0561624 -0.997669
vn 0.0773515 -0.112063 -0.990686
vn 0.0452531 -0.0510802 -0.997669
vn 0.0902952 -0.101922 -0.990686
vn 0.0510802 -0.0452531 -0.997669
vn 0.101922 -0.0902952 -0.990686
vn 0.0561624 -0.0387661 -0.997669
vn 0.112063 -0.0773515 -0.990686
vn 0.0604257 -0.0317138 -0.997669
vn 0.12057 -0.0632798 -0.990686
vn 0.0638078 -0.0241991 -0.997669
vn 0.127318 -0.0482854 -0.990686
vn 0.0662594 -0.0163315 -0.997669
vn 0.13221 -0.0325868 -0.990686
vn 0.0677448 -0.00822571 -0.997669
vn 0.135174 -0.0164131 -0.990686
vn 0.0682424 0 -0.997669
vn -3.73743e-17 -0.203456 -0.979084
vn 0.0245239 -0.201973 -0.979084
vn 0.0486902 -0.197544 -0.979084
vn 0.0721465 -0.190235 -0.979084
vn 0.0945507 -0.180151 -0.979084
vn 0.115576 -0.167441 -0.979084
vn 0.134916 -0.152289 -0.979084
vn 0.152289 -0.134916 -0.979084
vn 0.167441 -0.115576 -0.979084
vn 0.180151 -0.0945507 -0.979084
vn 0.190235 -0.0721465 -0.979084
vn 0.197544 -0.0486902 -0.979084
vn 0.201973 -0.0245239 -0.979084
vn 0.136167 0 -0.990686
vn -4.95609e-17 -0.269797 -0.962917
vn 0.0325204 -0.26783 -0.962917
vn 0.0645666 -0.261957 -0.962917
vn 0.0956713 -0.252264 -0.962917
vn 0.125381 -0.238893 -0.962917
vn 0.153262 -0.222038 -0.962917
vn 0.178908 -0.201946 -0.962917
vn 0.201946 -0.178908 -0.962917
vn 0.222038 -0.153262 -0.962917
vn 0.238893 -0.125381 -0.962917
vn 0.252264 -0.0956713 -0.962917
vn 0.261957 -0.0645666 -0.962917
vn 0.26783 -0.0325204 -0.962917
vn 0.203456 0 -0.979084
vn -6.15164e-17 -0.33488 -0.942261
vn 0.0403653 -0.332438 -0.942261
vn 0.0801419 -0.325149 -0.942261
vn 0.11875 -0.313118 -0.942261
vn 0.155626 -0.296521 -0.942261
vn 0.190233 -0.275601 -0.942261
vn 0.222066 -0.250661 -0.942261
vn 0.250661 -0.222066 -0.942261
vn 0.275601 -0.190233 -0.942261
vn 0.296521 -0.155626 -0.942261
vn 0.313118 -0.11875 -0.942261
vn 0.325149 -0.0801419 -0.942261
vn 0.332438 -0.0403653 -0.942261
vn 0.269797 0 -0.962917
vn -7.31851e-17 -0.398401 -0.917211
vn 0.0480219 -0.395496 -0.917211
vn 0.0953436 -0.386824 -0.917211
vn 0.141275 -0.372511 -0.917211
vn 0.185146 -0.352767 -0.917211
vn 0.226318 -0.327878 -0.917211
vn 0.264189 -0.298207 -0.917211
vn 0.298207 -0.264189 -0.917211
vn 0.327878 -0.226318 -0.917211
vn 0.352767 -0.185146 -0.917211
vn 0.372511 -0.141275 -0.917211
vn 0.386824 -0.0953436 -0.917211
vn 0.395496 -0.0480219 -0.917211
vn 0.33488 0 -0.942261
vn -8.45126e-17 -0.460065 -0.887885
vn 0.0554547 -0.456711 -0.887885
vn 0.110101 -0.446696 -0.887885
vn 0.163141 -0.430168 -0.887885
vn 0.213803 -0.407367 -0.887885
vn 0.261347 -0.378626 -0.887885
vn 0.30508 -0.344364 -0.887885
vn 0.344364 -0.30508 -0.887885
vn 0.378626 -0.261347 -0.887885
vn 0.407367 -0.213803 -0.887885
vn 0.430168 -0.163141 -0.887885
vn 0.446696 -0.110101 -0.887885
vn 0.456711 -0.0554547 -0.887885
vn 0.398401 0 -0.917211
vn -9.5446e-17 -0.519584 -0.854419
vn 0.0626289 -0.515796 -0.854419
vn 0.124345 -0.504486 -0.854419
vn 0.184247 -0.485819 -0.854419
vn 0.241463 -0.460069 -0.854419
vn 0.295157 -0.427609 -0.854419
vn 0.344548 -0.388914 -0.854419
vn 0.388914 -0.344548 -0.854419
vn 0.427609 -0.295157 -0.854419
vn 0.460069 -0.241463 -0.854419
vn 0.485819 -0.184247 -0.854419
vn 0.504486 -0.124345 -0.854419
vn 0.515796 -0.0626289 -0.854419
vn 0.460065 0 -0.887885
vn -1.05934e-16 -0.57668 -0.81697
vn 0.0695111 -0.572476 -0.81697
vn 0.138009 -0.559923 -0.81697
vn 0.204494 -0.539205 -0.81697
vn 0.267997 -0.510625 -0.81697
vn 0.327592 -0.474599 -0.81697
vn 0.38241 -0.431651 -0.81697
vn 0.431651 -0.38241 -0.81697
vn 0.474599 -0.327592 -0.81697
vn 0.510625 -0.267997 -0.81697
vn 0.539205 -0.204494 -0.81697
vn 0.559923 -0.138009 -0.81697
vn 0.572476 -0.0695111 -0.81697
vn 0.519584 0 -0.854419
vn -1.15929e-16 -0.631088 -0.775711
vn 0.0760692 -0.626487 -0.775711
vn 0.151029 -0.61275 -0.775711
vn 0.223787 -0.590077 -0.775711
vn 0.293281 -0.558801 -0.775711
vn 0.358499 -0.519375 -0.775711
vn 0.418489 -0.472376 -0.775711
vn 0.472376 -0.418489 -0.775711
vn 0.519375 -0.358499 -0.775711
vn 0.558801 -0.293281 -0.775711
vn 0.590077 -0.223787 -0.775711
vn 0.61275 -0.151029 -0.775711
vn 0.626487 -0.0760692 -0.775711
vn 0.57668 0 -0.81697
vn -1.25383e-16 -0.682553 -0.730836
vn 0.0822727 -0.677577 -0.730836
vn 0.163346 -0.662719 -0.730836
vn 0.242037 -0.638198 -0.730836
vn 0.317198 -0.604371 -0.730836
vn 0.387734 -0.56173 -0.730836
vn 0.452616 -0.510898 -0.730836
vn 0.510898 -0.452616 -0.730836
vn 0.56173 -0.387734 -0.730836
vn 0.604371 -0.317198 -0.730836
vn 0.638198 -0.242037 -0.730836
vn 0.662719 -0.163346 -0.730836
vn 0.677577 -0.0822727 -0.730836
vn 0.631088 0 -0.775711
vn -1.34252e-16 -0.730836 -0.682553
vn 0.0880925 -0.725507 -0.682553
vn 0.1749 -0.709599 -0.682553
vn 0.259158 -0.683343 -0.682553
vn 0.339636 -0.647123 -0.682553
vn 0.415162 -0.601466 -0.682553
vn 0.484634 -0.547039 -0.682553
vn 0.547039 -0.484634 -0.682553
vn 0.601466 -0.415162 -0.682553
vn 0.647123 -0.339636 -0.682553
vn 0.683343 -0.259158 -0.682553
vn 0.709599 -0.1749 -0.682553
vn 0.725507 -0.0880925 -0.682553
vn 0.682553 0 -0.730836
vn -1.42496e-16 -0.775711 -0.631088
vn 0.0935017 -0.770055 -0.631088
vn 0.18564 -0.753171 -0.631088
vn 0.275071 -0.725303 -0.631088
vn 0.360491 -0.686858 -0.631088
vn 0.440654 -0.638398 -0.631088
vn 0.514392 -0.580628 -0.631088
vn 0.580628 -0.514392 -0.631088
vn 0.638398 -0.440654 -0.631088
vn 0.686858 -0.360491 -0.631088
vn 0.725303 -0.275071 -0.631088
vn 0.753171 -0.18564 -0.631088
vn 0.770055 -0.0935017 -0.631088
vn 0.730836 0 -0.682553
vn -1.50075e-16 -0.81697 -0.57668
vn 0.0984748 -0.811013 -0.57668
vn 0.195514 -0.79323 -0.57668
vn 0.289702 -0.76388 -0.57668
vn 0.379665 -0.723391 -0.57668
vn 0.464092 -0.672353 -0.57668
vn 0.541751 -0.611511 -0.57668
vn 0.611511 -0.541751 -0.57668
vn 0.672353 -0.464092 -0.57668
vn 0.723391 -0.379665 -0.57668
vn 0.76388 -0.289702 -0.57668
vn 0.79323 -0.195514 -0.57668
vn 0.811013 -0.0984748 -0.57668
vn 0.775711 0 -0.631088
vn -1.56954e-16 -0.854419 -0.519584
vn 0.102989 -0.84819 -0.519584
vn 0.204476 -0.829592 -0.519584
vn 0.302981 -0.798896 -0.519584
vn 0.397068 -0.756551 -0.519584
vn 0.485366 -0.703173 -0.519584
vn 0.566585 -0.639542 -0.519584
vn 0.639542 -0.566585 -0.519584
vn 0.703173 -0.485366 -0.519584
vn 0.756551 -0.397068 -0.519584
vn 0.798896 -0.302981 -0.519584
vn 0.829592 -0.204476 -0.519584
vn 0.84819 -0.102989 -0.519584
vn 0.81697 0 -0.57668
vn -1.63102e-16 -0.887885 -0.460065
vn 0.107023 -0.881412 -0.460065
vn 0.212485 -0.862085 -0.460065
vn 0.314848 -0.830187 -0.460065
vn 0.412621 -0.786183 -0.460065
vn 0.504376 -0.730715 -0.460065
vn 0.588777 -0.664592 -0.460065
vn 0.664592 -0.588777 -0.460065
vn 0.730715 -0.504376 -0.460065
vn 0.786183 -0.412621 -0.460065
vn 0.830187 -0.314848 -0.460065
vn 0.862085 -0.212485 -0.460065
vn 0.881412 -0.107023 -0.460065
vn 0.854419 0 -0.519584
vn -1.68489e-16 -0.917211 -0.398401
vn 0.110558 -0.910524 -0.398401
vn 0.219503 -0.890559 -0.398401
vn 0.325248 -0.857607 -0.398401
vn 0.426249 -0.81215 -0.398401
vn 0.521035 -0.75485 -0.398401
vn 0.608224 -0.686543 -0.398401
vn 0.686543 -0.608224 -0.398401
vn 0.75485 -0.521035 -0.398401
vn 0.81215 -0.426249 -0.398401
vn 0.857607 -0.325248 -0.398401
vn 0.890559 -0.219503 -0.398401
vn 0.910524 -0.110558 -0.398401
vn 0.887885 0 -0.460065
vn -1.73091e-16 -0.942261 -0.33488
vn 0.113577 -0.935391 -0.33488
vn 0.225498 -0.914881 -0.33488
vn 0.33413 -0.881029 -0.33488
vn 0.43789 -0.834331 -0.33488
vn 0.535265 -0.775466 -0.33488
vn 0.624835 -0.705292 -0.33488
vn 0.705292 -0.624835 -0.33488
vn 0.775466 -0.535265 -0.33488
vn 0.834331 -0.43789 -0.33488
vn 0.881029 -0.33413 -0.33488
vn 0.914881 -0.225498 -0.33488
vn 0.935391 -0.113577 -0.33488
vn 0.917211 0 -0.398401
vn -1.76885e-16 -0.962917 -0.269797
vn 0.116067 -0.955897 -0.269797
vn 0.230441 -0.934937 -0.269797
vn 0.341455 -0.900343 -0.269797
vn 0.44749 -0.852621 -0.269797
vn 0.546999 -0.792465 -0.269797
vn 0.638532 -0.720754 -0.269797
vn 0.720754 -0.638532 -0.269797
vn 0.792465 -0.546999 -0.269797
vn 0.852621 -0.44749 -0.269797
vn 0.900343 -0.341455 -0.269797
vn 0.934937 -0.230441 -0.269797
vn 0.955897 -0.116067 -0.269797
vn 0.942261 0 -0.33488
vn -1.79855e-16 -0.979084 -0.203456
vn 0.118016 -0.971945 -0.203456
vn 0.23431 -0.950634 -0.203456
vn 0.347188 -0.91546 -0.203456
vn 0.455003 -0.866936 -0.203456
vn 0.556183 -0.80577 -0.203456
vn 0.649253 -0.732855 -0.203456
vn 0.732855 -0.649253 -0.203456
vn 0.80577 -0.556183 -0.203456
vn 0.866936 -0.455003 -0.203456
vn 0.91546 -0.347188 -0.203456
vn 0.950634 -0.23431 -0.203456
vn 0.971945 -0.118016 -0.203456
vn 0.962917 0 -0.269797
vn -1.81986e-16 -0.990686 -0.136167
vn 0.119414 -0.983463 -0.136167
vn 0.237087 -0.961898 -0.136167
vn 0.351302 -0.926307 -0.136167
vn 0.460395 -0.877209 -0.136167
vn 0.562774 -0.815319 -0.136167
vn 0.656946 -0.741539 -0.136167
vn 0.741539 -0.656946 -0.136167
vn 0.815319 -0.562774 -0.136167
vn 0.877209 -0.460395 -0.136167
vn 0.926307 -0.351302 -0.136167
vn 0.961898 -0.237087 -0.136167
vn 0.983463 -0.119414 -0.136167
vn 0.979084 0 -0.203456
vn -1.83269e-16 -0.997669 -0.0682424
vn 0.120256 -0.990395 -0.0682424
vn 0.238758 -0.968678 -0.0682424
vn 0.353778 -0.932837 -0.0682424
vn 0.46364 -0.883392 -0.0682424
vn 0.56674 -0.821065 -0.0682424
vn 0.661577 -0.746766 -0.0682424
vn 0.746766 -0.661577 -0.0682424
vn 0.821065 -0.56674 -0.0682424
vn 0.883392 -0.46364 -0.0682424
vn 0.932837 -0.353778 -0.0682424
vn 0.968678 -0.238758 -0.0682424
vn 0.990395 -0.120256 -0.0682424
vn 0.990686 0 -0.136167
vn 0.0682424 -0.997669 0
vn 0.120537 -0.992709 0
vn 0.203456 -0.979084 0
vn 0.239316 -0.970942 0
vn 0.136167 -0.990686 0
vn 0.33488 -0.942261 0
vn 0.269797 -0.962917 0
vn 0.354605 -0.935016 0
vn 0.460065 -0.887885 0
vn 0.398401 -0.917211 0
vn 0.464723 -0.885456 0
vn 0.519584 -0.854419 0
vn 0.568065 -0.822984 0
vn 0.631088 -0.775711 0
vn 0.663123 -0.748511 0
vn 0.57668 -0.81697 0
vn 0.730836 -0.682553 0
vn 0.682553 -0.730836 0
vn 0.748511 -0.663123 0
vn 0.81697 -0.57668 0
vn 0.775711 -0.631088 0
vn 0.822984 -0.568065 0
vn 0.885456 -0.464723 0
vn 0.854419 -0.519584 0
vn 0.917211 -0.398401 0
vn 0.935016 -0.354605 0
vn 0.887885 -0.460065 0
vn 0.962917 -0.269797 0
vn 0.970942 -0.239316 0
vn 0.942261 -0.33488 0
vn 0.990686 -0.136167 0
vn 0.979084 -0.203456 0
vn 0.992709 -0.120537 0
vn 0.997669 0 -0.0682424
vn 1 0 0
vn 0.997669 -0.0682424 0
vn -1.83697e-16 -1 0
vn 0 0 -1
vn 1 0 6.12323e-17
vn 0.997669 -0 -0.0682424
vn 0.990686 -0 -0.136167
vn 0.979084 -0 -0.203456
vn 0.962917 -0 -0.269797
vn 0.942261 -0 -0.33488
vn 0.917211 -0 -0.398401
vn 0.887885 -0 -0.460065
vn 0.854419 -0 -0.519584
vn 0.81697 -0 -0.57668
vn 0.775711 -0 -0.631088
vn 0.730836 -0 -0.682553
vn 0.682553 -0 -0.730836
vn 0.631088 -0 -0.775711
vn 0.57668 -0 -0.81697
vn 0.519584 -0 -0.854419
vn 0.460065 -0 -0.887885
vn 0.398401 -0 -0.917211
vn 0.33488 -0 -0.942261
vn 0.269797 -0 -0.962917
vn 0.203456 -0 -0.979084
vn 0.136167 -0 -0.990686
vn 0.0682424 -0 -0.997669
vn 1.22465e-16 -0 -1
vn 1 1.22465e-16 0
vn 0.997669 -0.0682424 0
vn 0.990686 -0.136167 0
vn 0.992709 -0.120537 0
vn 0.997669 -0.0682424 0
vn 0.990686 -0.136167 0
vn 0.979084 -0.203456 0
vn 0.962917 -0.269797 0
vn 0.970942 -0.239316 0
vn 0.979084 -0.203456 0
vn 0.962917 -0.269797 0
vn 0.942261 -0.33488 0
vn 0.917211 -0.398401 0
vn 0.935016 -0.354605 0
vn 0.942261 -0.33488 0
vn 0.917211 -0.398401 0
vn 0.887885 -0.460065 0
vn 0.854419 -0.519584 0
vn 0.885456 -0.464723 0
vn 0.887885 -0.460065 0
vn 0.81697 -0.57668 0
vn 0.822984 -0.568065 0
vn 0.854419 -0.519584 0
vn 0.81697 -0.57668 0
vn 0.775711 -0.631088 0
vn 0.730836 -0.682553 0
vn 0.748511 -0.663123 0
vn 0.775711 -0.631088 0
vn 0.730836 -0.682553 0
vn 0.682553 -0.730836 0
vn 0.631088 -0.775711 0
vn 0.663123 -0.748511 0
vn 0.682553 -0.730836 0
vn 0.631088 -0.775711 0
vn 0.57668 -0.81697 0
vn 0.519584 -0.854419 0
vn 0.568065 -0.822984 0
vn 0.57668 -0.81697 0
vn 0.460065 -0.887885 0
vn 0.464723 -0.885456 0
vn 0.519584 -0.854419 0
vn 0.460065 -0.887885 0
vn 0.398401 -0.917211 0
vn 0.33488 -0.942261 0
vn 0.354605 -0.935016 0
vn 0.398401 -0.917211 0
vn 0.33488 -0.942261 0
vn 0.269797 -0.962917 0
vn 0.203456 -0.979084 0
vn 0.239316 -0.970942 0
vn 0.269797 -0.962917 0
vn 0.203456 -0.979084 0
vn 0.136167 -0.990686 0
vn 0.0682424 -0.997669 0
vn 0.120537 -0.992709 0
vn 0.136167 -0.990686 0
vn 0.0682424 -0.997669 0
vn 1.83697e-16 -1 0
vn -3.92862e-16 -0.997669 0.0682424
vn -3.90112e-16 -0.990686 0.136167
vn -3.85544e-16 -0.979084 0.203456
vn -3.79177e-16 -0.962917 0.269797
vn -3.71043e-16 -0.942261 0.33488
vn -3.61179e-16 -0.917211 0.398401
vn -3.49631e-16 -0.887885 0.460065
vn -3.36453e-16 -0.854419 0.519584
vn -3.21706e-16 -0.81697 0.57668
vn -3.0546e-16 -0.775711 0.631088
vn -2.87789e-16 -0.730836 0.682553
vn -2.68776e-16 -0.682553 0.730836
vn -2.4851e-16 -0.631088 0.775711
vn -2.27085e-16 -0.57668 0.81697
vn -2.04602e-16 -0.519584 0.854419
vn -1.81164e-16 -0.460065 0.887885
vn -1.56882e-16 -0.398401 0.917211
vn -1.31869e-16 -0.33488 0.942261
vn -1.06241e-16 -0.269797 0.962917
vn -8.01169e-17 -0.203456 0.979084
vn -5.36197e-17 -0.136167 0.990686
vn -2.68725e-17 -0.0682424 0.997669
vn -6.36169e-31 -1.61554e-15 1
vn -1 0 -1.83697e-16
vn -0.997669 -0 0.0682424
vn -0.990686 -0 0.136167
vn -0.979084 -0 0.203456
vn -0.962917 -0 0.269797
vn -0.942261 -0 0.33488
vn -0.917211 -0 0.398401
vn -0.887885 -0 0.460065
vn -0.854419 -0 0.519584
vn -0.81697 -0 0.57668
vn -0.775711 -0 0.631088
vn -0.730836 -0 0.682553
vn -0.682553 -0 0.730836
vn -0.631088 -0 0.775711
vn -0.57668 -0 0.81697
vn -0.519584 -0 0.854419
vn -0.460065 -0 0.887885
vn -0.398401 -0 0.917211
vn -0.33488 -0 0.942261
vn -0.269797 -0 0.962917
vn -0.203456 -0 0.979084
vn -0.136167 -0 0.990686
vn -0.0682424 -0 0.997669
vn -2.44929e-16 -0 1
vn -1 0 0
vn -0.997669 0.0682424 0
vn -0.990686 0.136167 0
vn -0.992709 0.120537 0
vn -0.997669 0.0682424 0
vn -0.990686 0.136167 0
vn -0.979084 0.203456 0
vn -0.962917 0.269797 0
vn -0.970942 0.239316 0
vn -0.979084 0.203456 0
vn -0.962917 0.269797 0
vn -0.942261 0.33488 0
vn -0.917211 0.398401 0
vn -0.935016 0.354605 0
vn -0.942261 0.33488 0
vn -0.917211 0.398401 0
vn -0.887885 0.460065 0
vn -0.854419 0.519584 0
vn -0.885456 0.464723 0
vn -0.887885 0.460065 0
vn -0.81697 0.57668 0
vn -0.822984 0.568065 0
vn -0.854419 0.519584 0
vn -0.81697 0.57668 0
vn -0.775711 0.631088 0
vn -0.730836 0.682553 0
vn -0.748511 0.663123 0
vn -0.775711 0.631088 0
vn -0.730836 0.682553 0
vn -0.682553 0.730836 0
vn -0.631088 0.775711 0
vn -0.663123 0.748511 0
vn -0.682553 0.730836 0
vn -0.631088 0.775711 0
vn -0.57668 0.81697 0
vn -0.519584 0.854419 0
vn -0.568065 0.822984 0
vn -0.57668 0.81697 0
vn -0.460065 0.887885 0
vn -0.464723 0.885456 0
vn -0.519584 0.854419 0
vn -0.460065 0.887885 0
vn -0.398401 0.917211 0
vn -0.33488 0.942261 0
vn -0.354605 0.935016 0
vn -0.398401 0.917211 0
vn -0.33488 0.942261 0
vn -0.269797 0.962917 0
vn -0.203456 0.979084 0
vn -0.239316 0.970942 0
vn -0.269797 0.962917 0
vn -0.203456 0.979084 0
vn -0.136167 0.990686 0
vn -0.0682424 0.997669 0
vn -0.120537 0.992709 0
vn -0.136167 0.990686 0
vn -0.0682424 0.997669 0
vn -6.12323e-17 1 0
vn 9.82155e-17 0.997669 -0.0682424
vn 9.75281e-17 0.990686 -0.136167
vn 9.63859e-17 0.979084 -0.203456
vn 9.47944e-17 0.962917 -0.269797
vn 9.27609e-17 0.942261 -0.33488
vn 9.02948e-17 0.917211 -0.398401
vn 8.74078e-17 0.887885 -0.460065
vn 8.41133e-17 0.854419 -0.519584
vn 8.04266e-17 0.81697 -0.57668
vn 7.63649e-17 0.775711 -0.631088
vn 7.19471e-17 0.730836 -0.682553
vn 6.71939e-17 0.682553 -0.730836
vn 6.21274e-17 0.631088 -0.775711
vn 5.67713e-17 0.57668 -0.81697
vn 5.11504e-17 0.519584 -0.854419
vn 4.52911e-17 0.460065 -0.887885
vn 3.92206e-17 0.398401 -0.917211
vn 3.29672e-17 0.33488 -0.942261
vn 2.65601e-17 0.269797 -0.962917
vn 2.00292e-17 0.203456 -0.979084
vn 1.34049e-17 0.136167 -0.990686
vn 6.71812e-18 0.0682424 -0.997669
vn 1.05521e-31 1.07188e-15 -1
vn 9.8445e-17 1 1.22465e-16
vn 0.136167 2.63034e-17 -0.990686
vn 0.0682424 1.31824e-17 -0.997669
vn 0.0677448 0.00822571 -0.997669
vn 0.135174 0.0164131 -0.990686
vn 0.0662594 0.0163315 -0.997669
vn 0.13221 0.0325868 -0.990686
vn 0.0638078 0.0241991 -0.997669
vn 0.127318 0.0482854 -0.990686
vn 0.0604257 0.0317138 -0.997669
vn 0.12057 0.0632798 -0.990686
vn 0.0561624 0.0387661 -0.997669
vn 0.112063 0.0773515 -0.990686
vn 0.0510802 0.0452531 -0.997669
vn 0.101922 0.0902952 -0.990686
vn 0.0452531 0.0510802 -0.997669
vn 0.0902952 0.101922 -0.990686
vn 0.0387661 0.0561624 -0.997669
vn 0.0773515 0.112063 -0.990686
vn 0.0317138 0.0604257 -0.997669
vn 0.0632798 0.12057 -0.990686
vn 0.0241991 0.0638078 -0.997669
vn 0.0482854 0.127318 -0.990686
vn 0.0163315 0.0662594 -0.997669
vn 0.0325868 0.13221 -0.990686
vn 0.00822571 0.0677448 -0.997669
vn 0.0164131 0.135174 -0.990686
vn 1.98881e-17 0.0682424 -0.997669
vn 0.203456 3.93018e-17 -0.979084
vn 0.201973 0.0245239 -0.979084
vn 0.197544 0.0486902 -0.979084
vn 0.190235 0.0721465 -0.979084
vn 0.180151 0.0945507 -0.979084
vn 0.167441 0.115576 -0.979084
vn 0.152289 0.134916 -0.979084
vn 0.134916 0.152289 -0.979084
vn 0.115576 0.167441 -0.979084
vn 0.0945507 0.180151 -0.979084
vn 0.0721465 0.190235 -0.979084
vn 0.0486902 0.197544 -0.979084
vn 0.0245239 0.201973 -0.979084
vn 3.96835e-17 0.136167 -0.990686
vn 0.269797 5.21169e-17 -0.962917
vn 0.26783 0.0325204 -0.962917
vn 0.261957 0.0645666 -0.962917
vn 0.252264 0.0956713 -0.962917
vn 0.238893 0.125381 -0.962917
vn 0.222038 0.153262 -0.962917
vn 0.201946 0.178908 -0.962917
vn 0.178908 0.201946 -0.962917
vn 0.153262 0.222038 -0.962917
vn 0.125381 0.238893 -0.962917
vn 0.0956713 0.252264 -0.962917
vn 0.0645666 0.261957 -0.962917
vn 0.0325204 0.26783 -0.962917
vn -9.00229e-18 0.203456 -0.979084
vn 0.33488 6.4689e-17 -0.942261
vn 0.332438 0.0403653 -0.942261
vn 0.325149 0.0801419 -0.942261
vn 0.313118 0.11875 -0.942261
vn 0.296521 0.155626 -0.942261
vn 0.275601 0.190233 -0.942261
vn 0.250661 0.222066 -0.942261
vn 0.222066 0.250661 -0.942261
vn 0.190233 0.275601 -0.942261
vn 0.155626 0.296521 -0.942261
vn 0.11875 0.313118 -0.942261
vn 0.0801419 0.325149 -0.942261
vn 0.0403653 0.332438 -0.942261
vn 1.03316e-17 0.269797 -0.962917
vn 0.398401 7.69595e-17 -0.917211
vn 0.395496 0.0480219 -0.917211
vn 0.386824 0.0953436 -0.917211
vn 0.372511 0.141275 -0.917211
vn 0.352767 0.185146 -0.917211
vn 0.327878 0.226318 -0.917211
vn 0.298207 0.264189 -0.917211
vn 0.264189 0.298207 -0.917211
vn 0.226318 0.327878 -0.917211
vn 0.185146 0.352767 -0.917211
vn 0.141275 0.372511 -0.917211
vn 0.0953436 0.386824 -0.917211
vn 0.0480219 0.395496 -0.917211
vn 2.9299e-17 0.33488 -0.942261
vn 0.460065 8.88711e-17 -0.887885
vn 0.456711 0.0554547 -0.887885
vn 0.446696 0.110101 -0.887885
vn 0.430168 0.163141 -0.887885
vn 0.407367 0.213803 -0.887885
vn 0.378626 0.261347 -0.887885
vn 0.344364 0.30508 -0.887885
vn 0.30508 0.344364 -0.887885
vn 0.261347 0.378626 -0.887885
vn 0.213803 0.407367 -0.887885
vn 0.163141 0.430168 -0.887885
vn 0.110101 0.446696 -0.887885
vn 0.0554547 0.456711 -0.887885
vn 4.78112e-17 0.398401 -0.917211
vn 0.519584 1.00368e-16 -0.854419
vn 0.515796 0.0626289 -0.854419
vn 0.504486 0.124345 -0.854419
vn 0.485819 0.184247 -0.854419
vn 0.460069 0.241463 -0.854419
vn 0.427609 0.295157 -0.854419
vn 0.388914 0.344548 -0.854419
vn 0.344548 0.388914 -0.854419
vn 0.295157 0.427609 -0.854419
vn 0.241463 0.460069 -0.854419
vn 0.184247 0.485819 -0.854419
vn 0.124345 0.504486 -0.854419
vn 0.0626289 0.515796 -0.854419
vn 6.57822e-17 0.460065 -0.887885
vn 0.57668 1.11398e-16 -0.81697
vn 0.572476 0.0695111 -0.81697
vn 0.559923 0.138009 -0.81697
vn 0.539205 0.204494 -0.81697
vn 0.510625 0.267997 -0.81697
vn 0.474599 0.327592 -0.81697
vn 0.431651 0.38241 -0.81697
vn 0.38241 0.431651 -0.81697
vn 0.327592 0.474599 -0.81697
vn 0.267997 0.510625 -0.81697
vn 0.204494 0.539205 -0.81697
vn 0.138009 0.559923 -0.81697
vn 0.0695111 0.572476 -0.81697
vn 8.3128e-17 0.519584 -0.854419
vn 0.631088 1.21908e-16 -0.775711
vn 0.626487 0.0760692 -0.775711
vn 0.61275 0.151029 -0.775711
vn 0.590077 0.223787 -0.775711
vn 0.558801 0.293281 -0.775711
vn 0.519375 0.358499 -0.775711
vn 0.472376 0.418489 -0.775711
vn 0.418489 0.472376 -0.775711
vn 0.358499 0.519375 -0.775711
vn 0.293281 0.558801 -0.775711
vn 0.223787 0.590077 -0.775711
vn 0.151029 0.61275 -0.775711
vn 0.0760692 0.626487 -0.775711
vn 3.14716e-17 0.57668 -0.81697
vn 0.682553 1.31849e-16 -0.730836
vn 0.677577 0.0822727 -0.730836
vn 0.662719 0.163346 -0.730836
vn 0.638198 0.242037 -0.730836
vn 0.604371 0.317198 -0.730836
vn 0.56173 0.387734 -0.730836
vn 0.510898 0.452616 -0.730836
vn 0.452616 0.510898 -0.730836
vn 0.387734 0.56173 -0.730836
vn 0.317198 0.604371 -0.730836
vn 0.242037 0.638198 -0.730836
vn 0.163346 0.662719 -0.730836
vn 0.0822727 0.677577 -0.730836
vn 4.73278e-17 0.631088 -0.775711
vn 0.730836 1.41176e-16 -0.682553
vn 0.725507 0.0880925 -0.682553
vn 0.709599 0.1749 -0.682553
vn 0.683343 0.259158 -0.682553
vn 0.647123 0.339636 -0.682553
vn 0.601466 0.415162 -0.682553
vn 0.547039 0.484634 -0.682553
vn 0.484634 0.547039 -0.682553
vn 0.415162 0.601466 -0.682553
vn 0.339636 0.647123 -0.682553
vn 0.259158 0.683343 -0.682553
vn 0.1749 0.709599 -0.682553
vn 0.0880925 0.725507 -0.682553
vn 6.23265e-17 0.682553 -0.730836
vn 0.775711 1.49845e-16 -0.631088
vn 0.770055 0.0935017 -0.631088
vn 0.753171 0.18564 -0.631088
vn 0.725303 0.275071 -0.631088
vn 0.686858 0.360491 -0.631088
vn 0.638398 0.440654 -0.631088
vn 0.580628 0.514392 -0.631088
vn 0.514392 0.580628 -0.631088
vn 0.440654 0.638398 -0.631088
vn 0.360491 0.686858 -0.631088
vn 0.275071 0.725303 -0.631088
vn 0.18564 0.753171 -0.631088
vn 0.0935017 0.770055 -0.631088
vn 7.63977e-17 0.730836 -0.682553
vn 0.81697 1.57815e-16 -0.57668
vn 0.811013 0.0984748 -0.57668
vn 0.79323 0.195514 -0.57668
vn 0.76388 0.289702 -0.57668
vn 0.723391 0.379665 -0.57668
vn 0.672353 0.464092 -0.57668
vn 0.611511 0.541751 -0.57668
vn 0.541751 0.611511 -0.57668
vn 0.464092 0.672353 -0.57668
vn 0.379665 0.723391 -0.57668
vn 0.289702 0.76388 -0.57668
vn 0.195514 0.79323 -0.57668
vn 0.0984748 0.811013 -0.57668
vn 8.94759e-17 0.775711 -0.631088
vn 0.854419 1.65049e-16 -0.519584
vn 0.84819 0.102989 -0.519584
vn 0.829592 0.204476 -0.519584
vn 0.798896 0.302981 -0.519584
vn 0.756551 0.397068 -0.519584
vn 0.703173 0.485366 -0.519584
vn 0.639542 0.566585 -0.519584
vn 0.566585 0.639542 -0.519584
vn 0.485366 0.703173 -0.519584
vn 0.397068 0.756551 -0.519584
vn 0.302981 0.798896 -0.519584
vn 0.204476 0.829592 -0.519584
vn 0.102989 0.84819 -0.519584
vn 1.015e-16 0.81697 -0.57668
vn 0.887885 1.71514e-16 -0.460065
vn 0.881412 0.107023 -0.460065
vn 0.862085 0.212485 -0.460065
vn 0.830187 0.314848 -0.460065
vn 0.786183 0.412621 -0.460065
vn 0.730715 0.504376 -0.460065
vn 0.664592 0.588777 -0.460065
vn 0.588777 0.664592 -0.460065
vn 0.504376 0.730715 -0.460065
vn 0.412621 0.786183 -0.460065
vn 0.314848 0.830187 -0.460065
vn 0.212485 0.862085 -0.460065
vn 0.107023 0.881412 -0.460065
vn 1.12414e-16 0.854419 -0.519584
vn 0.917211 1.77178e-16 -0.398401
vn 0.910524 0.110558 -0.398401
vn 0.890559 0.219503 -0.398401
vn 0.857607 0.325248 -0.398401
vn 0.81215 0.426249 -0.398401
vn 0.75485 0.521035 -0.398401
vn 0.686543 0.608224 -0.398401
vn 0.608224 0.686543 -0.398401
vn 0.521035 0.75485 -0.398401
vn 0.426249 0.81215 -0.398401
vn 0.325248 0.857607 -0.398401
vn 0.219503 0.890559 -0.398401
vn 0.110558 0.910524 -0.398401
vn 5.38709e-17 0.887885 -0.460065
vn 0.942261 1.82017e-16 -0.33488
vn 0.935391 0.113577 -0.33488
vn 0.914881 0.225498 -0.33488
vn 0.881029 0.33413 -0.33488
vn 0.834331 0.43789 -0.33488
vn 0.775466 0.535265 -0.33488
vn 0.705292 0.624835 -0.33488
vn 0.624835 0.705292 -0.33488
vn 0.535265 0.775466 -0.33488
vn 0.43789 0.834331 -0.33488
vn 0.33413 0.881029 -0.33488
vn 0.225498 0.914881 -0.33488
vn 0.113577 0.935391 -0.33488
vn 6.24175e-17 0.917211 -0.398401
vn 0.962917 1.86008e-16 -0.269797
vn 0.955897 0.116067 -0.269797
vn 0.934937 0.230441 -0.269797
vn 0.900343 0.341455 -0.269797
vn 0.852621 0.44749 -0.269797
vn 0.792465 0.546999 -0.269797
vn 0.720754 0.638532 -0.269797
vn 0.638532 0.720754 -0.269797
vn 0.546999 0.792465 -0.269797
vn 0.44749 0.852621 -0.269797
vn 0.341455 0.900343 -0.269797
vn 0.230441 0.934937 -0.269797
vn 0.116067 0.955897 -0.269797
vn 6.97178e-17 0.942261 -0.33488
vn 0.979084 1.8913e-16 -0.203456
vn 0.971945 0.118016 -0.203456
vn 0.950634 0.23431 -0.203456
vn 0.91546 0.347188 -0.203456
vn 0.866936 0.455003 -0.203456
vn 0.80577 0.556183 -0.203456
vn 0.732855 0.649253 -0.203456
vn 0.649253 0.732855 -0.203456
vn 0.556183 0.80577 -0.203456
vn 0.455003 0.866936 -0.203456
vn 0.347188 0.91546 -0.203456
vn 0.23431 0.950634 -0.203456
vn 0.118016 0.971945 -0.203456
vn 7.57378e-17 0.962917 -0.269797
vn 0.990686 1.91372e-16 -0.136167
vn 0.983463 0.119414 -0.136167
vn 0.961898 0.237087 -0.136167
vn 0.926307 0.351302 -0.136167
vn 0.877209 0.460395 -0.136167
vn 0.815319 0.562774 -0.136167
vn 0.741539 0.656946 -0.136167
vn 0.656946 0.741539 -0.136167
vn 0.562774 0.815319 -0.136167
vn 0.460395 0.877209 -0.136167
vn 0.351302 0.926307 -0.136167
vn 0.237087 0.961898 -0.136167
vn 0.119414 0.983463 -0.136167
vn 8.04493e-17 0.979084 -0.203456
vn 0.997669 1.9272e-16 -0.0682424
vn 0.990395 0.120256 -0.0682424
vn 0.968678 0.238758 -0.0682424
vn 0.932837 0.353778 -0.0682424
vn 0.883392 0.46364 -0.0682424
vn 0.821065 0.56674 -0.0682424
vn 0.746766 0.661577 -0.0682424
vn 0.661577 0.746766 -0.0682424
vn 0.56674 0.821065 -0.0682424
vn 0.46364 0.883392 -0.0682424
vn 0.353778 0.932837 -0.0682424
vn 0.238758 0.968678 -0.0682424
vn 0.120256 0.990395 -0.0682424
vn 8.38305e-17 0.990686 -0.136167
vn 0.997669 0.0682424 0
vn 0.992709 0.120537 0
vn 0.979084 0.203456 0
vn 0.970942 0.239316 0
vn 0.990686 0.136167 0
vn 0.942261 0.33488 0
vn 0.962917 0.269797 0
vn 0.935016 0.354605 0
vn 0.887885 0.460065 0
vn 0.917211 0.398401 0
vn 0.885456 0.464723 0
vn 0.854419 0.519584 0
vn 0.822984 0.568065 0
vn 0.775711 0.631088 0
vn 0.748511 0.663123 0
vn 0.81697 0.57668 0
vn 0.682553 0.730836 0
vn 0.663123 0.748511 0
vn 0.730836 0.682553 0
vn 0.57668 0.81697 0
vn 0.631088 0.775711 0
vn 0.568065 0.822984 0
vn 0.464723 0.885456 0
vn 0.519584 0.854419 0
vn 0.398401 0.917211 0
vn 0.354605 0.935016 0
vn 0.460065 0.887885 0
vn 0.269797 0.962917 0
vn 0.239316 0.970942 0
vn 0.33488 0.942261 0
vn 0.136167 0.990686 0
vn 0.203456 0.979084 0
vn 0.120537 0.992709 0
vn 8.58655e-17 0.997669 -0.0682424
vn 8.65449e-17 1 0
vn 0.0682424 0.997669 0
vn 1 1.93171e-16 -0
vn 0 6.82962e-17 -1
vn -6.12323e-17 1 0
vn 0.0682424 0.997669 0
vn 0.136167 0.990686 0
vn 0.120537 0.992709 0
vn 0.0682424 0.997669 0
vn 0.136167 0.990686 0
vn 0.203456 0.979084 0
vn 0.269797 0.962917 0
vn 0.239316 0.970942 0
vn 0.203456 0.979084 0
vn 0.269797 0.962917 0
vn 0.33488 0.942261 0
vn 0.398401 0.917211 0
vn 0.354605 0.935016 0
vn 0.33488 0.942261 0
vn 0.398401 0.917211 0
vn 0.460065 0.887885 0
vn 0.519584 0.854419 0
vn 0.464723 0.885456 0
vn 0.460065 0.887885 0
vn 0.57668 0.81697 0
vn 0.568065 0.822984 0
vn 0.519584 0.854419 0
vn 0.57668 0.81697 0
vn 0.631088 0.775711 0
vn 0.682553 0.730836 0
vn 0.663123 0.748511 0
vn 0.631088 0.775711 0
vn 0.682553 0.730836 0
vn 0.730836 0.682553 0
vn 0.775711 0.631088 0
vn 0.748511 0.663123 0
vn 0.730836 0.682553 0
vn 0.775711 0.631088 0
vn 0.81697 0.57668 0
vn 0.854419 0.519584 0
vn 0.822984 0.568065 0
vn 0.81697 0.57668 0
vn 0.887885 0.460065 0
vn 0.885456 0.464723 0
vn 0.854419 0.519584 0
vn 0.887885 0.460065 0
vn 0.917211 0.398401 0
vn 0.942261 0.33488 0
vn 0.935016 0.354605 0
vn 0.917211 0.398401 0
vn 0.942261 0.33488 0
vn 0.962917 0.269797 0
vn 0.979084 0.203456 0
vn 0.970942 0.239316 0
vn 0.962917 0.269797 0
vn 0.979084 0.203456 0
vn 0.990686 0.136167 0
vn 0.997669 0.0682424 0
vn 0.992709 0.120537 0
vn 0.990686 0.136167 0
vn 0.997669 0.0682424 0
vn 1 1.22465e-16 0
vn 0.997669 0 0.0682424
vn 0.990686 0 0.136167
vn 0.979084 0 0.203456
vn 0.962917 0 0.269797
vn 0.942261 0 0.33488
vn 0.917211 0 0.398401
vn 0.887885 0 0.460065
vn 0.854419 0 0.519584
vn 0.81697 0 0.57668
vn 0.775711 0 0.631088
vn 0.730836 0 0.682553
vn 0.682553 0 0.730836
vn 0.631088 0 0.775711
vn 0.57668 0 0.81697
vn 0.519584 0 0.854419
vn 0.460065 0 0.887885
vn 0.398401 0 0.917211
vn 0.33488 0 0.942261
vn 0.269797 0 0.962917
vn 0.203456 0 0.979084
vn 0.136167 0 0.990686
vn 0.0682424 0 0.997669
vn 1.22465e-16 0 1
vn -1.83269e-16 -0.997669 0.0682424
vn -1.83697e-16 -1 0
vn 0.0682424 -0.997669 0
vn 0.120256 -0.990395 0.0682424
vn 0.136167 -0.990686 0
vn 0.203456 -0.979084 0
vn 0.238758 -0.968678 0.0682424
vn 0.120537 -0.992709 0
vn 0.353778 -0.932837 0.0682424
vn 0.269797 -0.962917 0
vn 0.239316 -0.970942 0
vn 0.33488 -0.942261 0
vn 0.46364 -0.883392 0.0682424
vn 0.398401 -0.917211 0
vn 0.354605 -0.935016 0
vn 0.460065 -0.887885 0
vn 0.464723 -0.885456 0
vn 0.519584 -0.854419 0
vn 0.56674 -0.821065 0.0682424
vn 0.57668 -0.81697 0
vn 0.631088 -0.775711 0
vn 0.661577 -0.746766 0.0682424
vn 0.568065 -0.822984 0
vn 0.746766 -0.661577 0.0682424
vn 0.682553 -0.730836 0
vn 0.730836 -0.682553 0
vn 0.663123 -0.748511 0
vn 0.821065 -0.56674 0.0682424
vn 0.775711 -0.631088 0
vn 0.748511 -0.663123 0
vn 0.81697 -0.57668 0
vn 0.883392 -0.46364 0.0682424
vn 0.854419 -0.519584 0
vn 0.822984 -0.568065 0
vn 0.887885 -0.460065 0
vn 0.917211 -0.398401 0
vn 0.932837 -0.353778 0.0682424
vn 0.885456 -0.464723 0
vn 0.942261 -0.33488 0
vn 0.962917 -0.269797 0
vn 0.968678 -0.238758 0.0682424
vn 0.935016 -0.354605 0
vn 0.990395 -0.120256 0.0682424
vn 0.979084 -0.203456 0
vn 0.970942 -0.239316 0
vn 0.990686 -0.136167 0
vn 0.997669 0 0.0682424
vn 0.997669 -0.0682424 0
vn 0.992709 -0.120537 0
vn -1.81986e-16 -0.990686 0.136167
vn 0.119414 -0.983463 0.136167
vn 0.237087 -0.961898 0.136167
vn 0.351302 -0.926307 0.136167
vn 0.460395 -0.877209 0.136167
vn 0.562774 -0.815319 0.136167
vn 0.656946 -0.741539 0.136167
vn 0.741539 -0.656946 0.136167
vn 0.815319 -0.562774 0.136167
vn 0.877209 -0.460395 0.136167
vn 0.926307 -0.351302 0.136167
vn 0.961898 -0.237087 0.136167
vn 0.983463 -0.119414 0.136167
vn -1.79855e-16 -0.979084 0.203456
vn 0.118016 -0.971945 0.203456
vn 0.23431 -0.950634 0.203456
vn 0.347188 -0.91546 0.203456
vn 0.455003 -0.866936 0.203456
vn 0.556183 -0.80577 0.203456
vn 0.649253 -0.732855 0.203456
vn 0.732855 -0.649253 0.203456
vn 0.80577 -0.556183 0.203456
vn 0.866936 -0.455003 0.203456
vn 0.91546 -0.347188 0.203456
vn 0.950634 -0.23431 0.203456
vn 0.971945 -0.118016 0.203456
vn 0.990686 0 0.136167
vn -1.76885e-16 -0.962917 0.269797
vn 0.116067 -0.955897 0.269797
vn 0.230441 -0.934937 0.269797
vn 0.341455 -0.900343 0.269797
vn 0.44749 -0.852621 0.269797
vn 0.546999 -0.792465 0.269797
vn 0.638532 -0.720754 0.269797
vn 0.720754 -0.638532 0.269797
vn 0.792465 -0.546999 0.269797
vn 0.852621 -0.44749 0.269797
vn 0.900343 -0.341455 0.269797
vn 0.934937 -0.230441 0.269797
vn 0.955897 -0.116067 0.269797
vn 0.979084 0 0.203456
vn -1.73091e-16 -0.942261 0.33488
vn 0.113577 -0.935391 0.33488
vn 0.225498 -0.914881 0.33488
vn 0.33413 -0.881029 0.33488
vn 0.43789 -0.834331 0.33488
vn 0.535265 -0.775466 0.33488
vn 0.624835 -0.705292 0.33488
vn 0.705292 -0.624835 0.33488
vn 0.775466 -0.535265 0.33488
vn 0.834331 -0.43789 0.33488
vn 0.881029 -0.33413 0.33488
vn 0.914881 -0.225498 0.33488
vn 0.935391 -0.113577 0.33488
vn 0.962917 0 0.269797
vn -1.68489e-16 -0.917211 0.398401
vn 0.110558 -0.910524 0.398401
vn 0.219503 -0.890559 0.398401
vn 0.325248 -0.857607 0.398401
vn 0.426249 -0.81215 0.398401
vn 0.521035 -0.75485 0.398401
vn 0.608224 -0.686543 0.398401
vn 0.686543 -0.608224 0.398401
vn 0.75485 -0.521035 0.398401
vn 0.81215 -0.426249 0.398401
vn 0.857607 -0.325248 0.398401
vn 0.890559 -0.219503 0.398401
vn 0.910524 -0.110558 0.398401
vn 0.942261 0 0.33488
vn -1.63102e-16 -0.887885 0.460065
vn 0.107023 -0.881412 0.460065
vn 0.212485 -0.862085 0.460065
vn 0.314848 -0.830187 0.460065
vn 0.412621 -0.786183 0.460065
vn 0.504376 -0.730715 0.460065
vn 0.588777 -0.664592 0.460065
vn 0.664592 -0.588777 0.460065
vn 0.730715 -0.504376 0.460065
vn 0.786183 -0.412621 0.460065
vn 0.830187 -0.314848 0.460065
vn 0.862085 -0.212485 0.460065
vn 0.881412 -0.107023 0.460065
vn 0.917211 0 0.398401
vn -1.56954e-16 -0.854419 0.519584
vn 0.102989 -0.84819 0.519584
vn 0.204476 -0.829592 0.519584
vn 0.302981 -0.798896 0.519584
vn 0.397068 -0.756551 0.519584
vn 0.485366 -0.703173 0.519584
vn 0.566585 -0.639542 0.519584
vn 0.639542 -0.566585 0.519584
vn 0.703173 -0.485366 0.519584
vn 0.756551 -0.397068 0.519584
vn 0.798896 -0.302981 0.519584
vn 0.829592 -0.204476 0.519584
vn 0.84819 -0.102989 0.519584
vn 0.887885 0 0.460065
vn -1.50075e-16 -0.81697 0.57668
vn 0.0984748 -0.811013 0.57668
vn 0.195514 -0.79323 0.57668
vn 0.289702 -0.76388 0.57668
vn 0.379665 -0.723391 0.57668
vn 0.464092 -0.672353 0.57668
vn 0.541751 -0.611511 0.57668
vn 0.611511 -0.541751 0.57668
vn 0.672353 -0.464092 0.57668
vn 0.723391 -0.379665 0.57668
vn 0.76388 -0.289702 0.57668
vn 0.79323 -0.195514 0.57668
vn 0.811013 -0.0984748 0.57668
vn 0.854419 0 0.519584
vn -1.42496e-16 -0.775711 0.631088
vn 0.0935017 -0.770055 0.631088
vn 0.18564 -0.753171 0.631088
vn 0.275071 -0.725303 0.631088
vn 0.360491 -0.686858 0.631088
vn 0.440654 -0.638398 0.631088
vn 0.514392 -0.580628 0.631088
vn 0.580628 -0.514392 0.631088
vn 0.638398 -0.440654 0.631088
vn 0.686858 -0.360491 0.631088
vn 0.725303 -0.275071 0.631088
vn 0.753171 -0.18564 0.631088
vn 0.770055 -0.0935017 0.631088
vn 0.81697 0 0.57668
vn -1.34252e-16 -0.730836 0.682553
vn 0.0880925 -0.725507 0.682553
vn 0.1749 -0.709599 0.682553
vn 0.259158 -0.683343 0.682553
vn 0.339636 -0.647123 0.682553
vn 0.415162 -0.601466 0.682553
vn 0.484634 -0.547039 0.682553
vn 0.547039 -0.484634 0.682553
vn 0.601466 -0.415162 0.682553
vn 0.647123 -0.339636 0.682553
vn 0.683343 -0.259158 0.682553
vn 0.709599 -0.1749 0.682553
vn 0.725507 -0.0880925 0.682553
vn 0.775711 0 0.631088
vn -1.25383e-16 -0.682553 0.730836
vn 0.0822727 -0.677577 0.730836
vn 0.163346 -0.662719 0.730836
vn 0.242037 -0.638198 0.730836
vn 0.317198 -0.604371 0.730836
vn 0.387734 -0.56173 0.730836
vn 0.452616 -0.510898 0.730836
vn 0.510898 -0.452616 0.730836
vn 0.56173 -0.387734 0.730836
vn 0.604371 -0.317198 0.730836
vn 0.638198 -0.242037 0.730836
vn 0.662719 -0.163346 0.730836
vn 0.677577 -0.0822727 0.730836
vn 0.730836 0 0.682553
vn -1.15929e-16 -0.631088 0.775711
vn 0.0760692 -0.626487 0.775711
vn 0.151029 -0.61275 0.775711
vn 0.223787 -0.590077 0.775711
vn 0.293281 -0.558801 0.775711
vn 0.358499 -0.519375 0.775711
vn 0.418489 -0.472376 0.775711
vn 0.472376 -0.418489 0.775711
vn 0.519375 -0.358499 0.775711
vn 0.558801 -0.293281 0.775711
vn 0.590077 -0.223787 0.775711
vn 0.61275 -0.151029 0.775711
vn 0.626487 -0.0760692 0.775711
vn 0.682553 0 0.730836
vn -1.05934e-16 -0.57668 0.81697
vn 0.0695111 -0.572476 0.81697
vn 0.138009 -0.559923 0.81697
vn 0.204494 -0.539205 0.81697
vn 0.267997 -0.510625 0.81697
vn 0.327592 -0.474599 0.81697
vn 0.38241 -0.431651 0.81697
vn 0.431651 -0.38241 0.81697
vn 0.474599 -0.327592 0.81697
vn 0.510625 -0.267997 0.81697
vn 0.539205 -0.204494 0.81697
vn 0.559923 -0.138009 0.81697
vn 0.572476 -0.0695111 0.81697
vn 0.631088 0 0.775711
vn -9.5446e-17 -0.519584 0.854419
vn 0.0626289 -0.515796 0.854419
vn 0.124345 -0.504486 0.854419
vn 0.184247 -0.485819 0.854419
vn 0.241463 -0.460069 0.854419
vn 0.295157 -0.427609 0.854419
vn 0.344548 -0.388914 0.854419
vn 0.388914 -0.344548 0.854419
vn 0.427609 -0.295157 0.854419
vn 0.460069 -0.241463 0.854419
vn 0.485819 -0.184247 0.854419
vn 0.504486 -0.124345 0.854419
vn 0.515796 -0.0626289 0.854419
vn 0.57668 0 0.81697
vn -8.45126e-17 -0.460065 0.887885
vn 0.0554547 -0.456711 0.887885
vn 0.110101 -0.446696 0.887885
vn 0.163141 -0.430168 0.887885
vn 0.213803 -0.407367 0.887885
vn 0.261347 -0.378626 0.887885
vn 0.30508 -0.344364 0.887885
vn 0.344364 -0.30508 0.887885
vn 0.378626 -0.261347 0.887885
vn 0.407367 -0.213803 0.887885
vn 0.430168 -0.163141 0.887885
vn 0.446696 -0.110101 0.887885
vn 0.456711 -0.0554547 0.887885
vn 0.519584 0 0.854419
vn -7.31851e-17 -0.398401 0.917211
vn 0.0480219 -0.395496 0.917211
vn 0.0953436 -0.386824 0.917211
vn 0.141275 -0.372511 0.917211
vn 0.185146 -0.352767 0.917211
vn 0.226318 -0.327878 0.917211
vn 0.264189 -0.298207 0.917211
vn 0.298207 -0.264189 0.917211
vn 0.327878 -0.226318 0.917211
vn 0.352767 -0.185146 0.917211
vn 0.372511 -0.141275 0.917211
vn 0.386824 -0.0953436 0.917211
vn 0.395496 -0.0480219 0.917211
vn 0.460065 0 0.887885
vn -6.15164e-17 -0.33488 0.942261
vn 0.0403653 -0.332438 0.942261
vn 0.0801419 -0.325149 0.942261
vn 0.11875 -0.313118 0.942261
vn 0.155626 -0.296521 0.942261
vn 0.190233 -0.275601 0.942261
vn 0.222066 -0.250661 0.942261
vn 0.250661 -0.222066 0.942261
vn 0.275601 -0.190233 0.942261
vn 0.296521 -0.155626 0.942261
vn 0.313118 -0.11875 0.942261
vn 0.325149 -0.0801419 0.942261
vn 0.332438 -0.0403653 0.942261
vn 0.398401 0 0.917211
vn -4.95609e-17 -0.269797 0.962917
vn 0.0325204 -0.26783 0.962917
vn 0.0645666 -0.261957 0.962917
vn 0.0956713 -0.252264 0.962917
vn 0.125381 -0.238893 0.962917
vn 0.153262 -0.222038 0.962917
vn 0.178908 -0.201946 0.962917
vn 0.201946 -0.178908 0.962917
vn 0.222038 -0.153262 0.962917
vn 0.238893 -0.125381 0.962917
vn 0.252264 -0.0956713 0.962917
vn 0.261957 -0.0645666 0.962917
vn 0.26783 -0.0325204 0.962917
vn 0.33488 0 0.942261
vn -3.73743e-17 -0.203456 0.979084
vn 0.0245239 -0.201973 0.979084
vn 0.0486902 -0.197544 0.979084
vn 0.0721465 -0.190235 0.979084
vn 0.0945507 -0.180151 0.979084
vn 0.115576 -0.167441 0.979084
vn 0.134916 -0.152289 0.979084
vn 0.152289 -0.134916 0.979084
vn 0.167441 -0.115576 0.979084
vn 0.180151 -0.0945507 0.979084
vn 0.190235 -0.0721465 0.979084
vn 0.197544 -0.0486902 0.979084
vn 0.201973 -0.0245239 0.979084
vn 0.269797 0 0.962917
vn -2.50134e-17 -0.136167 0.990686
vn 0.0164131 -0.135174 0.990686
vn 0.0325868 -0.13221 0.990686
vn 0.0482854 -0.127318 0.990686
vn 0.0632798 -0.12057 0.990686
vn 0.0773515 -0.112063 0.990686
vn 0.0902952 -0.101922 0.990686
vn 0.101922 -0.0902952 0.990686
vn 0.112063 -0.0773515 0.990686
vn 0.12057 -0.0632798 0.990686
vn 0.127318 -0.0482854 0.990686
vn 0.13221 -0.0325868 0.990686
vn 0.135174 -0.0164131 0.990686
vn 0.203456 0 0.979084
vn -1.25359e-17 -0.0682424 0.997669
vn 0.00822571 -0.0677448 0.997669
vn 0.0163315 -0.0662594 0.997669
vn 0.0241991 -0.0638078 0.997669
vn 0.0317138 -0.0604257 0.997669
vn 0.0387661 -0.0561624 0.997669
vn 0.0452531 -0.0510802 0.997669
vn 0.0510802 -0.0452531 0.997669
vn 0.0561624 -0.0387661 0.997669
vn 0.0604257 -0.0317138 0.997669
vn 0.0638078 -0.0241991 0.997669
vn 0.0662594 -0.0163315 0.997669
vn 0.0677448 -0.00822571 0.997669
vn 0.136167 0 0.990686
vn 0 0 1
vn 0.0682424 0 0.997669
vn 1 0 0
vn 0.997669 1.9272e-16 0.0682424
vn 0.997669 0.0682424 0
vn 0.990395 0.120256 0.0682424
vn 0.990686 0.136167 0
vn 0.979084 0.203456 0
vn 0.968678 0.238758 0.0682424
vn 0.992709 0.120537 0
vn 0.932837 0.353778 0.0682424
vn 0.962917 0.269797 0
vn 0.970942 0.239316 0
vn 0.942261 0.33488 0
vn 0.883392 0.46364 0.0682424
vn 0.917211 0.398401 0
vn 0.935016 0.354605 0
vn 0.887885 0.460065 0
vn 0.885456 0.464723 0
vn 0.854419 0.519584 0
vn 0.821065 0.56674 0.0682424
vn 0.81697 0.57668 0
vn 0.775711 0.631088 0
vn 0.746766 0.661577 0.0682424
vn 0.822984 0.568065 0
vn 0.730836 0.682553 0
vn 0.682553 0.730836 0
vn 0.661577 0.746766 0.0682424
vn 0.748511 0.663123 0
vn 0.56674 0.821065 0.0682424
vn 0.631088 0.775711 0
vn 0.663123 0.748511 0
vn 0.57668 0.81697 0
vn 0.46364 0.883392 0.0682424
vn 0.519584 0.854419 0
vn 0.568065 0.822984 0
vn 0.460065 0.887885 0
vn 0.398401 0.917211 0
vn 0.353778 0.932837 0.0682424
vn 0.464723 0.885456 0
vn 0.33488 0.942261 0
vn 0.269797 0.962917 0
vn 0.238758 0.968678 0.0682424
vn 0.354605 0.935016 0
vn 0.120256 0.990395 0.0682424
vn 0.203456 0.979084 0
vn 0.239316 0.970942 0
vn 0.136167 0.990686 0
vn 8.58655e-17 0.997669 0.0682424
vn 0.0682424 0.997669 0
vn 0.120537 0.992709 0
vn 0.990686 1.91372e-16 0.136167
vn 0.983463 0.119414 0.136167
vn 0.961898 0.237087 0.136167
vn 0.926307 0.351302 0.136167
vn 0.877209 0.460395 0.136167
vn 0.815319 0.562774 0.136167
vn 0.741539 0.656946 0.136167
vn 0.656946 0.741539 0.136167
vn 0.562774 0.815319 0.136167
vn 0.460395 0.877209 0.136167
vn 0.351302 0.926307 0.136167
vn 0.237087 0.961898 0.136167
vn 0.119414 0.983463 0.136167
vn 0.979084 1.8913e-16 0.203456
vn 0.971945 0.118016 0.203456
vn 0.950634 0.23431 0.203456
vn 0.91546 0.347188 0.203456
vn 0.866936 0.455003 0.203456
vn 0.80577 0.556183 0.203456
vn 0.732855 0.649253 0.203456
vn 0.649253 0.732855 0.203456
vn 0.556183 0.80577 0.203456
vn 0.455003 0.866936 0.203456
vn 0.347188 0.91546 0.203456
vn 0.23431 0.950634 0.203456
vn 0.118016 0.971945 0.203456
vn 8.38305e-17 0.990686 0.136167
vn 0.962917 1.86008e-16 0.269797
vn 0.955897 0.116067 0.269797
vn 0.934937 0.230441 0.269797
vn 0.900343 0.341455 0.269797
vn 0.852621 0.44749 0.269797
vn 0.792465 0.546999 0.269797
vn 0.720754 0.638532 0.269797
vn 0.638532 0.720754 0.269797
vn 0.546999 0.792465 0.269797
vn 0.44749 0.852621 0.269797
vn 0.341455 0.900343 0.269797
vn 0.230441 0.934937 0.269797
vn 0.116067 0.955897 0.269797
vn 8.04493e-17 0.979084 0.203456
vn 0.942261 1.82017e-16 0.33488
vn 0.935391 0.113577 0.33488
vn 0.914881 0.225498 0.33488
vn 0.881029 0.33413 0.33488
vn 0.834331 0.43789 0.33488
vn 0.775466 0.535265 0.33488
vn 0.705292 0.624835 0.33488
vn 0.624835 0.705292 0.33488
vn 0.535265 0.775466 0.33488
vn 0.43789 0.834331 0.33488
vn 0.33413 0.881029 0.33488
vn 0.225498 0.914881 0.33488
vn 0.113577 0.935391 0.33488
vn 7.57378e-17 0.962917 0.269797
vn 0.917211 1.77178e-16 0.398401
vn 0.910524 0.110558 0.398401
vn 0.890559 0.219503 0.398401
vn 0.857607 0.325248 0.398401
vn 0.81215 0.426249 0.398401
vn 0.75485 0.521035 0.398401
vn 0.686543 0.608224 0.398401
vn 0.608224 0.686543 0.398401
vn 0.521035 0.75485 0.398401
vn 0.426249 0.81215 0.398401
vn 0.325248 0.857607 0.398401
vn 0.219503 0.890559 0.398401
vn 0.110558 0.910524 0.398401
vn 6.97178e-17 0.942261 0.33488
vn 0.887885 1.71514e-16 0.460065
vn 0.881412 0.107023 0.460065
vn 0.862085 0.212485 0.460065
vn 0.830187 0.314848 0.460065
vn 0.786183 0.412621 0.460065
vn 0.730715 0.504376 0.460065
vn 0.664592 0.588777 0.460065
vn 0.588777 0.664592 0.460065
vn 0.504376 0.730715 0.460065
vn 0.412621 0.786183 0.460065
vn 0.314848 0.830187 0.460065
vn 0.212485 0.862085 0.460065
vn 0.107023 0.881412 0.460065
vn 6.24175e-17 0.917211 0.398401
vn 0.854419 1.65049e-16 0.519584
vn 0.84819 0.102989 0.519584
vn 0.829592 0.204476 0.519584
vn 0.798896 0.302981 0.519584
vn 0.756551 0.397068 0.519584
vn 0.703173 0.485366 0.519584
vn 0.639542 0.566585 0.519584
vn 0.566585 0.639542 0.519584
vn 0.485366 0.703173 0.519584
vn 0.397068 0.756551 0.519584
vn 0.302981 0.798896 0.519584
vn 0.204476 0.829592 0.519584
vn 0.102989 0.84819 0.519584
vn 5.38709e-17 0.887885 0.460065
vn 0.81697 1.57815e-16 0.57668
vn 0.811013 0.0984748 0.57668
vn 0.79323 0.195514 0.57668
vn 0.76388 0.289702 0.57668
vn 0.723391 0.379665 0.57668
vn 0.672353 0.464092 0.57668
vn 0.611511 0.541751 0.57668
vn 0.541751 0.611511 0.57668
vn 0.464092 0.672353 0.57668
vn 0.379665 0.723391 0.57668
vn 0.289702 0.76388 0.57668
vn 0.195514 0.79323 0.57668
vn 0.0984748 0.811013 0.57668
vn 1.12414e-16 0.854419 0.519584
vn 0.775711 1.49845e-16 0.631088
vn 0.770055 0.0935017 0.631088
vn 0.753171 0.18564 0.631088
vn 0.725303 0.275071 0.631088
vn 0.686858 0.360491 0.631088
vn 0.638398 0.440654 0.631088
vn 0.580628 0.514392 0.631088
vn 0.514392 0.580628 0.631088
vn 0.440654 0.638398 0.631088
vn 0.360491 0.686858 0.631088
vn 0.275071 0.725303 0.631088
vn 0.18564 0.753171 0.631088
vn 0.0935017 0.770055 0.631088
vn 1.015e-16 0.81697 0.57668
vn 0.730836 1.41176e-16 0.682553
vn 0.725507 0.0880925 0.682553
vn 0.709599 0.1749 0.682553
vn 0.683343 0.259158 0.682553
vn 0.647123 0.339636 0.682553
vn 0.601466 0.415162 0.682553
vn 0.547039 0.484634 0.682553
vn 0.484634 0.547039 0.682553
vn 0.415162 0.601466 0.682553
vn 0.339636 0.647123 0.682553
vn 0.259158 0.683343 0.682553
vn 0.1749 0.709599 0.682553
vn 0.0880925 0.725507 0.682553
vn 8.94759e-17 0.775711 0.631088
vn 0.682553 1.31849e-16 0.730836
vn 0.677577 0.0822727 0.730836
vn 0.662719 0.163346 0.730836
vn 0.638198 0.242037 0.730836
vn 0.604371 0.317198 0.730836
vn 0.56173 0.387734 0.730836
vn 0.510898 0.452616 0.730836
vn 0.452616 0.510898 0.730836
vn 0.387734 0.56173 0.730836
vn 0.317198 0.604371 0.730836
vn 0.242037 0.638198 0.730836
vn 0.163346 0.662719 0.730836
vn 0.0822727 0.677577 0.730836
vn 7.63977e-17 0.730836 0.682553
vn 0.631088 1.21908e-16 0.775711
vn 0.626487 0.0760692 0.775711
vn 0.61275 0.151029 0.775711
vn 0.590077 0.223787 0.775711
vn 0.558801 0.293281 0.775711
vn 0.519375 0.358499 0.775711
vn 0.472376 0.418489 0.775711
vn 0.418489 0.472376 0.775711
vn 0.358499 0.519375 0.775711
vn 0.293281 0.558801 0.775711
vn 0.223787 0.590077 0.775711
vn 0.151029 0.61275 0.775711
vn 0.0760692 0.626487 0.775711
vn 6.23265e-17 0.682553 0.730836
vn 0.57668 1.11398e-16 0.81697
vn 0.572476 0.0695111 0.81697
vn 0.559923 0.138009 0.81697
vn 0.539205 0.204494 0.81697
vn 0.510625 0.267997 0.81697
vn 0.474599 0.327592 0.81697
vn 0.431651 0.38241 0.81697
vn 0.38241 0.431651 0.81697
vn 0.327592 0.474599 0.81697
vn 0.267997 0.510625 0.81697
vn 0.204494 0.539205 0.81697
vn 0.138009 0.559923 0.81697
vn 0.0695111 0.572476 0.81697
vn 4.73278e-17 0.631088 0.775711
vn 0.519584 1.00368e-16 0.854419
vn 0.515796 0.0626289 0.854419
vn 0.504486 0.124345 0.854419
vn 0.485819 0.184247 0.854419
vn 0.460069 0.241463 0.854419
vn 0.427609 0.295157 0.854419
vn 0.388914 0.344548 0.854419
vn 0.344548 0.388914 0.854419
vn 0.295157 0.427609 0.854419
vn 0.241463 0.460069 0.854419
vn 0.184247 0.485819 0.854419
vn 0.124345 0.504486 0.854419
vn 0.0626289 0.515796 0.854419
vn 3.14716e-17 0.57668 0.81697
vn 0.460065 8.88711e-17 0.887885
vn 0.456711 0.0554547 0.887885
vn 0.446696 0.110101 0.887885
vn 0.430168 0.163141 0.887885
vn 0.407367 0.213803 0.887885
vn 0.378626 0.261347 0.887885
vn 0.344364 0.30508 0.887885
vn 0.30508 0.344364 0.887885
vn 0.261347 0.378626 0.887885
vn 0.213803 0.407367 0.887885
vn 0.163141 0.430168 0.887885
vn 0.110101 0.446696 0.887885
vn 0.0554547 0.456711 0.887885
vn 8.3128e-17 0.519584 0.854419
vn 0.398401 7.69595e-17 0.917211
vn 0.395496 0.0480219 0.917211
vn 0.386824 0.0953436 0.917211
vn 0.372511 0.141275 0.917211
vn 0.352767 0.185146 0.917211
vn 0.327878 0.226318 0.917211
vn 0.298207 0.264189 0.917211
vn 0.264189 0.298207 0.917211
vn 0.226318 0.327878 0.917211
vn 0.185146 0.352767 0.917211
vn 0.141275 0.372511 0.917211
vn 0.0953436 0.386824 0.917211
vn 0.0480219 0.395496 0.917211
vn 6.57822e-17 0.460065 0.887885
vn 0.33488 6.4689e-17 0.942261
vn 0.332438 0.0403653 0.942261
vn 0.325149 0.0801419 0.942261
vn 0.313118 0.11875 0.942261
vn 0.296521 0.155626 0.942261
vn 0.275601 0.190233 0.942261
vn 0.250661 0.222066 0.942261
vn 0.222066 0.250661 0.942261
vn 0.190233 0.275601 0.942261
vn 0.155626 0.296521 0.942261
vn 0.11875 0.313118 0.942261
vn 0.0801419 0.325149 0.942261
vn 0.0403653 0.332438 0.942261
vn 4.78112e-17 0.398401 0.917211
vn 0.269797 5.21169e-17 0.962917
vn 0.26783 0.0325204 0.962917
vn 0.261957 0.0645666 0.962917
vn 0.252264 0.0956713 0.962917
vn 0.238893 0.125381 0.962917
vn 0.222038 0.153262 0.962917
vn 0.201946 0.178908 0.962917
vn 0.178908 0.201946 0.962917
vn 0.153262 0.222038 0.962917
vn 0.125381 0.238893 0.962917
vn 0.0956713 0.252264 0.962917
vn 0.0645666 0.261957 0.962917
vn 0.0325204 0.26783 0.962917
vn 2.9299e-17 0.33488 0.942261
vn 0.203456 3.93018e-17 0.979084
vn 0.201973 0.0245239 0.979084
vn 0.197544 0.0486902 0.979084
vn 0.190235 0.0721465 0.979084
vn 0.180151 0.0945507 0.979084
vn 0.167441 0.115576 0.979084
vn 0.152289 0.134916 0.979084
vn 0.134916 0.152289 0.979084
vn 0.115576 0.167441 0.979084
vn 0.0945507 0.180151 0.979084
vn 0.0721465 0.190235 0.979084
vn 0.0486902 0.197544 0.979084
vn 0.0245239 0.201973 0.979084
vn 1.03316e-17 0.269797 0.962917
vn 0.136167 2.63034e-17 0.990686
vn 0.135174 0.0164131 0.990686
vn 0.13221 0.0325868 0.990686
vn 0.127318 0.0482854 0.990686
vn 0.12057 0.0632798 0.990686
vn 0.112063 0.0773515 0.990686
vn 0.101922 0.0902952 0.990686
vn 0.0902952 0.101922 0.990686
vn 0.0773515 0.112063 0.990686
vn 0.0632798 0.12057 0.990686
vn 0.0482854 0.127318 0.990686
vn 0.0325868 0.13221 0.990686
vn 0.0164131 0.135174 0.990686
vn -9.00229e-18 0.203456 0.979084
vn 0.0682424 1.31824e-17 0.997669
vn 0.0677448 0.00822571 0.997669
vn 0.0662594 0.0163315 0.997669
vn 0.0638078 0.0241991 0.997669
vn 0.0604257 0.0317138 0.997669
vn 0.0561624 0.0387661 0.997669
vn 0.0510802 0.0452531 0.997669
vn 0.0452531 0.0510802 0.997669
vn 0.0387661 0.0561624 0.997669
vn 0.0317138 0.0604257 0.997669
vn 0.0241991 0.0638078 0.997669
vn 0.0163315 0.0662594 0.997669
vn 0.00822571 0.0677448 0.997669
vn 3.96835e-17 0.136167 0.990686
vn 0 6.82962e-17 1
vn 1.98881e-17 0.0682424 0.997669
vn 8.65449e-17 1 0
vn 9.82155e-17 0.997669 0.0682424
vn 9.75281e-17 0.990686 0.136167
vn 9.63859e-17 0.979084 0.203456
vn 9.47944e-17 0.962917 0.269797
vn 9.27609e-17 0.942261 0.33488
vn 9.02948e-17 0.917211 0.398401
vn 8.74078e-17 0.887885 0.460065
vn 8.41133e-17 0.854419 0.519584
vn 8.04266e-17 0.81697 0.57668
vn 7.63649e-17 0.775711 0.631088
vn 7.19471e-17 0.730836 0.682553
vn 6.71939e-17 0.682553 0.730836
vn 6.21274e-17 0.631088 0.775711
vn 5.67713e-17 0.57668 0.81697
vn 5.11504e-17 0.519584 0.854419
vn 4.52911e-17 0.460065 0.887885
vn 3.92206e-17 0.398401 0.917211
vn 3.29672e-17 0.33488 0.942261
vn 2.65601e-17 0.269797 0.962917
vn 2.00292e-17 0.203456 0.979084
vn 1.34049e-17 0.136167 0.990686
vn 6.71812e-18 0.0682424 0.997669
vn 6.02802e-33 6.12323e-17 1
vn 9.8445e-17 1 0
vn 6.10896e-17 0.997669 0.0682424
vn -0.0682424 0.997669 0
vn -0.120256 0.990395 0.0682424
vn -0.136167 0.990686 0
vn -0.203456 0.979084 0
vn -0.238758 0.968678 0.0682424
vn -0.120537 0.992709 0
vn -0.353778 0.932837 0.0682424
vn -0.269797 0.962917 0
vn -0.239316 0.970942 0
vn -0.33488 0.942261 0
vn -0.46364 0.883392 0.0682424
vn -0.398401 0.917211 0
vn -0.354605 0.935016 0
vn -0.460065 0.887885 0
vn -0.464723 0.885456 0
vn -0.519584 0.854419 0
vn -0.56674 0.821065 0.0682424
vn -0.57668 0.81697 0
vn -0.631088 0.775711 0
vn -0.661577 0.746766 0.0682424
vn -0.568065 0.822984 0
vn -0.682553 0.730836 0
vn -0.730836 0.682553 0
vn -0.746766 0.661577 0.0682424
vn -0.663123 0.748511 0
vn -0.821065 0.56674 0.0682424
vn -0.775711 0.631088 0
vn -0.748511 0.663123 0
vn -0.81697 0.57668 0
vn -0.883392 0.46364 0.0682424
vn -0.854419 0.519584 0
vn -0.822984 0.568065 0
vn -0.887885 0.460065 0
vn -0.917211 0.398401 0
vn -0.932837 0.353778 0.0682424
vn -0.885456 0.464723 0
vn -0.942261 0.33488 0
vn -0.962917 0.269797 0
vn -0.968678 0.238758 0.0682424
vn -0.935016 0.354605 0
vn -0.990395 0.120256 0.0682424
vn -0.979084 0.203456 0
vn -0.970942 0.239316 0
vn -0.990686 0.136167 0
vn -0.997669 0 0.0682424
vn -0.997669 0.0682424 0
vn -0.992709 0.120537 0
vn 6.0662e-17 0.990686 0.136167
vn -0.119414 0.983463 0.136167
vn -0.237087 0.961898 0.136167
vn -0.351302 0.926307 0.136167
vn -0.460395 0.877209 0.136167
vn -0.562774 0.815319 0.136167
vn -0.656946 0.741539 0.136167
vn -0.741539 0.656946 0.136167
vn -0.815319 0.562774 0.136167
vn -0.877209 0.460395 0.136167
vn -0.926307 0.351302 0.136167
vn -0.961898 0.237087 0.136167
vn -0.983463 0.119414 0.136167
vn 5.99516e-17 0.979084 0.203456
vn -0.118016 0.971945 0.203456
vn -0.23431 0.950634 0.203456
vn -0.347188 0.91546 0.203456
vn -0.455003 0.866936 0.203456
vn -0.556183 0.80577 0.203456
vn -0.649253 0.732855 0.203456
vn -0.732855 0.649253 0.203456
vn -0.80577 0.556183 0.203456
vn -0.866936 0.455003 0.203456
vn -0.91546 0.347188 0.203456
vn -0.950634 0.23431 0.203456
vn -0.971945 0.118016 0.203456
vn -0.990686 0 0.136167
vn 5.89617e-17 0.962917 0.269797
vn -0.116067 0.955897 0.269797
vn -0.230441 0.934937 0.269797
vn -0.341455 0.900343 0.269797
vn -0.44749 0.852621 0.269797
vn -0.546999 0.792465 0.269797
vn -0.638532 0.720754 0.269797
vn -0.720754 0.638532 0.269797
vn -0.792465 0.546999 0.269797
vn -0.852621 0.44749 0.269797
vn -0.900343 0.341455 0.269797
vn -0.934937 0.230441 0.269797
vn -0.955897 0.116067 0.269797
vn -0.979084 0 0.203456
vn 5.76968e-17 0.942261 0.33488
vn -0.113577 0.935391 0.33488
vn -0.225498 0.914881 0.33488
vn -0.33413 0.881029 0.33488
vn -0.43789 0.834331 0.33488
vn -0.535265 0.775466 0.33488
vn -0.624835 0.705292 0.33488
vn -0.705292 0.624835 0.33488
vn -0.775466 0.535265 0.33488
vn -0.834331 0.43789 0.33488
vn -0.881029 0.33413 0.33488
vn -0.914881 0.225498 0.33488
vn -0.935391 0.113577 0.33488
vn -0.962917 0 0.269797
vn 5.6163e-17 0.917211 0.398401
vn -0.110558 0.910524 0.398401
vn -0.219503 0.890559 0.398401
vn -0.325248 0.857607 0.398401
vn -0.426249 0.81215 0.398401
vn -0.521035 0.75485 0.398401
vn -0.608224 0.686543 0.398401
vn -0.686543 0.608224 0.398401
vn -0.75485 0.521035 0.398401
vn -0.81215 0.426249 0.398401
vn -0.857607 0.325248 0.398401
vn -0.890559 0.219503 0.398401
vn -0.910524 0.110558 0.398401
vn -0.942261 0 0.33488
vn 5.43673e-17 0.887885 0.460065
vn -0.107023 0.881412 0.460065
vn -0.212485 0.862085 0.460065
vn -0.314848 0.830187 0.460065
vn -0.412621 0.786183 0.460065
vn -0.504376 0.730715 0.460065
vn -0.588777 0.664592 0.460065
vn -0.664592 0.588777 0.460065
vn -0.730715 0.504376 0.460065
vn -0.786183 0.412621 0.460065
vn -0.830187 0.314848 0.460065
vn -0.862085 0.212485 0.460065
vn -0.881412 0.107023 0.460065
vn -0.917211 0 0.398401
vn 5.23181e-17 0.854419 0.519584
vn -0.102989 0.84819 0.519584
vn -0.204476 0.829592 0.519584
vn -0.302981 0.798896 0.519584
vn -0.397068 0.756551 0.519584
vn -0.485366 0.703173 0.519584
vn -0.566585 0.639542 0.519584
vn -0.639542 0.566585 0.519584
vn -0.703173 0.485366 0.519584
vn -0.756551 0.397068 0.519584
vn -0.798896 0.302981 0.519584
vn -0.829592 0.204476 0.519584
vn -0.84819 0.102989 0.519584
vn -0.887885 0 0.460065
vn 5.0025e-17 0.81697 0.57668
vn -0.0984748 0.811013 0.57668
vn -0.195514 0.79323 0.57668
vn -0.289702 0.76388 0.57668
vn -0.379665 0.723391 0.57668
vn -0.464092 0.672353 0.57668
vn -0.541751 0.611511 0.57668
vn -0.611511 0.541751 0.57668
vn -0.672353 0.464092 0.57668
vn -0.723391 0.379665 0.57668
vn -0.76388 0.289702 0.57668
vn -0.79323 0.195514 0.57668
vn -0.811013 0.0984748 0.57668
vn -0.854419 0 0.519584
vn 4.74986e-17 0.775711 0.631088
vn -0.0935017 0.770055 0.631088
vn -0.18564 0.753171 0.631088
vn -0.275071 0.725303 0.631088
vn -0.360491 0.686858 0.631088
vn -0.440654 0.638398 0.631088
vn -0.514392 0.580628 0.631088
vn -0.580628 0.514392 0.631088
vn -0.638398 0.440654 0.631088
vn -0.686858 0.360491 0.631088
vn -0.725303 0.275071 0.631088
vn -0.753171 0.18564 0.631088
vn -0.770055 0.0935017 0.631088
vn -0.81697 0 0.57668
vn 4.47508e-17 0.730836 0.682553
vn -0.0880925 0.725507 0.682553
vn -0.1749 0.709599 0.682553
vn -0.259158 0.683343 0.682553
vn -0.339636 0.647123 0.682553
vn -0.415162 0.601466 0.682553
vn -0.484634 0.547039 0.682553
vn -0.547039 0.484634 0.682553
vn -0.601466 0.415162 0.682553
vn -0.647123 0.339636 0.682553
vn -0.683343 0.259158 0.682553
vn -0.709599 0.1749 0.682553
vn -0.725507 0.0880925 0.682553
vn -0.775711 0 0.631088
vn 4.17943e-17 0.682553 0.730836
vn -0.0822727 0.677577 0.730836
vn -0.163346 0.662719 0.730836
vn -0.242037 0.638198 0.730836
vn -0.317198 0.604371 0.730836
vn -0.387734 0.56173 0.730836
vn -0.452616 0.510898 0.730836
vn -0.510898 0.452616 0.730836
vn -0.56173 0.387734 0.730836
vn -0.604371 0.317198 0.730836
vn -0.638198 0.242037 0.730836
vn -0.662719 0.163346 0.730836
vn -0.677577 0.0822727 0.730836
vn -0.730836 0 0.682553
vn 3.8643e-17 0.631088 0.775711
vn -0.0760692 0.626487 0.775711
vn -0.151029 0.61275 0.775711
vn -0.223787 0.590077 0.775711
vn -0.293281 0.558801 0.775711
vn -0.358499 0.519375 0.775711
vn -0.418489 0.472376 0.775711
vn -0.472376 0.418489 0.775711
vn -0.519375 0.358499 0.775711
vn -0.558801 0.293281 0.775711
vn -0.590077 0.223787 0.775711
vn -0.61275 0.151029 0.775711
vn -0.626487 0.0760692 0.775711
vn -0.682553 0 0.730836
vn 3.53115e-17 0.57668 0.81697
vn -0.0695111 0.572476 0.81697
vn -0.138009 0.559923 0.81697
vn -0.204494 0.539205 0.81697
vn -0.267997 0.510625 0.81697
vn -0.327592 0.474599 0.81697
vn -0.38241 0.431651 0.81697
vn -0.431651 0.38241 0.81697
vn -0.474599 0.327592 0.81697
vn -0.510625 0.267997 0.81697
vn -0.539205 0.204494 0.81697
vn -0.559923 0.138009 0.81697
vn -0.572476 0.0695111 0.81697
vn -0.631088 0 0.775711
vn 3.18153e-17 0.519584 0.854419
vn -0.0626289 0.515796 0.854419
vn -0.124345 0.504486 0.854419
vn -0.184247 0.485819 0.854419
vn -0.241463 0.460069 0.854419
vn -0.295157 0.427609 0.854419
vn -0.344548 0.388914 0.854419
vn -0.388914 0.344548 0.854419
vn -0.427609 0.295157 0.854419
vn -0.460069 0.241463 0.854419
vn -0.485819 0.184247 0.854419
vn -0.504486 0.124345 0.854419
vn -0.515796 0.0626289 0.854419
vn -0.57668 0 0.81697
vn 2.81709e-17 0.460065 0.887885
vn -0.0554547 0.456711 0.887885
vn -0.110101 0.446696 0.887885
vn -0.163141 0.430168 0.887885
vn -0.213803 0.407367 0.887885
vn -0.261347 0.378626 0.887885
vn -0.30508 0.344364 0.887885
vn -0.344364 0.30508 0.887885
vn -0.378626 0.261347 0.887885
vn -0.407367 0.213803 0.887885
vn -0.430168 0.163141 0.887885
vn -0.446696 0.110101 0.887885
vn -0.456711 0.0554547 0.887885
vn -0.519584 0 0.854419
vn 2.4395e-17 0.398401 0.917211
vn -0.0480219 0.395496 0.917211
vn -0.0953436 0.386824 0.917211
vn -0.141275 0.372511 0.917211
vn -0.185146 0.352767 0.917211
vn -0.226318 0.327878 0.917211
vn -0.264189 0.298207 0.917211
vn -0.298207 0.264189 0.917211
vn -0.327878 0.226318 0.917211
vn -0.352767 0.185146 0.917211
vn -0.372511 0.141275 0.917211
vn -0.386824 0.0953436 0.917211
vn -0.395496 0.0480219 0.917211
vn -0.460065 0 0.887885
vn 2.05055e-17 0.33488 0.942261
vn -0.0403653 0.332438 0.942261
vn -0.0801419 0.325149 0.942261
vn -0.11875 0.313118 0.942261
vn -0.155626 0.296521 0.942261
vn -0.190233 0.275601 0.942261
vn -0.222066 0.250661 0.942261
vn -0.250661 0.222066 0.942261
vn -0.275601 0.190233 0.942261
vn -0.296521 0.155626 0.942261
vn -0.313118 0.11875 0.942261
vn -0.325149 0.0801419 0.942261
vn -0.332438 0.0403653 0.942261
vn -0.398401 0 0.917211
vn 1.65203e-17 0.269797 0.962917
vn -0.0325204 0.26783 0.962917
vn -0.0645666 0.261957 0.962917
vn -0.0956713 0.252264 0.962917
vn -0.125381 0.238893 0.962917
vn -0.153262 0.222038 0.962917
vn -0.178908 0.201946 0.962917
vn -0.201946 0.178908 0.962917
vn -0.222038 0.153262 0.962917
vn -0.238893 0.125381 0.962917
vn -0.252264 0.0956713 0.962917
vn -0.261957 0.0645666 0.962917
vn -0.26783 0.0325204 0.962917
vn -0.33488 0 0.942261
vn 1.24581e-17 0.203456 0.979084
vn -0.0245239 0.201973 0.979084
vn -0.0486902 0.197544 0.979084
vn -0.0721465 0.190235 0.979084
vn -0.0945507 0.180151 0.979084
vn -0.115576 0.167441 0.979084
vn -0.134916 0.152289 0.979084
vn -0.152289 0.134916 0.979084
vn -0.167441 0.115576 0.979084
vn -0.180151 0.0945507 0.979084
vn -0.190235 0.0721465 0.979084
vn -0.197544 0.0486902 0.979084
vn -0.201973 0.0245239 0.979084
vn -0.269797 0 0.962917
vn 8.3378e-18 0.136167 0.990686
vn -0.0164131 0.135174 0.990686
vn -0.0325868 0.13221 0.990686
vn -0.0482854 0.127318 0.990686
vn -0.0632798 0.12057 0.990686
vn -0.0773515 0.112063 0.990686
vn -0.0902952 0.101922 0.990686
vn -0.101922 0.0902952 0.990686
vn -0.112063 0.0773515 0.990686
vn -0.12057 0.0632798 0.990686
vn -0.127318 0.0482854 0.990686
vn -0.13221 0.0325868 0.990686
vn -0.135174 0.0164131 0.990686
vn -0.203456 0 0.979084
vn 4.17864e-18 0.0682424 0.997669
vn -0.00822571 0.0677448 0.997669
vn -0.0163315 0.0662594 0.997669
vn -0.0241991 0.0638078 0.997669
vn -0.0317138 0.0604257 0.997669
vn -0.0387661 0.0561624 0.997669
vn -0.0452531 0.0510802 0.997669
vn -0.0510802 0.0452531 0.997669
vn -0.0561624 0.0387661 0.997669
vn -0.0604257 0.0317138 0.997669
vn -0.0638078 0.0241991 0.997669
vn -0.0662594 0.0163315 0.997669
vn -0.0677448 0.00822571 0.997669
vn -0.136167 0 0.990686
vn 0 0 1
vn -0.0682424 0 0.997669
vn -1 0 0
vn 9.8445e-17 1 -0
vn -0 -0 -1
vn -1 0 1.83697e-16
vn -0.997669 -0 -0.0682424
vn -0.990686 -0 -0.136167
vn -0.979084 -0 -0.203456
vn -0.962917 -0 -0.269797
vn -0.942261 -0 -0.33488
vn -0.917211 -0 -0.398401
vn -0.887885 -0 -0.460065
vn -0.854419 -0 -0.519584
vn -0.81697 -0 -0.57668
vn -0.775711 -0 -0.631088
vn -0.730836 -0 -0.682553
vn -0.682553 -0 -0.730836
vn -0.631088 -0 -0.775711
vn -0.57668 -0 -0.81697
vn -0.519584 -0 -0.854419
vn -0.460065 -0 -0.887885
vn -0.398401 -0 -0.917211
vn -0.33488 -0 -0.942261
vn -0.269797 -0 -0.962917
vn -0.203456 -0 -0.979084
vn -0.136167 -0 -0.990686
vn -0.0682424 -0 -0.997669
vn -2.44929e-16 -0 -1
vn 1 0 6.12323e-17
vn 0.997669 0 -0.0682424
vn 0.990686 0 -0.136167
vn 0.979084 0 -0.203456
vn 0.962917 0 -0.269797
vn 0.942261 0 -0.33488
vn 0.917211 0 -0.398401
vn 0.887885 0 -0.460065
vn 0.854419 0 -0.519584
vn 0.81697 0 -0.57668
vn 0.775711 0 -0.631088
vn 0.730836 0 -0.682553
vn 0.682553 0 -0.730836
vn 0.631088 0 -0.775711
vn 0.57668 0 -0.81697
vn 0.519584 0 -0.854419
vn 0.460065 0 -0.887885
vn 0.398401 0 -0.917211
vn 0.33488 0 -0.942261
vn 0.269797 0 -0.962917
vn 0.203456 0 -0.979084
vn 0.136167 0 -0.990686
vn 0.0682424 0 -0.997669
vn 1.22465e-16 0 -1
vn 1 0 -0
vn 0.997669 0 0.0682424
vn 0.990686 0 0.136167
vn 0.979084 0 0.203456
vn 0.962917 0 0.269797
vn 0.942261 0 0.33488
vn 0.917211 0 0.398401
vn 0.887885 0 0.460065
vn 0.854419 0 0.519584
vn 0.81697 0 0.57668
vn 0.775711 0 0.631088
vn 0.730836 0 0.682553
vn 0.682553 0 0.730836
vn 0.631088 0 0.775711
vn 0.57668 0 0.81697
vn 0.519584 0 0.854419
vn 0.460065 0 0.887885
vn 0.398401 0 0.917211
vn 0.33488 0 0.942261
vn 0.269797 0 0.962917
vn 0.203456 0 0.979084
vn 0.136167 0 0.990686
vn 0.0682424 0 0.997669
vn 1.22465e-16 0 1
vn 0 -1 0
vn 0 1 0
vn -1 0 -1.83697e-16
vn -0.997669 0 0.0682424
vn -0.990686 0 0.136167
vn -0.979084 0 0.203456
vn -0.962917 0 0.269797
vn -0.942261 0 0.33488
vn -0.917211 0 0.398401
vn -0.887885 0 0.460065
vn -0.854419 0 0.519584
vn -0.81697 0 0.57668
vn -0.775711 0 0.631088
vn -0.730836 0 0.682553
vn -0.682553 0 0.730836
vn -0.631088 0 0.775711
vn -0.57668 0 0.81697
vn -0.519584 0 0.854419
vn -0.460065 0 0.887885
vn -0.398401 0 0.917211
vn -0.33488 0 0.942261
vn -0.269797 0 0.962917
vn -0.203456 0 0.979084
vn -0.136167 0 0.990686
vn -0.0682424 0 0.997669
vn -2.44929e-16 0 1
vn -1 0 0
vt 3.14159 -1.43421
vt 3.14159 -1.5025
vt 3.26242 -1.5025
vt 3.26242 -1.43421
vt 3.38325 -1.5025
vt 3.38325 -1.43421
vt 3.50408 -1.5025
vt 3.50408 -1.43421
vt 3.62491 -1.5025
vt 3.62491 -1.43421
vt 3.74575 -1.5025
vt 3.74575 -1.43421
vt 3.86658 -1.5025
vt 3.86658 -1.43421
vt 3.98741 -1.5025
vt 3.98741 -1.43421
vt 4.10824 -1.5025
vt 4.10824 -1.43421
vt 4.22907 -1.5025
vt 4.22907 -1.43421
vt 4.3499 -1.5025
vt 4.3499 -1.43421
vt 4.47073 -1.5025
vt 4.47073 -1.43421
vt 4.59156 -1.5025
vt 4.59156 -1.43421
vt 4.71239 -1.5025
vt 3.14159 -1.36591
vt 3.26242 -1.36591
vt 3.38325 -1.36591
vt 3.50408 -1.36591
vt 3.62491 -1.36591
vt 3.74575 -1.36591
vt 3.86658 -1.36591
vt 3.98741 -1.36591
vt 4.10824 -1.36591
vt 4.22907 -1.36591
vt 4.3499 -1.36591
vt 4.47073 -1.36591
vt 4.59156 -1.36591
vt 4.71239 -1.43421
vt 3.14159 -1.29761
vt 3.26242 -1.29761
vt 3.38325 -1.29761
vt 3.50408 -1.29761
vt 3.62491 -1.29761
vt 3.74575 -1.29761
vt 3.86658 -1.29761
vt 3.98741 -1.29761
vt 4.10824 -1.29761
vt 4.22907 -1.29761
vt 4.3499 -1.29761
vt 4.47073 -1.29761
vt 4.59156 -1.29761
vt 4.71239 -1.36591
vt 3.14159 -1.22932
vt 3.26242 -1.22932
vt 3.38325 -1.22932
vt 3.50408 -1.22932
vt 3.62491 -1.22932
vt 3.74575 -1.22932
vt 3.86658 -1.22932
vt 3.98741 -1.22932
vt 4.10824 -1.22932
vt 4.22907 -1.22932
vt 4.3499 -1.22932
vt 4.47073 -1.22932
vt 4.59156 -1.22932
vt 4.71239 -1.29761
vt 3.14159 -1.16102
vt 3.26242 -1.16102
vt 3.38325 -1.16102
vt 3.50408 -1.16102
vt 3.62491 -1.16102
vt 3.74575 -1.16102
vt 3.86658 -1.16102
vt 3.98741 -1.16102
vt 4.10824 -1.16102
vt 4.22907 -1.16102
vt 4.3499 -1.16102
vt 4.47073 -1.16102
vt 4.59156 -1.16102
vt 4.71239 -1.22932
vt 3.14159 -1.09273
vt 3.26242 -1.09273
vt 3.38325 -1.09273
vt 3.50408 -1.09273
vt 3.62491 -1.09273
vt 3.74575 -1.09273
vt 3.86658 -1.09273
vt 3.98741 -1.09273
vt 4.10824 -1.09273
vt 4.22907 -1.09273
vt 4.3499 -1.09273
vt 4.47073 -1.09273
vt 4.59156 -1.09273
vt 4.71239 -1.16102
vt 3.14159 -1.02443
vt 3.26242 -1.02443
vt 3.38325 -1.02443
vt 3.50408 -1.02443
vt 3.62491 -1.02443
vt 3.74575 -1.02443
vt 3.86658 -1.02443
vt 3.98741 -1.02443
vt 4.10824 -1.02443
vt 4.22907 -1.02443
vt 4.3499 -1.02443
vt 4.47073 -1.02443
vt 4.59156 -1.02443
vt 4.71239 -1.09273
vt 3.14159 -0.956137
vt 3.26242 -0.956137
vt 3.38325 -0.956137
vt 3.50408 -0.956137
vt 3.62491 -0.956137
vt 3.74575 -0.956137
vt 3.86658 -0.956137
vt 3.98741 -0.956137
vt 4.10824 -0.956137
vt 4.22907 -0.956137
vt 4.3499 -0.956137
vt 4.47073 -0.956137
vt 4.59156 -0.956137
vt 4.71239 -1.02443
vt 3.14159 -0.887841
vt 3.26242 -0.887841
vt 3.38325 -0.887841
vt 3.50408 -0.887841
vt 3.62491 -0.887841
vt 3.74575 -0.887841
vt 3.86658 -0.887841
vt 3.98741 -0.887841
vt 4.10824 -0.887841
vt 4.22907 -0.887841
vt 4.3499 -0.887841
vt 4.47073 -0.887841
vt 4.59156 -0.887841
vt 4.71239 -0.956137
vt 3.14159 -0.819546
vt 3.26242 -0.819546
vt 3.38325 -0.819546
vt 3.50408 -0.819546
vt 3.62491 -0.819546
vt 3.74575 -0.819546
vt 3.86658 -0.819546
vt 3.98741 -0.819546
vt 4.10824 -0.819546
vt 4.22907 -0.819546
vt 4.3499 -0.819546
vt 4.47073 -0.819546
vt 4.59156 -0.819546
vt 4.71239 -0.887841
vt 3.14159 -0.75125
vt 3.26242 -0.75125
vt 3.38325 -0.75125
vt 3.50408 -0.75125
vt 3.62491 -0.75125
vt 3.74575 -0.75125
vt 3.86658 -0.75125
vt 3.98741 -0.75125
vt 4.10824 -0.75125
vt 4.22907 -0.75125
vt 4.3499 -0.75125
vt 4.47073 -0.75125
vt 4.59156 -0.75125
vt 4.71239 -0.819546
vt 3.14159 -0.682955
vt 3.26242 -0.682955
vt 3.38325 -0.682955
vt 3.50408 -0.682955
vt 3.62491 -0.682955
vt 3.74575 -0.682955
vt 3.86658 -0.682955
vt 3.98741 -0.682955
vt 4.10824 -0.682955
vt 4.22907 -0.682955
vt 4.3499 -0.682955
vt 4.47073 -0.682955
vt 4.59156 -0.682955
vt 4.71239 -0.75125
vt 3.14159 -0.614659
vt 3.26242 -0.614659
vt 3.38325 -0.614659
vt 3.50408 -0.614659
vt 3.62491 -0.614659
vt 3.74575 -0.614659
vt 3.86658 -0.614659
vt 3.98741 -0.614659
vt 4.10824 -0.614659
vt 4.22907 -0.614659
vt 4.3499 -0.614659
vt 4.47073 -0.614659
vt 4.59156 -0.614659
vt 4.71239 -0.682955
vt 3.14159 -0.546364
vt 3.26242 -0.546364
vt 3.38325 -0.546364
vt 3.50408 -0.546364
vt 3.62491 -0.546364
vt 3.74575 -0.546364
vt 3.86658 -0.546364
vt 3.98741 -0.546364
vt 4.10824 -0.546364
vt 4.22907 -0.546364
vt 4.3499 -0.546364
vt 4.47073 -0.546364
vt 4.59156 -0.546364
vt 4.71239 -0.614659
vt 3.14159 -0.478068
vt 3.26242 -0.478068
vt 3.38325 -0.478068
vt 3.50408 -0.478068
vt 3.62491 -0.478068
vt 3.74575 -0.478068
vt 3.86658 -0.478068
vt 3.98741 -0.478068
vt 4.10824 -0.478068
vt 4.22907 -0.478068
vt 4.3499 -0.478068
vt 4.47073 -0.478068
vt 4.59156 -0.478068
vt 4.71239 -0.546364
vt 3.14159 -0.409773
vt 3.26242 -0.409773
vt 3.38325 -0.409773
vt 3.50408 -0.409773
vt 3.62491 -0.409773
vt 3.74575 -0.409773
vt 3.86658 -0.409773
vt 3.98741 -0.409773
vt 4.10824 -0.409773
vt 4.22907 -0.409773
vt 4.3499 -0.409773
vt 4.47073 -0.409773
vt 4.59156 -0.409773
vt 4.71239 -0.478068
vt 3.14159 -0.341477
vt 3.26242 -0.341477
vt 3.38325 -0.341477
vt 3.50408 -0.341477
vt 3.62491 -0.341477
vt 3.74575 -0.341477
vt 3.86658 -0.341477
vt 3.98741 -0.341477
vt 4.10824 -0.341477
vt 4.22907 -0.341477
vt 4.3499 -0.341477
vt 4.47073 -0.341477
vt 4.59156 -0.341477
vt 4.71239 -0.409773
vt 3.14159 -0.273182
vt 3.26242 -0.273182
vt 3.38325 -0.273182
vt 3.50408 -0.273182
vt 3.62491 -0.273182
vt 3.74575 -0.273182
vt 3.86658 -0.273182
vt 3.98741 -0.273182
vt 4.10824 -0.273182
vt 4.22907 -0.273182
vt 4.3499 -0.273182
vt 4.47073 -0.273182
vt 4.59156 -0.273182
vt 4.71239 -0.341477
vt 3.14159 -0.204886
vt 3.26242 -0.204886
vt 3.38325 -0.204886
vt 3.50408 -0.204886
vt 3.62491 -0.204886
vt 3.74575 -0.204886
vt 3.86658 -0.204886
vt 3.98741 -0.204886
vt 4.10824 -0.204886
vt 4.22907 -0.204886
vt 4.3499 -0.204886
vt 4.47073 -0.204886
vt 4.59156 -0.204886
vt 4.71239 -0.273182
vt 3.14159 -0.136591
vt 3.26242 -0.136591
vt 3.38325 -0.136591
vt 3.50408 -0.136591
vt 3.62491 -0.136591
vt 3.74575 -0.136591
vt 3.86658 -0.136591
vt 3.98741 -0.136591
vt 4.10824 -0.136591
vt 4.22907 -0.136591
vt 4.3499 -0.136591
vt 4.47073 -0.136591
vt 4.59156 -0.136591
vt 4.71239 -0.204886
vt 3.14159 -0.0682955
vt 3.26242 -0.0682955
vt 3.38325 -0.0682955
vt 3.50408 -0.0682955
vt 3.62491 -0.0682955
vt 3.74575 -0.0682955
vt 3.86658 -0.0682955
vt 3.98741 -0.0682955
vt 4.10824 -0.0682955
vt 4.22907 -0.0682955
vt 4.3499 -0.0682955
vt 4.47073 -0.0682955
vt 4.59156 -0.0682955
vt 4.71239 -0.136591
vt 3.20989 0
vt 3.26242 0
vt 3.34648 0
vt 3.38325 0
vt 3.27818 0
vt 3.48307 0
vt 3.41477 0
vt 3.50408 0
vt 3.61966 0
vt 3.55137 0
vt 3.62491 0
vt 3.68796 0
vt 3.74575 0
vt 3.82455 0
vt 3.86658 0
vt 3.75625 0
vt 3.96114 0
vt 3.89284 0
vt 3.98741 0
vt 4.09773 0
vt 4.02943 0
vt 4.10824 0
vt 4.22907 0
vt 4.16603 0
vt 4.30262 0
vt 4.3499 0
vt 4.23432 0
vt 4.43921 0
vt 4.47073 0
vt 4.37091 0
vt 4.5758 0
vt 4.5075 0
vt 4.59156 0
vt 4.71239 -0.0682955
vt 4.71239 0
vt 4.64409 0
vt 3.14159 0
vt 4.65197 -1.5708
vt 4.53114 -1.5708
vt 4.41031 -1.5708
vt 4.28948 -1.5708
vt 4.16865 -1.5708
vt 4.04782 -1.5708
vt 3.92699 -1.5708
vt 3.80616 -1.5708
vt 3.68533 -1.5708
vt 3.5645 -1.5708
vt 3.44367 -1.5708
vt 3.32284 -1.5708
vt 3.20201 -1.5708
vt 4.71239 0.00833437
vt 4.71239 -0.0119062
vt 4.78068 -0.0119062
vt 4.78068 0.00833437
vt 4.84898 -0.0119062
vt 4.84898 0.00833437
vt 4.91728 -0.0119062
vt 4.91728 0.00833437
vt 4.98557 -0.0119062
vt 4.98557 0.00833437
vt 5.05387 -0.0119062
vt 5.05387 0.00833437
vt 5.12216 -0.0119062
vt 5.12216 0.00833437
vt 5.19046 -0.0119062
vt 5.19046 0.00833437
vt 5.25875 -0.0119062
vt 5.25875 0.00833437
vt 5.32705 -0.0119062
vt 5.32705 0.00833437
vt 5.39534 -0.0119062
vt 5.39534 0.00833437
vt 5.46364 -0.0119062
vt 5.46364 0.00833437
vt 5.53193 -0.0119062
vt 5.53193 0.00833437
vt 5.60023 -0.0119062
vt 5.60023 0.00833437
vt 5.66853 -0.0119062
vt 5.66853 0.00833437
vt 5.73682 -0.0119062
vt 5.73682 0.00833437
vt 5.80512 -0.0119062
vt 5.80512 0.00833437
vt 5.87341 -0.0119062
vt 5.87341 0.00833437
vt 5.94171 -0.0119062
vt 5.94171 0.00833437
vt 6.01 -0.0119062
vt 6.01 0.00833437
vt 6.0783 -0.0119062
vt 6.0783 0.00833437
vt 6.14659 -0.0119062
vt 6.14659 0.00833437
vt 6.21489 -0.0119062
vt 6.21489 0.00833437
vt 6.28319 -0.0119062
vt 6.28319 0.00833437
vt 3.14159 0.00801688
vt 3.14159 -0.00801688
vt 3.20989 -0.00801688
vt 3.20989 0.00801688
vt 3.27818 -0.00801688
vt 3.27818 0.00801688
vt 3.34648 -0.00801688
vt 3.34648 0.00801688
vt 3.41477 -0.00801688
vt 3.41477 0.00801688
vt 3.48307 -0.00801688
vt 3.48307 0.00801688
vt 3.55137 -0.00801688
vt 3.55137 0.00801688
vt 3.61966 -0.00801688
vt 3.61966 0.00801688
vt 3.68796 -0.00801688
vt 3.68796 0.00801688
vt 3.75625 -0.00801688
vt 3.75625 0.00801688
vt 3.82455 -0.00801688
vt 3.82455 0.00801688
vt 3.89284 -0.00801688
vt 3.89284 0.00801688
vt 3.96114 -0.00801688
vt 3.96114 0.00801688
vt 4.02943 -0.00801688
vt 4.02943 0.00801688
vt 4.09773 -0.00801688
vt 4.09773 0.00801688
vt 4.16603 -0.00801688
vt 4.16603 0.00801688
vt 4.23432 -0.00801688
vt 4.23432 0.00801688
vt 4.30262 -0.00801688
vt 4.30262 0.00801688
vt 4.37091 -0.00801688
vt 4.37091 0.00801688
vt 4.43921 -0.00801688
vt 4.43921 0.00801688
vt 4.5075 -0.00801688
vt 4.5075 0.00801688
vt 4.5758 -0.00801688
vt 4.5758 0.00801688
vt 4.64409 -0.00801688
vt 4.64409 0.00801688
vt 4.71239 -0.00801688
vt 4.71239 0.00801688
vt 4.71239 0.0047625
vt 4.71239 0.00079375
vt 4.78068 0.00079375
vt 4.84898 0.0047625
vt 4.83322 0.0047625
vt 4.83322 0.00079375
vt 4.78068 0.0047625
vt 4.84898 0.00079375
vt 4.91728 0.00079375
vt 4.98557 0.0047625
vt 4.95405 0.0047625
vt 4.95405 0.00079375
vt 4.91728 0.0047625
vt 4.98557 0.00079375
vt 5.05387 0.00079375
vt 5.12216 0.0047625
vt 5.07488 0.0047625
vt 5.07488 0.00079375
vt 5.05387 0.0047625
vt 5.12216 0.00079375
vt 5.19046 0.00079375
vt 5.25875 0.0047625
vt 5.19571 0.0047625
vt 5.19571 0.00079375
vt 5.19046 0.0047625
vt 5.32705 0.0047625
vt 5.31654 0.0047625
vt 5.31654 0.00079375
vt 5.25875 0.00079375
vt 5.32705 0.00079375
vt 5.39534 0.00079375
vt 5.43737 0.0047625
vt 5.43737 0.00079375
vt 5.46364 0.00079375
vt 5.39534 0.0047625
vt 5.46364 0.0047625
vt 5.53193 0.00079375
vt 5.60023 0.0047625
vt 5.5582 0.0047625
vt 5.5582 0.00079375
vt 5.53193 0.0047625
vt 5.60023 0.00079375
vt 5.66853 0.00079375
vt 5.73682 0.0047625
vt 5.67903 0.0047625
vt 5.67903 0.00079375
vt 5.66853 0.0047625
vt 5.80512 0.0047625
vt 5.79986 0.0047625
vt 5.79986 0.00079375
vt 5.73682 0.00079375
vt 5.80512 0.00079375
vt 5.87341 0.00079375
vt 5.94171 0.0047625
vt 5.92069 0.0047625
vt 5.92069 0.00079375
vt 5.87341 0.0047625
vt 5.94171 0.00079375
vt 6.01 0.00079375
vt 6.0783 0.0047625
vt 6.04152 0.0047625
vt 6.04152 0.00079375
vt 6.01 0.0047625
vt 6.0783 0.00079375
vt 6.14659 0.00079375
vt 6.21489 0.0047625
vt 6.16235 0.0047625
vt 6.16235 0.00079375
vt 6.14659 0.0047625
vt 6.21489 0.00079375
vt 6.28319 0.00079375
vt 6.28319 0.0047625
vt 0.00079375 -0.00833437
vt 0.00079375 0.0119062
vt 0.0047625 0.0119062
vt 0.0047625 -0.00833437
vt 1.5708 -1.43421
vt 1.5708 -1.5025
vt 1.69163 -1.5025
vt 1.69163 -1.43421
vt 1.81246 -1.5025
vt 1.81246 -1.43421
vt 1.93329 -1.5025
vt 1.93329 -1.43421
vt 2.05412 -1.5025
vt 2.05412 -1.43421
vt 2.17495 -1.5025
vt 2.17495 -1.43421
vt 2.29578 -1.5025
vt 2.29578 -1.43421
vt 2.41661 -1.5025
vt 2.41661 -1.43421
vt 2.53744 -1.5025
vt 2.53744 -1.43421
vt 2.65827 -1.5025
vt 2.65827 -1.43421
vt 2.7791 -1.5025
vt 2.7791 -1.43421
vt 2.89993 -1.5025
vt 2.89993 -1.43421
vt 3.02076 -1.5025
vt 3.02076 -1.43421
vt 3.14159 -1.5025
vt 1.5708 -1.36591
vt 1.69163 -1.36591
vt 1.81246 -1.36591
vt 1.93329 -1.36591
vt 2.05412 -1.36591
vt 2.17495 -1.36591
vt 2.29578 -1.36591
vt 2.41661 -1.36591
vt 2.53744 -1.36591
vt 2.65827 -1.36591
vt 2.7791 -1.36591
vt 2.89993 -1.36591
vt 3.02076 -1.36591
vt 3.14159 -1.43421
vt 1.5708 -1.29761
vt 1.69163 -1.29761
vt 1.81246 -1.29761
vt 1.93329 -1.29761
vt 2.05412 -1.29761
vt 2.17495 -1.29761
vt 2.29578 -1.29761
vt 2.41661 -1.29761
vt 2.53744 -1.29761
vt 2.65827 -1.29761
vt 2.7791 -1.29761
vt 2.89993 -1.29761
vt 3.02076 -1.29761
vt 3.14159 -1.36591
vt 1.5708 -1.22932
vt 1.69163 -1.22932
vt 1.81246 -1.22932
vt 1.93329 -1.22932
vt 2.05412 -1.22932
vt 2.17495 -1.22932
vt 2.29578 -1.22932
vt 2.41661 -1.22932
vt 2.53744 -1.22932
vt 2.65827 -1.22932
vt 2.7791 -1.22932
vt 2.89993 -1.22932
vt 3.02076 -1.22932
vt 3.14159 -1.29761
vt 1.5708 -1.16102
vt 1.69163 -1.16102
vt 1.81246 -1.16102
vt 1.93329 -1.16102
vt 2.05412 -1.16102
vt 2.17495 -1.16102
vt 2.29578 -1.16102
vt 2.41661 -1.16102
vt 2.53744 -1.16102
vt 2.65827 -1.16102
vt 2.7791 -1.16102
vt 2.89993 -1.16102
vt 3.02076 -1.16102
vt 3.14159 -1.22932
vt 1.5708 -1.09273
vt 1.69163 -1.09273
vt 1.81246 -1.09273
vt 1.93329 -1.09273
vt 2.05412 -1.09273
vt 2.17495 -1.09273
vt 2.29578 -1.09273
vt 2.41661 -1.09273
vt 2.53744 -1.09273
vt 2.65827 -1.09273
vt 2.7791 -1.09273
vt 2.89993 -1.09273
vt 3.02076 -1.09273
vt 3.14159 -1.16102
vt 1.5708 -1.02443
vt 1.69163 -1.02443
vt 1.81246 -1.02443
vt 1.93329 -1.02443
vt 2.05412 -1.02443
vt 2.17495 -1.02443
vt 2.29578 -1.02443
vt 2.41661 -1.02443
vt 2.53744 -1.02443
vt 2.65827 -1.02443
vt 2.7791 -1.02443
vt 2.89993 -1.02443
vt 3.02076 -1.02443
vt 3.14159 -1.09273
vt 1.5708 -0.956137
vt 1.69163 -0.956137
vt 1.81246 -0.956137
vt 1.93329 -0.956137
vt 2.05412 -0.956137
vt 2.17495 -0.956137
vt 2.29578 -0.956137
vt 2.41661 -0.956137
vt 2.53744 -0.956137
vt 2.65827 -0.956137
vt 2.7791 -0.956137
vt 2.89993 -0.956137
vt 3.02076 -0.956137
vt 3.14159 -1.02443
vt 1.5708 -0.887841
vt 1.69163 -0.887841
vt 1.81246 -0.887841
vt 1.93329 -0.887841
vt 2.05412 -0.887841
vt 2.17495 -0.887841
vt 2.29578 -0.887841
vt 2.41661 -0.887841
vt 2.53744 -0.887841
vt 2.65827 -0.887841
vt 2.7791 -0.887841
vt 2.89993 -0.887841
vt 3.02076 -0.887841
vt 3.14159 -0.956137
vt 1.5708 -0.819546
vt 1.69163 -0.819546
vt 1.81246 -0.819546
vt 1.93329 -0.819546
vt 2.05412 -0.819546
vt 2.17495 -0.819546
vt 2.29578 -0.819546
vt 2.41661 -0.819546
vt 2.53744 -0.819546
vt 2.65827 -0.819546
vt 2.7791 -0.819546
vt 2.89993 -0.819546
vt 3.02076 -0.819546
vt 3.14159 -0.887841
vt 1.5708 -0.75125
vt 1.69163 -0.75125
vt 1.81246 -0.75125
vt 1.93329 -0.75125
vt 2.05412 -0.75125
vt 2.17495 -0.75125
vt 2.29578 -0.75125
vt 2.41661 -0.75125
vt 2.53744 -0.75125
vt 2.65827 -0.75125
vt 2.7791 -0.75125
vt 2.89993 -0.75125
vt 3.02076 -0.75125
vt 3.14159 -0.819546
vt 1.5708 -0.682955
vt 1.69163 -0.682955
vt 1.81246 -0.682955
vt 1.93329 -0.682955
vt 2.05412 -0.682955
vt 2.17495 -0.682955
vt 2.29578 -0.682955
vt 2.41661 -0.682955
vt 2.53744 -0.682955
vt 2.65827 -0.682955
vt 2.7791 -0.682955
vt 2.89993 -0.682955
vt 3.02076 -0.682955
vt 3.14159 -0.75125
vt 1.5708 -0.614659
vt 1.69163 -0.614659
vt 1.81246 -0.614659
vt 1.93329 -0.614659
vt 2.05412 -0.614659
vt 2.17495 -0.614659
vt 2.29578 -0.614659
vt 2.41661 -0.614659
vt 2.53744 -0.614659
vt 2.65827 -0.614659
vt 2.7791 -0.614659
vt 2.89993 -0.614659
vt 3.02076 -0.614659
vt 3.14159 -0.682955
vt 1.5708 -0.546364
vt 1.69163 -0.546364
vt 1.81246 -0.546364
vt 1.93329 -0.546364
vt 2.05412 -0.546364
vt 2.17495 -0.546364
vt 2.29578 -0.546364
vt 2.41661 -0.546364
vt 2.53744 -0.546364
vt 2.65827 -0.546364
vt 2.7791 -0.546364
vt 2.89993 -0.546364
vt 3.02076 -0.546364
vt 3.14159 -0.614659
vt 1.5708 -0.478068
vt 1.69163 -0.478068
vt 1.81246 -0.478068
vt 1.93329 -0.478068
vt 2.05412 -0.478068
vt 2.17495 -0.478068
vt 2.29578 -0.478068
vt 2.41661 -0.478068
vt 2.53744 -0.478068
vt 2.65827 -0.478068
vt 2.7791 -0.478068
vt 2.89993 -0.478068
vt 3.02076 -0.478068
vt 3.14159 -0.546364
vt 1.5708 -0.409773
vt 1.69163 -0.409773
vt 1.81246 -0.409773
vt 1.93329 -0.409773
vt 2.05412 -0.409773
vt 2.17495 -0.409773
vt 2.29578 -0.409773
vt 2.41661 -0.409773
vt 2.53744 -0.409773
vt 2.65827 -0.409773
vt 2.7791 -0.409773
vt 2.89993 -0.409773
vt 3.02076 -0.409773
vt 3.14159 -0.478068
vt 1.5708 -0.341477
vt 1.69163 -0.341477
vt 1.81246 -0.341477
vt 1.93329 -0.341477
vt 2.05412 -0.341477
vt 2.17495 -0.341477
vt 2.29578 -0.341477
vt 2.41661 -0.341477
vt 2.53744 -0.341477
vt 2.65827 -0.341477
vt 2.7791 -0.341477
vt 2.89993 -0.341477
vt 3.02076 -0.341477
vt 3.14159 -0.409773
vt 1.5708 -0.273182
vt 1.69163 -0.273182
vt 1.81246 -0.273182
vt 1.93329 -0.273182
vt 2.05412 -0.273182
vt 2.17495 -0.273182
vt 2.29578 -0.273182
vt 2.41661 -0.273182
vt 2.53744 -0.273182
vt 2.65827 -0.273182
vt 2.7791 -0.273182
vt 2.89993 -0.273182
vt 3.02076 -0.273182
vt 3.14159 -0.341477
vt 1.5708 -0.204886
vt 1.69163 -0.204886
vt 1.81246 -0.204886
vt 1.93329 -0.204886
vt 2.05412 -0.204886
vt 2.17495 -0.204886
vt 2.29578 -0.204886
vt 2.41661 -0.204886
vt 2.53744 -0.204886
vt 2.65827 -0.204886
vt 2.7791 -0.204886
vt 2.89993 -0.204886
vt 3.02076 -0.204886
vt 3.14159 -0.273182
vt 1.5708 -0.136591
vt 1.69163 -0.136591
vt 1.81246 -0.136591
vt 1.93329 -0.136591
vt 2.05412 -0.136591
vt 2.17495 -0.136591
vt 2.29578 -0.136591
vt 2.41661 -0.136591
vt 2.53744 -0.136591
vt 2.65827 -0.136591
vt 2.7791 -0.136591
vt 2.89993 -0.136591
vt 3.02076 -0.136591
vt 3.14159 -0.204886
vt 1.5708 -0.0682955
vt 1.69163 -0.0682955
vt 1.81246 -0.0682955
vt 1.93329 -0.0682955
vt 2.05412 -0.0682955
vt 2.17495 -0.0682955
vt 2.29578 -0.0682955
vt 2.41661 -0.0682955
vt 2.53744 -0.0682955
vt 2.65827 -0.0682955
vt 2.7791 -0.0682955
vt 2.89993 -0.0682955
vt 3.02076 -0.0682955
vt 3.14159 -0.136591
vt 1.63909 0
vt 1.69163 0
vt 1.77568 0
vt 1.81246 0
vt 1.70739 0
vt 1.91227 0
vt 1.84398 0
vt 1.93329 0
vt 2.04886 0
vt 1.98057 0
vt 2.05412 0
vt 2.11716 0
vt 2.17495 0
vt 2.25375 0
vt 2.29578 0
vt 2.18546 0
vt 2.39034 0
vt 2.32205 0
vt 2.41661 0
vt 2.52693 0
vt 2.45864 0
vt 2.53744 0
vt 2.65827 0
vt 2.59523 0
vt 2.73182 0
vt 2.7791 0
vt 2.66352 0
vt 2.86841 0
vt 2.89993 0
vt 2.80012 0
vt 3.005 0
vt 2.93671 0
vt 3.02076 0
vt 3.14159 -0.0682955
vt 3.14159 0
vt 3.0733 0
vt 1.5708 0
vt 3.08118 -1.5708
vt 2.96035 -1.5708
vt 2.83952 -1.5708
vt 2.71869 -1.5708
vt 2.59786 -1.5708
vt 2.47702 -1.5708
vt 2.35619 -1.5708
vt 2.23536 -1.5708
vt 2.11453 -1.5708
vt 1.9937 -1.5708
vt 1.87287 -1.5708
vt 1.75204 -1.5708
vt 1.63121 -1.5708
vt 3.14159 0.0682955
vt 3.14159 0
vt 3.20989 0
vt 3.26242 0.0682955
vt 3.27818 0
vt 3.34648 0
vt 3.38325 0.0682955
vt 3.26242 0
vt 3.50408 0.0682955
vt 3.41477 0
vt 3.38325 0
vt 3.48307 0
vt 3.62491 0.0682955
vt 3.55137 0
vt 3.50408 0
vt 3.61966 0
vt 3.62491 0
vt 3.68796 0
vt 3.74575 0.0682955
vt 3.75625 0
vt 3.82455 0
vt 3.86658 0.0682955
vt 3.74575 0
vt 3.98741 0.0682955
vt 3.89284 0
vt 3.96114 0
vt 3.86658 0
vt 4.10824 0.0682955
vt 4.02943 0
vt 3.98741 0
vt 4.09773 0
vt 4.22907 0.0682955
vt 4.16603 0
vt 4.10824 0
vt 4.23432 0
vt 4.30262 0
vt 4.3499 0.0682955
vt 4.22907 0
vt 4.37091 0
vt 4.43921 0
vt 4.47073 0.0682955
vt 4.3499 0
vt 4.59156 0.0682955
vt 4.5075 0
vt 4.47073 0
vt 4.5758 0
vt 4.71239 0.0682955
vt 4.64409 0
vt 4.59156 0
vt 3.14159 0.136591
vt 3.26242 0.136591
vt 3.38325 0.136591
vt 3.50408 0.136591
vt 3.62491 0.136591
vt 3.74575 0.136591
vt 3.86658 0.136591
vt 3.98741 0.136591
vt 4.10824 0.136591
vt 4.22907 0.136591
vt 4.3499 0.136591
vt 4.47073 0.136591
vt 4.59156 0.136591
vt 3.14159 0.204886
vt 3.26242 0.204886
vt 3.38325 0.204886
vt 3.50408 0.204886
vt 3.62491 0.204886
vt 3.74575 0.204886
vt 3.86658 0.204886
vt 3.98741 0.204886
vt 4.10824 0.204886
vt 4.22907 0.204886
vt 4.3499 0.204886
vt 4.47073 0.204886
vt 4.59156 0.204886
vt 4.71239 0.136591
vt 3.14159 0.273182
vt 3.26242 0.273182
vt 3.38325 0.273182
vt 3.50408 0.273182
vt 3.62491 0.273182
vt 3.74575 0.273182
vt 3.86658 0.273182
vt 3.98741 0.273182
vt 4.10824 0.273182
vt 4.22907 0.273182
vt 4.3499 0.273182
vt 4.47073 0.273182
vt 4.59156 0.273182
vt 4.71239 0.204886
vt 3.14159 0.341477
vt 3.26242 0.341477
vt 3.38325 0.341477
vt 3.50408 0.341477
vt 3.62491 0.341477
vt 3.74575 0.341477
vt 3.86658 0.341477
vt 3.98741 0.341477
vt 4.10824 0.341477
vt 4.22907 0.341477
vt 4.3499 0.341477
vt 4.47073 0.341477
vt 4.59156 0.341477
vt 4.71239 0.273182
vt 3.14159 0.409773
vt 3.26242 0.409773
vt 3.38325 0.409773
vt 3.50408 0.409773
vt 3.62491 0.409773
vt 3.74575 0.409773
vt 3.86658 0.409773
vt 3.98741 0.409773
vt 4.10824 0.409773
vt 4.22907 0.409773
vt 4.3499 0.409773
vt 4.47073 0.409773
vt 4.59156 0.409773
vt 4.71239 0.341477
vt 3.14159 0.478068
vt 3.26242 0.478068
vt 3.38325 0.478068
vt 3.50408 0.478068
vt 3.62491 0.478068
vt 3.74575 0.478068
vt 3.86658 0.478068
vt 3.98741 0.478068
vt 4.10824 0.478068
vt 4.22907 0.478068
vt 4.3499 0.478068
vt 4.47073 0.478068
vt 4.59156 0.478068
vt 4.71239 0.409773
vt 3.14159 0.546364
vt 3.26242 0.546364
vt 3.38325 0.546364
vt 3.50408 0.546364
vt 3.62491 0.546364
vt 3.74575 0.546364
vt 3.86658 0.546364
vt 3.98741 0.546364
vt 4.10824 0.546364
vt 4.22907 0.546364
vt 4.3499 0.546364
vt 4.47073 0.546364
vt 4.59156 0.546364
vt 4.71239 0.478068
vt 3.14159 0.614659
vt 3.26242 0.614659
vt 3.38325 0.614659
vt 3.50408 0.614659
vt 3.62491 0.614659
vt 3.74575 0.614659
vt 3.86658 0.614659
vt 3.98741 0.614659
vt 4.10824 0.614659
vt 4.22907 0.614659
vt 4.3499 0.614659
vt 4.47073 0.614659
vt 4.59156 0.614659
vt 4.71239 0.546364
vt 3.14159 0.682955
vt 3.26242 0.682955
vt 3.38325 0.682955
vt 3.50408 0.682955
vt 3.62491 0.682955
vt 3.74575 0.682955
vt 3.86658 0.682955
vt 3.98741 0.682955
vt 4.10824 0.682955
vt 4.22907 0.682955
vt 4.3499 0.682955
vt 4.47073 0.682955
vt 4.59156 0.682955
vt 4.71239 0.614659
vt 3.14159 0.75125
vt 3.26242 0.75125
vt 3.38325 0.75125
vt 3.50408 0.75125
vt 3.62491 0.75125
vt 3.74575 0.75125
vt 3.86658 0.75125
vt 3.98741 0.75125
vt 4.10824 0.75125
vt 4.22907 0.75125
vt 4.3499 0.75125
vt 4.47073 0.75125
vt 4.59156 0.75125
vt 4.71239 0.682955
vt 3.14159 0.819546
vt 3.26242 0.819546
vt 3.38325 0.819546
vt 3.50408 0.819546
vt 3.62491 0.819546
vt 3.74575 0.819546
vt 3.86658 0.819546
vt 3.98741 0.819546
vt 4.10824 0.819546
vt 4.22907 0.819546
vt 4.3499 0.819546
vt 4.47073 0.819546
vt 4.59156 0.819546
vt 4.71239 0.75125
vt 3.14159 0.887841
vt 3.26242 0.887841
vt 3.38325 0.887841
vt 3.50408 0.887841
vt 3.62491 0.887841
vt 3.74575 0.887841
vt 3.86658 0.887841
vt 3.98741 0.887841
vt 4.10824 0.887841
vt 4.22907 0.887841
vt 4.3499 0.887841
vt 4.47073 0.887841
vt 4.59156 0.887841
vt 4.71239 0.819546
vt 3.14159 0.956137
vt 3.26242 0.956137
vt 3.38325 0.956137
vt 3.50408 0.956137
vt 3.62491 0.956137
vt 3.74575 0.956137
vt 3.86658 0.956137
vt 3.98741 0.956137
vt 4.10824 0.956137
vt 4.22907 0.956137
vt 4.3499 0.956137
vt 4.47073 0.956137
vt 4.59156 0.956137
vt 4.71239 0.887841
vt 3.14159 1.02443
vt 3.26242 1.02443
vt 3.38325 1.02443
vt 3.50408 1.02443
vt 3.62491 1.02443
vt 3.74575 1.02443
vt 3.86658 1.02443
vt 3.98741 1.02443
vt 4.10824 1.02443
vt 4.22907 1.02443
vt 4.3499 1.02443
vt 4.47073 1.02443
vt 4.59156 1.02443
vt 4.71239 0.956137
vt 3.14159 1.09273
vt 3.26242 1.09273
vt 3.38325 1.09273
vt 3.50408 1.09273
vt 3.62491 1.09273
vt 3.74575 1.09273
vt 3.86658 1.09273
vt 3.98741 1.09273
vt 4.10824 1.09273
vt 4.22907 1.09273
vt 4.3499 1.09273
vt 4.47073 1.09273
vt 4.59156 1.09273
vt 4.71239 1.02443
vt 3.14159 1.16102
vt 3.26242 1.16102
vt 3.38325 1.16102
vt 3.50408 1.16102
vt 3.62491 1.16102
vt 3.74575 1.16102
vt 3.86658 1.16102
vt 3.98741 1.16102
vt 4.10824 1.16102
vt 4.22907 1.16102
vt 4.3499 1.16102
vt 4.47073 1.16102
vt 4.59156 1.16102
vt 4.71239 1.09273
vt 3.14159 1.22932
vt 3.26242 1.22932
vt 3.38325 1.22932
vt 3.50408 1.22932
vt 3.62491 1.22932
vt 3.74575 1.22932
vt 3.86658 1.22932
vt 3.98741 1.22932
vt 4.10824 1.22932
vt 4.22907 1.22932
vt 4.3499 1.22932
vt 4.47073 1.22932
vt 4.59156 1.22932
vt 4.71239 1.16102
vt 3.14159 1.29761
vt 3.26242 1.29761
vt 3.38325 1.29761
vt 3.50408 1.29761
vt 3.62491 1.29761
vt 3.74575 1.29761
vt 3.86658 1.29761
vt 3.98741 1.29761
vt 4.10824 1.29761
vt 4.22907 1.29761
vt 4.3499 1.29761
vt 4.47073 1.29761
vt 4.59156 1.29761
vt 4.71239 1.22932
vt 3.14159 1.36591
vt 3.26242 1.36591
vt 3.38325 1.36591
vt 3.50408 1.36591
vt 3.62491 1.36591
vt 3.74575 1.36591
vt 3.86658 1.36591
vt 3.98741 1.36591
vt 4.10824 1.36591
vt 4.22907 1.36591
vt 4.3499 1.36591
vt 4.47073 1.36591
vt 4.59156 1.36591
vt 4.71239 1.29761
vt 3.14159 1.43421
vt 3.26242 1.43421
vt 3.38325 1.43421
vt 3.50408 1.43421
vt 3.62491 1.43421
vt 3.74575 1.43421
vt 3.86658 1.43421
vt 3.98741 1.43421
vt 4.10824 1.43421
vt 4.22907 1.43421
vt 4.3499 1.43421
vt 4.47073 1.43421
vt 4.59156 1.43421
vt 4.71239 1.36591
vt 3.14159 1.5025
vt 3.26242 1.5025
vt 3.38325 1.5025
vt 3.50408 1.5025
vt 3.62491 1.5025
vt 3.74575 1.5025
vt 3.86658 1.5025
vt 3.98741 1.5025
vt 4.10824 1.5025
vt 4.22907 1.5025
vt 4.3499 1.5025
vt 4.47073 1.5025
vt 4.59156 1.5025
vt 4.71239 1.43421
vt 4.65197 1.5708
vt 4.71239 1.5025
vt 4.53114 1.5708
vt 4.41031 1.5708
vt 4.28948 1.5708
vt 4.16865 1.5708
vt 4.04782 1.5708
vt 3.92699 1.5708
vt 3.80616 1.5708
vt 3.68533 1.5708
vt 3.5645 1.5708
vt 3.44367 1.5708
vt 3.32284 1.5708
vt 3.20201 1.5708
vt 4.71239 0
vt -0.00801688 -0.00079375
vt 0.00801688 -0.00079375
vt 0.00801688 -0.0047625
vt -0.00801688 -0.0047625
vt 4.71239 -1.43421
vt 4.71239 -1.5025
vt 4.83322 -1.5025
vt 4.83322 -1.43421
vt 4.95405 -1.5025
vt 4.95405 -1.43421
vt 5.07488 -1.5025
vt 5.07488 -1.43421
vt 5.19571 -1.5025
vt 5.19571 -1.43421
vt 5.31654 -1.5025
vt 5.31654 -1.43421
vt 5.43737 -1.5025
vt 5.43737 -1.43421
vt 5.5582 -1.5025
vt 5.5582 -1.43421
vt 5.67903 -1.5025
vt 5.67903 -1.43421
vt 5.79986 -1.5025
vt 5.79986 -1.43421
vt 5.92069 -1.5025
vt 5.92069 -1.43421
vt 6.04152 -1.5025
vt 6.04152 -1.43421
vt 6.16235 -1.5025
vt 6.16235 -1.43421
vt 6.28319 -1.5025
vt 4.71239 -1.36591
vt 4.83322 -1.36591
vt 4.95405 -1.36591
vt 5.07488 -1.36591
vt 5.19571 -1.36591
vt 5.31654 -1.36591
vt 5.43737 -1.36591
vt 5.5582 -1.36591
vt 5.67903 -1.36591
vt 5.79986 -1.36591
vt 5.92069 -1.36591
vt 6.04152 -1.36591
vt 6.16235 -1.36591
vt 6.28319 -1.43421
vt 4.71239 -1.29761
vt 4.83322 -1.29761
vt 4.95405 -1.29761
vt 5.07488 -1.29761
vt 5.19571 -1.29761
vt 5.31654 -1.29761
vt 5.43737 -1.29761
vt 5.5582 -1.29761
vt 5.67903 -1.29761
vt 5.79986 -1.29761
vt 5.92069 -1.29761
vt 6.04152 -1.29761
vt 6.16235 -1.29761
vt 6.28319 -1.36591
vt 4.71239 -1.22932
vt 4.83322 -1.22932
vt 4.95405 -1.22932
vt 5.07488 -1.22932
vt 5.19571 -1.22932
vt 5.31654 -1.22932
vt 5.43737 -1.22932
vt 5.5582 -1.22932
vt 5.67903 -1.22932
vt 5.79986 -1.22932
vt 5.92069 -1.22932
vt 6.04152 -1.22932
vt 6.16235 -1.22932
vt 6.28319 -1.29761
vt 4.71239 -1.16102
vt 4.83322 -1.16102
vt 4.95405 -1.16102
vt 5.07488 -1.16102
vt 5.19571 -1.16102
vt 5.31654 -1.16102
vt 5.43737 -1.16102
vt 5.5582 -1.16102
vt 5.67903 -1.16102
vt 5.79986 -1.16102
vt 5.92069 -1.16102
vt 6.04152 -1.16102
vt 6.16235 -1.16102
vt 6.28319 -1.22932
vt 4.71239 -1.09273
vt 4.83322 -1.09273
vt 4.95405 -1.09273
vt 5.07488 -1.09273
vt 5.19571 -1.09273
vt 5.31654 -1.09273
vt 5.43737 -1.09273
vt 5.5582 -1.09273
vt 5.67903 -1.09273
vt 5.79986 -1.09273
vt 5.92069 -1.09273
vt 6.04152 -1.09273
vt 6.16235 -1.09273
vt 6.28319 -1.16102
vt 4.71239 -1.02443
vt 4.83322 -1.02443
vt 4.95405 -1.02443
vt 5.07488 -1.02443
vt 5.19571 -1.02443
vt 5.31654 -1.02443
vt 5.43737 -1.02443
vt 5.5582 -1.02443
vt 5.67903 -1.02443
vt 5.79986 -1.02443
vt 5.92069 -1.02443
vt 6.04152 -1.02443
vt 6.16235 -1.02443
vt 6.28319 -1.09273
vt 4.71239 -0.956137
vt 4.83322 -0.956137
vt 4.95405 -0.956137
vt 5.07488 -0.956137
vt 5.19571 -0.956137
vt 5.31654 -0.956137
vt 5.43737 -0.956137
vt 5.5582 -0.956137
vt 5.67903 -0.956137
vt 5.79986 -0.956137
vt 5.92069 -0.956137
vt 6.04152 -0.956137
vt 6.16235 -0.956137
vt 6.28319 -1.02443
vt 4.71239 -0.887841
vt 4.83322 -0.887841
vt 4.95405 -0.887841
vt 5.07488 -0.887841
vt 5.19571 -0.887841
vt 5.31654 -0.887841
vt 5.43737 -0.887841
vt 5.5582 -0.887841
vt 5.67903 -0.887841
vt 5.79986 -0.887841
vt 5.92069 -0.887841
vt 6.04152 -0.887841
vt 6.16235 -0.887841
vt 6.28319 -0.956137
vt 4.71239 -0.819546
vt 4.83322 -0.819546
vt 4.95405 -0.819546
vt 5.07488 -0.819546
vt 5.19571 -0.819546
vt 5.31654 -0.819546
vt 5.43737 -0.819546
vt 5.5582 -0.819546
vt 5.67903 -0.819546
vt 5.79986 -0.819546
vt 5.92069 -0.819546
vt 6.04152 -0.819546
vt 6.16235 -0.819546
vt 6.28319 -0.887841
vt 4.71239 -0.75125
vt 4.83322 -0.75125
vt 4.95405 -0.75125
vt 5.07488 -0.75125
vt 5.19571 -0.75125
vt 5.31654 -0.75125
vt 5.43737 -0.75125
vt 5.5582 -0.75125
vt 5.67903 -0.75125
vt 5.79986 -0.75125
vt 5.92069 -0.75125
vt 6.04152 -0.75125
vt 6.16235 -0.75125
vt 6.28319 -0.819546
vt 4.71239 -0.682955
vt 4.83322 -0.682955
vt 4.95405 -0.682955
vt 5.07488 -0.682955
vt 5.19571 -0.682955
vt 5.31654 -0.682955
vt 5.43737 -0.682955
vt 5.5582 -0.682955
vt 5.67903 -0.682955
vt 5.79986 -0.682955
vt 5.92069 -0.682955
vt 6.04152 -0.682955
vt 6.16235 -0.682955
vt 6.28319 -0.75125
vt 4.71239 -0.614659
vt 4.83322 -0.614659
vt 4.95405 -0.614659
vt 5.07488 -0.614659
vt 5.19571 -0.614659
vt 5.31654 -0.614659
vt 5.43737 -0.614659
vt 5.5582 -0.614659
vt 5.67903 -0.614659
vt 5.79986 -0.614659
vt 5.92069 -0.614659
vt 6.04152 -0.614659
vt 6.16235 -0.614659
vt 6.28319 -0.682955
vt 4.71239 -0.546364
vt 4.83322 -0.546364
vt 4.95405 -0.546364
vt 5.07488 -0.546364
vt 5.19571 -0.546364
vt 5.31654 -0.546364
vt 5.43737 -0.546364
vt 5.5582 -0.546364
vt 5.67903 -0.546364
vt 5.79986 -0.546364
vt 5.92069 -0.546364
vt 6.04152 -0.546364
vt 6.16235 -0.546364
vt 6.28319 -0.614659
vt 4.71239 -0.478068
vt 4.83322 -0.478068
vt 4.95405 -0.478068
vt 5.07488 -0.478068
vt 5.19571 -0.478068
vt 5.31654 -0.478068
vt 5.43737 -0.478068
vt 5.5582 -0.478068
vt 5.67903 -0.478068
vt 5.79986 -0.478068
vt 5.92069 -0.478068
vt 6.04152 -0.478068
vt 6.16235 -0.478068
vt 6.28319 -0.546364
vt 4.71239 -0.409773
vt 4.83322 -0.409773
vt 4.95405 -0.409773
vt 5.07488 -0.409773
vt 5.19571 -0.409773
vt 5.31654 -0.409773
vt 5.43737 -0.409773
vt 5.5582 -0.409773
vt 5.67903 -0.409773
vt 5.79986 -0.409773
vt 5.92069 -0.409773
vt 6.04152 -0.409773
vt 6.16235 -0.409773
vt 6.28319 -0.478068
vt 4.71239 -0.341477
vt 4.83322 -0.341477
vt 4.95405 -0.341477
vt 5.07488 -0.341477
vt 5.19571 -0.341477
vt 5.31654 -0.341477
vt 5.43737 -0.341477
vt 5.5582 -0.341477
vt 5.67903 -0.341477
vt 5.79986 -0.341477
vt 5.92069 -0.341477
vt 6.04152 -0.341477
vt 6.16235 -0.341477
vt 6.28319 -0.409773
vt 4.71239 -0.273182
vt 4.83322 -0.273182
vt 4.95405 -0.273182
vt 5.07488 -0.273182
vt 5.19571 -0.273182
vt 5.31654 -0.273182
vt 5.43737 -0.273182
vt 5.5582 -0.273182
vt 5.67903 -0.273182
vt 5.79986 -0.273182
vt 5.92069 -0.273182
vt 6.04152 -0.273182
vt 6.16235 -0.273182
vt 6.28319 -0.341477
vt 4.71239 -0.204886
vt 4.83322 -0.204886
vt 4.95405 -0.204886
vt 5.07488 -0.204886
vt 5.19571 -0.204886
vt 5.31654 -0.204886
vt 5.43737 -0.204886
vt 5.5582 -0.204886
vt 5.67903 -0.204886
vt 5.79986 -0.204886
vt 5.92069 -0.204886
vt 6.04152 -0.204886
vt 6.16235 -0.204886
vt 6.28319 -0.273182
vt 4.71239 -0.136591
vt 4.83322 -0.136591
vt 4.95405 -0.136591
vt 5.07488 -0.136591
vt 5.19571 -0.136591
vt 5.31654 -0.136591
vt 5.43737 -0.136591
vt 5.5582 -0.136591
vt 5.67903 -0.136591
vt 5.79986 -0.136591
vt 5.92069 -0.136591
vt 6.04152 -0.136591
vt 6.16235 -0.136591
vt 6.28319 -0.204886
vt 4.71239 -0.0682955
vt 4.83322 -0.0682955
vt 4.95405 -0.0682955
vt 5.07488 -0.0682955
vt 5.19571 -0.0682955
vt 5.31654 -0.0682955
vt 5.43737 -0.0682955
vt 5.5582 -0.0682955
vt 5.67903 -0.0682955
vt 5.79986 -0.0682955
vt 5.92069 -0.0682955
vt 6.04152 -0.0682955
vt 6.16235 -0.0682955
vt 6.28319 -0.136591
vt 4.78068 0
vt 4.83322 0
vt 4.91728 0
vt 4.95405 0
vt 4.84898 0
vt 5.05387 0
vt 4.98557 0
vt 5.07488 0
vt 5.19046 0
vt 5.12216 0
vt 5.19571 0
vt 5.25875 0
vt 5.31654 0
vt 5.39534 0
vt 5.43737 0
vt 5.32705 0
vt 5.53193 0
vt 5.46364 0
vt 5.5582 0
vt 5.66853 0
vt 5.60023 0
vt 5.67903 0
vt 5.79986 0
vt 5.73682 0
vt 5.87341 0
vt 5.92069 0
vt 5.80512 0
vt 6.01 0
vt 6.04152 0
vt 5.94171 0
vt 6.14659 0
vt 6.0783 0
vt 6.16235 0
vt 6.28319 -0.0682955
vt 6.28319 0
vt 6.21489 0
vt 4.71239 0
vt 6.22277 -1.5708
vt 6.10194 -1.5708
vt 5.98111 -1.5708
vt 5.86028 -1.5708
vt 5.73945 -1.5708
vt 5.61862 -1.5708
vt 5.49779 -1.5708
vt 5.37696 -1.5708
vt 5.25613 -1.5708
vt 5.1353 -1.5708
vt 5.01447 -1.5708
vt 4.89363 -1.5708
vt 4.7728 -1.5708
vt 1.5708 0.0119062
vt 1.5708 -0.00833437
vt 1.63909 -0.00833437
vt 1.63909 0.0119062
vt 1.70739 -0.00833437
vt 1.70739 0.0119062
vt 1.77568 -0.00833437
vt 1.77568 0.0119062
vt 1.84398 -0.00833437
vt 1.84398 0.0119062
vt 1.91227 -0.00833437
vt 1.91227 0.0119062
vt 1.98057 -0.00833437
vt 1.98057 0.0119062
vt 2.04886 -0.00833437
vt 2.04886 0.0119062
vt 2.11716 -0.00833437
vt 2.11716 0.0119062
vt 2.18546 -0.00833437
vt 2.18546 0.0119062
vt 2.25375 -0.00833437
vt 2.25375 0.0119062
vt 2.32205 -0.00833437
vt 2.32205 0.0119062
vt 2.39034 -0.00833437
vt 2.39034 0.0119062
vt 2.45864 -0.00833437
vt 2.45864 0.0119062
vt 2.52693 -0.00833437
vt 2.52693 0.0119062
vt 2.59523 -0.00833437
vt 2.59523 0.0119062
vt 2.66352 -0.00833437
vt 2.66352 0.0119062
vt 2.73182 -0.00833437
vt 2.73182 0.0119062
vt 2.80012 -0.00833437
vt 2.80012 0.0119062
vt 2.86841 -0.00833437
vt 2.86841 0.0119062
vt 2.93671 -0.00833437
vt 2.93671 0.0119062
vt 3.005 -0.00833437
vt 3.005 0.0119062
vt 3.0733 -0.00833437
vt 3.0733 0.0119062
vt 3.14159 -0.00833437
vt 3.14159 0.0119062
vt 3.14159 0.0047625
vt 3.14159 0.00079375
vt 3.20989 0.00079375
vt 3.27818 0.0047625
vt 3.26242 0.0047625
vt 3.26242 0.00079375
vt 3.20989 0.0047625
vt 3.27818 0.00079375
vt 3.34648 0.00079375
vt 3.41477 0.0047625
vt 3.38325 0.0047625
vt 3.38325 0.00079375
vt 3.34648 0.0047625
vt 3.41477 0.00079375
vt 3.48307 0.00079375
vt 3.55137 0.0047625
vt 3.50408 0.0047625
vt 3.50408 0.00079375
vt 3.48307 0.0047625
vt 3.55137 0.00079375
vt 3.61966 0.00079375
vt 3.68796 0.0047625
vt 3.62491 0.0047625
vt 3.62491 0.00079375
vt 3.61966 0.0047625
vt 3.75625 0.0047625
vt 3.74575 0.0047625
vt 3.74575 0.00079375
vt 3.68796 0.00079375
vt 3.75625 0.00079375
vt 3.82455 0.00079375
vt 3.89284 0.0047625
vt 3.86658 0.0047625
vt 3.86658 0.00079375
vt 3.82455 0.0047625
vt 3.89284 0.00079375
vt 3.96114 0.00079375
vt 4.02943 0.0047625
vt 3.98741 0.0047625
vt 3.98741 0.00079375
vt 3.96114 0.0047625
vt 4.02943 0.00079375
vt 4.09773 0.00079375
vt 4.16603 0.0047625
vt 4.10824 0.0047625
vt 4.10824 0.00079375
vt 4.09773 0.0047625
vt 4.23432 0.0047625
vt 4.22907 0.0047625
vt 4.22907 0.00079375
vt 4.16603 0.00079375
vt 4.23432 0.00079375
vt 4.30262 0.00079375
vt 4.37091 0.0047625
vt 4.3499 0.0047625
vt 4.3499 0.00079375
vt 4.30262 0.0047625
vt 4.37091 0.00079375
vt 4.43921 0.00079375
vt 4.5075 0.0047625
vt 4.47073 0.0047625
vt 4.47073 0.00079375
vt 4.43921 0.0047625
vt 4.5075 0.00079375
vt 4.5758 0.00079375
vt 4.64409 0.0047625
vt 4.59156 0.0047625
vt 4.59156 0.00079375
vt 4.5758 0.0047625
vt 4.64409 0.00079375
vt 4.71239 0.00079375
vt 4.71239 0.0047625
vt 0 -0.0238125
vt 0 -0.0398462
vt 0.0682955 -0.0398462
vt 0.0682955 -0.0238125
vt 0.136591 -0.0398462
vt 0.136591 -0.0238125
vt 0.204886 -0.0398462
vt 0.204886 -0.0238125
vt 0.273182 -0.0398462
vt 0.273182 -0.0238125
vt 0.341477 -0.0398462
vt 0.341477 -0.0238125
vt 0.409773 -0.0398462
vt 0.409773 -0.0238125
vt 0.478068 -0.0398462
vt 0.478068 -0.0238125
vt 0.546364 -0.0398462
vt 0.546364 -0.0238125
vt 0.614659 -0.0398462
vt 0.614659 -0.0238125
vt 0.682955 -0.0398462
vt 0.682955 -0.0238125
vt 0.75125 -0.0398462
vt 0.75125 -0.0238125
vt 0.819546 -0.0398462
vt 0.819546 -0.0238125
vt 0.887841 -0.0398462
vt 0.887841 -0.0238125
vt 0.956137 -0.0398462
vt 0.956137 -0.0238125
vt 1.02443 -0.0398462
vt 1.02443 -0.0238125
vt 1.09273 -0.0398462
vt 1.09273 -0.0238125
vt 1.16102 -0.0398462
vt 1.16102 -0.0238125
vt 1.22932 -0.0398462
vt 1.22932 -0.0238125
vt 1.29761 -0.0398462
vt 1.29761 -0.0238125
vt 1.36591 -0.0398462
vt 1.36591 -0.0238125
vt 1.43421 -0.0398462
vt 1.43421 -0.0238125
vt 1.5025 -0.0398462
vt 1.5025 -0.0238125
vt 1.5708 -0.0398462
vt 1.5708 -0.0238125
vt 4.71239 -0.00587375
vt 4.71239 -0.0261144
vt 4.78068 -0.0261144
vt 4.78068 -0.00587375
vt 4.84898 -0.0261144
vt 4.84898 -0.00587375
vt 4.91728 -0.0261144
vt 4.91728 -0.00587375
vt 4.98557 -0.0261144
vt 4.98557 -0.00587375
vt 5.05387 -0.0261144
vt 5.05387 -0.00587375
vt 5.12216 -0.0261144
vt 5.12216 -0.00587375
vt 5.19046 -0.0261144
vt 5.19046 -0.00587375
vt 5.25875 -0.0261144
vt 5.25875 -0.00587375
vt 5.32705 -0.0261144
vt 5.32705 -0.00587375
vt 5.39534 -0.0261144
vt 5.39534 -0.00587375
vt 5.46364 -0.0261144
vt 5.46364 -0.00587375
vt 5.53193 -0.0261144
vt 5.53193 -0.00587375
vt 5.60023 -0.0261144
vt 5.60023 -0.00587375
vt 5.66853 -0.0261144
vt 5.66853 -0.00587375
vt 5.73682 -0.0261144
vt 5.73682 -0.00587375
vt 5.80512 -0.0261144
vt 5.80512 -0.00587375
vt 5.87341 -0.0261144
vt 5.87341 -0.00587375
vt 5.94171 -0.0261144
vt 5.94171 -0.00587375
vt 6.01 -0.0261144
vt 6.01 -0.00587375
vt 6.0783 -0.0261144
vt 6.0783 -0.00587375
vt 6.14659 -0.0261144
vt 6.14659 -0.00587375
vt 6.21489 -0.0261144
vt 6.21489 -0.00587375
vt 6.28319 -0.0261144
vt 6.28319 -0.00587375
vt 0 0.0047625
vt 0 0.00079375
vt 0.0682955 0.00079375
vt 0.136591 0.0047625
vt 0.12083 0.0047625
vt 0.12083 0.00079375
vt 0.0682955 0.0047625
vt 0.136591 0.00079375
vt 0.204886 0.00079375
vt 0.273182 0.0047625
vt 0.241661 0.0047625
vt 0.241661 0.00079375
vt 0.204886 0.0047625
vt 0.273182 0.00079375
vt 0.341477 0.00079375
vt 0.409773 0.0047625
vt 0.362491 0.0047625
vt 0.362491 0.00079375
vt 0.341477 0.0047625
vt 0.409773 0.00079375
vt 0.478068 0.00079375
vt 0.546364 0.0047625
vt 0.483322 0.0047625
vt 0.483322 0.00079375
vt 0.478068 0.0047625
vt 0.614659 0.0047625
vt 0.604152 0.0047625
vt 0.604152 0.00079375
vt 0.546364 0.00079375
vt 0.614659 0.00079375
vt 0.682955 0.00079375
vt 0.75125 0.0047625
vt 0.724983 0.0047625
vt 0.724983 0.00079375
vt 0.682955 0.0047625
vt 0.75125 0.00079375
vt 0.819546 0.00079375
vt 0.887841 0.0047625
vt 0.845813 0.0047625
vt 0.845813 0.00079375
vt 0.819546 0.0047625
vt 0.887841 0.00079375
vt 0.956137 0.00079375
vt 1.02443 0.0047625
vt 0.966644 0.0047625
vt 0.966644 0.00079375
vt 0.956137 0.0047625
vt 1.09273 0.0047625
vt 1.08747 0.0047625
vt 1.08747 0.00079375
vt 1.02443 0.00079375
vt 1.09273 0.00079375
vt 1.16102 0.00079375
vt 1.22932 0.0047625
vt 1.2083 0.0047625
vt 1.2083 0.00079375
vt 1.16102 0.0047625
vt 1.22932 0.00079375
vt 1.29761 0.00079375
vt 1.36591 0.0047625
vt 1.32914 0.0047625
vt 1.32914 0.00079375
vt 1.29761 0.0047625
vt 1.36591 0.00079375
vt 1.43421 0.00079375
vt 1.5025 0.0047625
vt 1.44997 0.0047625
vt 1.44997 0.00079375
vt 1.43421 0.0047625
vt 1.5025 0.00079375
vt 1.5708 0.00079375
vt 1.5708 0.0047625
vt 3.20989 0.00801688
vt 3.14159 0.00642937
vt 3.14159 -0.00627063
vt 3.20989 -0.00801688
vt 3.14159 0.00801688
vt 3.27818 -0.00801688
vt 3.27818 0.00801688
vt 3.34648 -0.00801688
vt 3.34648 0.00801688
vt 3.41477 -0.00801688
vt 3.41477 0.00801688
vt 3.48307 -0.00801688
vt 3.48307 0.00801688
vt 3.55137 -0.00801688
vt 3.55137 0.00801688
vt 3.61966 -0.00801688
vt 3.61966 0.00801688
vt 3.68796 -0.00801688
vt 3.68796 0.00801688
vt 3.75625 -0.00801688
vt 3.75625 0.00801688
vt 3.82455 -0.00801688
vt 3.82455 0.00801688
vt 3.89284 -0.00801688
vt 3.89284 0.00801688
vt 3.96114 -0.00801688
vt 3.96114 0.00801688
vt 4.02943 -0.00801688
vt 4.02943 0.00801688
vt 4.09773 -0.00801688
vt 4.09773 0.00801688
vt 4.16603 -0.00801688
vt 4.16603 0.00801688
vt 4.23432 -0.00801688
vt 4.23432 0.00801688
vt 4.30262 -0.00801688
vt 4.30262 0.00801688
vt 4.37091 -0.00801688
vt 4.37091 0.00801688
vt 4.43921 -0.00801688
vt 4.43921 0.00801688
vt 4.5075 -0.00801688
vt 4.5075 0.00801688
vt 4.5758 -0.00801688
vt 4.5758 0.00801688
vt 4.64409 -0.00801688
vt 4.64409 0.00801688
vt 4.71239 -0.00801688
vt 4.71239 0.00801688
vt 3.14159 -0.00801688
vt 1.93171e-16 -1.43421
vt 1.93171e-16 -1.5025
vt 0.12083 -1.5025
vt 0.12083 -1.43421
vt 0.241661 -1.5025
vt 0.241661 -1.43421
vt 0.362491 -1.5025
vt 0.362491 -1.43421
vt 0.483322 -1.5025
vt 0.483322 -1.43421
vt 0.604152 -1.5025
vt 0.604152 -1.43421
vt 0.724983 -1.5025
vt 0.724983 -1.43421
vt 0.845813 -1.5025
vt 0.845813 -1.43421
vt 0.966644 -1.5025
vt 0.966644 -1.43421
vt 1.08747 -1.5025
vt 1.08747 -1.43421
vt 1.2083 -1.5025
vt 1.2083 -1.43421
vt 1.32914 -1.5025
vt 1.32914 -1.43421
vt 1.44997 -1.5025
vt 1.44997 -1.43421
vt 1.5708 -1.5025
vt 1.93171e-16 -1.36591
vt 0.12083 -1.36591
vt 0.241661 -1.36591
vt 0.362491 -1.36591
vt 0.483322 -1.36591
vt 0.604152 -1.36591
vt 0.724983 -1.36591
vt 0.845813 -1.36591
vt 0.966644 -1.36591
vt 1.08747 -1.36591
vt 1.2083 -1.36591
vt 1.32914 -1.36591
vt 1.44997 -1.36591
vt 1.5708 -1.43421
vt 1.93171e-16 -1.29761
vt 0.12083 -1.29761
vt 0.241661 -1.29761
vt 0.362491 -1.29761
vt 0.483322 -1.29761
vt 0.604152 -1.29761
vt 0.724983 -1.29761
vt 0.845813 -1.29761
vt 0.966644 -1.29761
vt 1.08747 -1.29761
vt 1.2083 -1.29761
vt 1.32914 -1.29761
vt 1.44997 -1.29761
vt 1.5708 -1.36591
vt 1.93171e-16 -1.22932
vt 0.12083 -1.22932
vt 0.241661 -1.22932
vt 0.362491 -1.22932
vt 0.483322 -1.22932
vt 0.604152 -1.22932
vt 0.724983 -1.22932
vt 0.845813 -1.22932
vt 0.966644 -1.22932
vt 1.08747 -1.22932
vt 1.2083 -1.22932
vt 1.32914 -1.22932
vt 1.44997 -1.22932
vt 1.5708 -1.29761
vt 1.93171e-16 -1.16102
vt 0.12083 -1.16102
vt 0.241661 -1.16102
vt 0.362491 -1.16102
vt 0.483322 -1.16102
vt 0.604152 -1.16102
vt 0.724983 -1.16102
vt 0.845813 -1.16102
vt 0.966644 -1.16102
vt 1.08747 -1.16102
vt 1.2083 -1.16102
vt 1.32914 -1.16102
vt 1.44997 -1.16102
vt 1.5708 -1.22932
vt 1.93171e-16 -1.09273
vt 0.12083 -1.09273
vt 0.241661 -1.09273
vt 0.362491 -1.09273
vt 0.483322 -1.09273
vt 0.604152 -1.09273
vt 0.724983 -1.09273
vt 0.845813 -1.09273
vt 0.966644 -1.09273
vt 1.08747 -1.09273
vt 1.2083 -1.09273
vt 1.32914 -1.09273
vt 1.44997 -1.09273
vt 1.5708 -1.16102
vt 1.93171e-16 -1.02443
vt 0.12083 -1.02443
vt 0.241661 -1.02443
vt 0.362491 -1.02443
vt 0.483322 -1.02443
vt 0.604152 -1.02443
vt 0.724983 -1.02443
vt 0.845813 -1.02443
vt 0.966644 -1.02443
vt 1.08747 -1.02443
vt 1.2083 -1.02443
vt 1.32914 -1.02443
vt 1.44997 -1.02443
vt 1.5708 -1.09273
vt 1.93171e-16 -0.956137
vt 0.12083 -0.956137
vt 0.241661 -0.956137
vt 0.362491 -0.956137
vt 0.483322 -0.956137
vt 0.604152 -0.956137
vt 0.724983 -0.956137
vt 0.845813 -0.956137
vt 0.966644 -0.956137
vt 1.08747 -0.956137
vt 1.2083 -0.956137
vt 1.32914 -0.956137
vt 1.44997 -0.956137
vt 1.5708 -1.02443
vt 1.93171e-16 -0.887841
vt 0.12083 -0.887841
vt 0.241661 -0.887841
vt 0.362491 -0.887841
vt 0.483322 -0.887841
vt 0.604152 -0.887841
vt 0.724983 -0.887841
vt 0.845813 -0.887841
vt 0.966644 -0.887841
vt 1.08747 -0.887841
vt 1.2083 -0.887841
vt 1.32914 -0.887841
vt 1.44997 -0.887841
vt 1.5708 -0.956137
vt 1.93171e-16 -0.819546
vt 0.12083 -0.819546
vt 0.241661 -0.819546
vt 0.362491 -0.819546
vt 0.483322 -0.819546
vt 0.604152 -0.819546
vt 0.724983 -0.819546
vt 0.845813 -0.819546
vt 0.966644 -0.819546
vt 1.08747 -0.819546
vt 1.2083 -0.819546
vt 1.32914 -0.819546
vt 1.44997 -0.819546
vt 1.5708 -0.887841
vt 1.93171e-16 -0.75125
vt 0.12083 -0.75125
vt 0.241661 -0.75125
vt 0.362491 -0.75125
vt 0.483322 -0.75125
vt 0.604152 -0.75125
vt 0.724983 -0.75125
vt 0.845813 -0.75125
vt 0.966644 -0.75125
vt 1.08747 -0.75125
vt 1.2083 -0.75125
vt 1.32914 -0.75125
vt 1.44997 -0.75125
vt 1.5708 -0.819546
vt 1.93171e-16 -0.682955
vt 0.12083 -0.682955
vt 0.241661 -0.682955
vt 0.362491 -0.682955
vt 0.483322 -0.682955
vt 0.604152 -0.682955
vt 0.724983 -0.682955
vt 0.845813 -0.682955
vt 0.966644 -0.682955
vt 1.08747 -0.682955
vt 1.2083 -0.682955
vt 1.32914 -0.682955
vt 1.44997 -0.682955
vt 1.5708 -0.75125
vt 1.93171e-16 -0.614659
vt 0.12083 -0.614659
vt 0.241661 -0.614659
vt 0.362491 -0.614659
vt 0.483322 -0.614659
vt 0.604152 -0.614659
vt 0.724983 -0.614659
vt 0.845813 -0.614659
vt 0.966644 -0.614659
vt 1.08747 -0.614659
vt 1.2083 -0.614659
vt 1.32914 -0.614659
vt 1.44997 -0.614659
vt 1.5708 -0.682955
vt 1.93171e-16 -0.546364
vt 0.12083 -0.546364
vt 0.241661 -0.546364
vt 0.362491 -0.546364
vt 0.483322 -0.546364
vt 0.604152 -0.546364
vt 0.724983 -0.546364
vt 0.845813 -0.546364
vt 0.966644 -0.546364
vt 1.08747 -0.546364
vt 1.2083 -0.546364
vt 1.32914 -0.546364
vt 1.44997 -0.546364
vt 1.5708 -0.614659
vt 1.93171e-16 -0.478068
vt 0.12083 -0.478068
vt 0.241661 -0.478068
vt 0.362491 -0.478068
vt 0.483322 -0.478068
vt 0.604152 -0.478068
vt 0.724983 -0.478068
vt 0.845813 -0.478068
vt 0.966644 -0.478068
vt 1.08747 -0.478068
vt 1.2083 -0.478068
vt 1.32914 -0.478068
vt 1.44997 -0.478068
vt 1.5708 -0.546364
vt 1.93171e-16 -0.409773
vt 0.12083 -0.409773
vt 0.241661 -0.409773
vt 0.362491 -0.409773
vt 0.483322 -0.409773
vt 0.604152 -0.409773
vt 0.724983 -0.409773
vt 0.845813 -0.409773
vt 0.966644 -0.409773
vt 1.08747 -0.409773
vt 1.2083 -0.409773
vt 1.32914 -0.409773
vt 1.44997 -0.409773
vt 1.5708 -0.478068
vt 1.93171e-16 -0.341477
vt 0.12083 -0.341477
vt 0.241661 -0.341477
vt 0.362491 -0.341477
vt 0.483322 -0.341477
vt 0.604152 -0.341477
vt 0.724983 -0.341477
vt 0.845813 -0.341477
vt 0.966644 -0.341477
vt 1.08747 -0.341477
vt 1.2083 -0.341477
vt 1.32914 -0.341477
vt 1.44997 -0.341477
vt 1.5708 -0.409773
vt 1.93171e-16 -0.273182
vt 0.12083 -0.273182
vt 0.241661 -0.273182
vt 0.362491 -0.273182
vt 0.483322 -0.273182
vt 0.604152 -0.273182
vt 0.724983 -0.273182
vt 0.845813 -0.273182
vt 0.966644 -0.273182
vt 1.08747 -0.273182
vt 1.2083 -0.273182
vt 1.32914 -0.273182
vt 1.44997 -0.273182
vt 1.5708 -0.341477
vt 1.93171e-16 -0.204886
vt 0.12083 -0.204886
vt 0.241661 -0.204886
vt 0.362491 -0.204886
vt 0.483322 -0.204886
vt 0.604152 -0.204886
vt 0.724983 -0.204886
vt 0.845813 -0.204886
vt 0.966644 -0.204886
vt 1.08747 -0.204886
vt 1.2083 -0.204886
vt 1.32914 -0.204886
vt 1.44997 -0.204886
vt 1.5708 -0.273182
vt 1.93171e-16 -0.136591
vt 0.12083 -0.136591
vt 0.241661 -0.136591
vt 0.362491 -0.136591
vt 0.483322 -0.136591
vt 0.604152 -0.136591
vt 0.724983 -0.136591
vt 0.845813 -0.136591
vt 0.966644 -0.136591
vt 1.08747 -0.136591
vt 1.2083 -0.136591
vt 1.32914 -0.136591
vt 1.44997 -0.136591
vt 1.5708 -0.204886
vt 1.93171e-16 -0.0682955
vt 0.12083 -0.0682955
vt 0.241661 -0.0682955
vt 0.362491 -0.0682955
vt 0.483322 -0.0682955
vt 0.604152 -0.0682955
vt 0.724983 -0.0682955
vt 0.845813 -0.0682955
vt 0.966644 -0.0682955
vt 1.08747 -0.0682955
vt 1.2083 -0.0682955
vt 1.32914 -0.0682955
vt 1.44997 -0.0682955
vt 1.5708 -0.136591
vt 0.0682955 0
vt 0.12083 0
vt 0.204886 0
vt 0.241661 0
vt 0.136591 0
vt 0.341477 0
vt 0.273182 0
vt 0.362491 0
vt 0.478068 0
vt 0.409773 0
vt 0.483322 0
vt 0.546364 0
vt 0.604152 0
vt 0.682955 0
vt 0.724983 0
vt 0.614659 0
vt 0.819546 0
vt 0.845813 0
vt 0.75125 0
vt 0.956137 0
vt 0.887841 0
vt 0.966644 0
vt 1.08747 0
vt 1.02443 0
vt 1.16102 0
vt 1.2083 0
vt 1.09273 0
vt 1.29761 0
vt 1.32914 0
vt 1.22932 0
vt 1.43421 0
vt 1.36591 0
vt 1.44997 0
vt 1.5708 -0.0682955
vt 1.5708 0
vt 1.5025 0
vt 1.93171e-16 0
vt 1.51038 -1.5708
vt 1.38955 -1.5708
vt 1.26872 -1.5708
vt 1.14789 -1.5708
vt 1.02706 -1.5708
vt 0.906229 -1.5708
vt 0.785398 -1.5708
vt 0.664568 -1.5708
vt 0.543737 -1.5708
vt 0.422907 -1.5708
vt 0.302076 -1.5708
vt 0.181246 -1.5708
vt 0.0604152 -1.5708
vt 1.5708 0.0047625
vt 1.5708 0.00079375
vt 1.63909 0.00079375
vt 1.70739 0.0047625
vt 1.69163 0.0047625
vt 1.69163 0.00079375
vt 1.63909 0.0047625
vt 1.70739 0.00079375
vt 1.77568 0.00079375
vt 1.84398 0.0047625
vt 1.81246 0.0047625
vt 1.81246 0.00079375
vt 1.77568 0.0047625
vt 1.84398 0.00079375
vt 1.91227 0.00079375
vt 1.98057 0.0047625
vt 1.93329 0.0047625
vt 1.93329 0.00079375
vt 1.91227 0.0047625
vt 1.98057 0.00079375
vt 2.04886 0.00079375
vt 2.11716 0.0047625
vt 2.05412 0.0047625
vt 2.05412 0.00079375
vt 2.04886 0.0047625
vt 2.18546 0.0047625
vt 2.17495 0.0047625
vt 2.17495 0.00079375
vt 2.11716 0.00079375
vt 2.18546 0.00079375
vt 2.25375 0.00079375
vt 2.32205 0.0047625
vt 2.29578 0.0047625
vt 2.29578 0.00079375
vt 2.25375 0.0047625
vt 2.32205 0.00079375
vt 2.39034 0.00079375
vt 2.45864 0.0047625
vt 2.41661 0.0047625
vt 2.41661 0.00079375
vt 2.39034 0.0047625
vt 2.45864 0.00079375
vt 2.52693 0.00079375
vt 2.59523 0.0047625
vt 2.53744 0.0047625
vt 2.53744 0.00079375
vt 2.52693 0.0047625
vt 2.66352 0.0047625
vt 2.65827 0.0047625
vt 2.65827 0.00079375
vt 2.59523 0.00079375
vt 2.66352 0.00079375
vt 2.73182 0.00079375
vt 2.80012 0.0047625
vt 2.7791 0.0047625
vt 2.7791 0.00079375
vt 2.73182 0.0047625
vt 2.80012 0.00079375
vt 2.86841 0.00079375
vt 2.93671 0.0047625
vt 2.89993 0.0047625
vt 2.89993 0.00079375
vt 2.86841 0.0047625
vt 2.93671 0.00079375
vt 3.005 0.00079375
vt 3.0733 0.0047625
vt 3.02076 0.0047625
vt 3.02076 0.00079375
vt 3.005 0.0047625
vt 3.0733 0.00079375
vt 3.14159 0.00079375
vt 3.14159 0.0047625
vt -0.00079375 0.0119062
vt -0.00079375 -0.00833437
vt -0.0047625 -0.00833437
vt -0.0047625 0.0119062
vt 1.5708 0.0261144
vt 1.5708 0.00587375
vt 1.63909 0.00587375
vt 1.63909 0.0261144
vt 1.70739 0.00587375
vt 1.70739 0.0261144
vt 1.77568 0.00587375
vt 1.77568 0.0261144
vt 1.84398 0.00587375
vt 1.84398 0.0261144
vt 1.91227 0.00587375
vt 1.91227 0.0261144
vt 1.98057 0.00587375
vt 1.98057 0.0261144
vt 2.04886 0.00587375
vt 2.04886 0.0261144
vt 2.11716 0.00587375
vt 2.11716 0.0261144
vt 2.18546 0.00587375
vt 2.18546 0.0261144
vt 2.25375 0.00587375
vt 2.25375 0.0261144
vt 2.32205 0.00587375
vt 2.32205 0.0261144
vt 2.39034 0.00587375
vt 2.39034 0.0261144
vt 2.45864 0.00587375
vt 2.45864 0.0261144
vt 2.52693 0.00587375
vt 2.52693 0.0261144
vt 2.59523 0.00587375
vt 2.59523 0.0261144
vt 2.66352 0.00587375
vt 2.66352 0.0261144
vt 2.73182 0.00587375
vt 2.73182 0.0261144
vt 2.80012 0.00587375
vt 2.80012 0.0261144
vt 2.86841 0.00587375
vt 2.86841 0.0261144
vt 2.93671 0.00587375
vt 2.93671 0.0261144
vt 3.005 0.00587375
vt 3.005 0.0261144
vt 3.0733 0.00587375
vt 3.0733 0.0261144
vt 3.14159 0.00587375
vt 3.14159 0.0261144
vt -1.5708 0.0682955
vt 4.71239 0
vt 4.78068 0
vt -1.44997 0.0682955
vt 4.84898 0
vt 4.91728 0
vt -1.32914 0.0682955
vt 4.83322 0
vt -1.2083 0.0682955
vt 4.98557 0
vt 4.95405 0
vt 5.05387 0
vt -1.08747 0.0682955
vt 5.12216 0
vt 5.07488 0
vt 5.19046 0
vt 5.19571 0
vt 5.25875 0
vt -0.966644 0.0682955
vt 5.32705 0
vt 5.39534 0
vt -0.845813 0.0682955
vt 5.31654 0
vt -0.724983 0.0682955
vt 5.46364 0
vt 5.53193 0
vt 5.43737 0
vt -0.604152 0.0682955
vt 5.60023 0
vt 5.5582 0
vt 5.66853 0
vt -0.483322 0.0682955
vt 5.73682 0
vt 5.67903 0
vt 5.80512 0
vt 5.87341 0
vt -0.362491 0.0682955
vt 5.79986 0
vt 5.94171 0
vt 6.01 0
vt -0.241661 0.0682955
vt 5.92069 0
vt -0.12083 0.0682955
vt 6.0783 0
vt 6.04152 0
vt 6.14659 0
vt 0 0.0682955
vt 6.21489 0
vt 6.16235 0
vt -1.5708 0.136591
vt -1.44997 0.136591
vt -1.32914 0.136591
vt -1.2083 0.136591
vt -1.08747 0.136591
vt -0.966644 0.136591
vt -0.845813 0.136591
vt -0.724983 0.136591
vt -0.604152 0.136591
vt -0.483322 0.136591
vt -0.362491 0.136591
vt -0.241661 0.136591
vt -0.12083 0.136591
vt -1.5708 0.204886
vt -1.44997 0.204886
vt -1.32914 0.204886
vt -1.2083 0.204886
vt -1.08747 0.204886
vt -0.966644 0.204886
vt -0.845813 0.204886
vt -0.724983 0.204886
vt -0.604152 0.204886
vt -0.483322 0.204886
vt -0.362491 0.204886
vt -0.241661 0.204886
vt -0.12083 0.204886
vt 0 0.136591
vt -1.5708 0.273182
vt -1.44997 0.273182
vt -1.32914 0.273182
vt -1.2083 0.273182
vt -1.08747 0.273182
vt -0.966644 0.273182
vt -0.845813 0.273182
vt -0.724983 0.273182
vt -0.604152 0.273182
vt -0.483322 0.273182
vt -0.362491 0.273182
vt -0.241661 0.273182
vt -0.12083 0.273182
vt 0 0.204886
vt -1.5708 0.341477
vt -1.44997 0.341477
vt -1.32914 0.341477
vt -1.2083 0.341477
vt -1.08747 0.341477
vt -0.966644 0.341477
vt -0.845813 0.341477
vt -0.724983 0.341477
vt -0.604152 0.341477
vt -0.483322 0.341477
vt -0.362491 0.341477
vt -0.241661 0.341477
vt -0.12083 0.341477
vt 0 0.273182
vt -1.5708 0.409773
vt -1.44997 0.409773
vt -1.32914 0.409773
vt -1.2083 0.409773
vt -1.08747 0.409773
vt -0.966644 0.409773
vt -0.845813 0.409773
vt -0.724983 0.409773
vt -0.604152 0.409773
vt -0.483322 0.409773
vt -0.362491 0.409773
vt -0.241661 0.409773
vt -0.12083 0.409773
vt 0 0.341477
vt -1.5708 0.478068
vt -1.44997 0.478068
vt -1.32914 0.478068
vt -1.2083 0.478068
vt -1.08747 0.478068
vt -0.966644 0.478068
vt -0.845813 0.478068
vt -0.724983 0.478068
vt -0.604152 0.478068
vt -0.483322 0.478068
vt -0.362491 0.478068
vt -0.241661 0.478068
vt -0.12083 0.478068
vt 0 0.409773
vt -1.5708 0.546364
vt -1.44997 0.546364
vt -1.32914 0.546364
vt -1.2083 0.546364
vt -1.08747 0.546364
vt -0.966644 0.546364
vt -0.845813 0.546364
vt -0.724983 0.546364
vt -0.604152 0.546364
vt -0.483322 0.546364
vt -0.362491 0.546364
vt -0.241661 0.546364
vt -0.12083 0.546364
vt 0 0.478068
vt -1.5708 0.614659
vt -1.44997 0.614659
vt -1.32914 0.614659
vt -1.2083 0.614659
vt -1.08747 0.614659
vt -0.966644 0.614659
vt -0.845813 0.614659
vt -0.724983 0.614659
vt -0.604152 0.614659
vt -0.483322 0.614659
vt -0.362491 0.614659
vt -0.241661 0.614659
vt -0.12083 0.614659
vt 0 0.546364
vt -1.5708 0.682955
vt -1.44997 0.682955
vt -1.32914 0.682955
vt -1.2083 0.682955
vt -1.08747 0.682955
vt -0.966644 0.682955
vt -0.845813 0.682955
vt -0.724983 0.682955
vt -0.604152 0.682955
vt -0.483322 0.682955
vt -0.362491 0.682955
vt -0.241661 0.682955
vt -0.12083 0.682955
vt 0 0.614659
vt -1.5708 0.75125
vt -1.44997 0.75125
vt -1.32914 0.75125
vt -1.2083 0.75125
vt -1.08747 0.75125
vt -0.966644 0.75125
vt -0.845813 0.75125
vt -0.724983 0.75125
vt -0.604152 0.75125
vt -0.483322 0.75125
vt -0.362491 0.75125
vt -0.241661 0.75125
vt -0.12083 0.75125
vt 0 0.682955
vt -1.5708 0.819546
vt -1.44997 0.819546
vt -1.32914 0.819546
vt -1.2083 0.819546
vt -1.08747 0.819546
vt -0.966644 0.819546
vt -0.845813 0.819546
vt -0.724983 0.819546
vt -0.604152 0.819546
vt -0.483322 0.819546
vt -0.362491 0.819546
vt -0.241661 0.819546
vt -0.12083 0.819546
vt 0 0.75125
vt -1.5708 0.887841
vt -1.44997 0.887841
vt -1.32914 0.887841
vt -1.2083 0.887841
vt -1.08747 0.887841
vt -0.966644 0.887841
vt -0.845813 0.887841
vt -0.724983 0.887841
vt -0.604152 0.887841
vt -0.483322 0.887841
vt -0.362491 0.887841
vt -0.241661 0.887841
vt -0.12083 0.887841
vt 0 0.819546
vt -1.5708 0.956137
vt -1.44997 0.956137
vt -1.32914 0.956137
vt -1.2083 0.956137
vt -1.08747 0.956137
vt -0.966644 0.956137
vt -0.845813 0.956137
vt -0.724983 0.956137
vt -0.604152 0.956137
vt -0.483322 0.956137
vt -0.362491 0.956137
vt -0.241661 0.956137
vt -0.12083 0.956137
vt 0 0.887841
vt -1.5708 1.02443
vt -1.44997 1.02443
vt -1.32914 1.02443
vt -1.2083 1.02443
vt -1.08747 1.02443
vt -0.966644 1.02443
vt -0.845813 1.02443
vt -0.724983 1.02443
vt -0.604152 1.02443
vt -0.483322 1.02443
vt -0.362491 1.02443
vt -0.241661 1.02443
vt -0.12083 1.02443
vt 0 0.956137
vt -1.5708 1.09273
vt -1.44997 1.09273
vt -1.32914 1.09273
vt -1.2083 1.09273
vt -1.08747 1.09273
vt -0.966644 1.09273
vt -0.845813 1.09273
vt -0.724983 1.09273
vt -0.604152 1.09273
vt -0.483322 1.09273
vt -0.362491 1.09273
vt -0.241661 1.09273
vt -0.12083 1.09273
vt 0 1.02443
vt -1.5708 1.16102
vt -1.44997 1.16102
vt -1.32914 1.16102
vt -1.2083 1.16102
vt -1.08747 1.16102
vt -0.966644 1.16102
vt -0.845813 1.16102
vt -0.724983 1.16102
vt -0.604152 1.16102
vt -0.483322 1.16102
vt -0.362491 1.16102
vt -0.241661 1.16102
vt -0.12083 1.16102
vt 0 1.09273
vt -1.5708 1.22932
vt -1.44997 1.22932
vt -1.32914 1.22932
vt -1.2083 1.22932
vt -1.08747 1.22932
vt -0.966644 1.22932
vt -0.845813 1.22932
vt -0.724983 1.22932
vt -0.604152 1.22932
vt -0.483322 1.22932
vt -0.362491 1.22932
vt -0.241661 1.22932
vt -0.12083 1.22932
vt 0 1.16102
vt -1.5708 1.29761
vt -1.44997 1.29761
vt -1.32914 1.29761
vt -1.2083 1.29761
vt -1.08747 1.29761
vt -0.966644 1.29761
vt -0.845813 1.29761
vt -0.724983 1.29761
vt -0.604152 1.29761
vt -0.483322 1.29761
vt -0.362491 1.29761
vt -0.241661 1.29761
vt -0.12083 1.29761
vt 0 1.22932
vt -1.5708 1.36591
vt -1.44997 1.36591
vt -1.32914 1.36591
vt -1.2083 1.36591
vt -1.08747 1.36591
vt -0.966644 1.36591
vt -0.845813 1.36591
vt -0.724983 1.36591
vt -0.604152 1.36591
vt -0.483322 1.36591
vt -0.362491 1.36591
vt -0.241661 1.36591
vt -0.12083 1.36591
vt 0 1.29761
vt -1.5708 1.43421
vt -1.44997 1.43421
vt -1.32914 1.43421
vt -1.2083 1.43421
vt -1.08747 1.43421
vt -0.966644 1.43421
vt -0.845813 1.43421
vt -0.724983 1.43421
vt -0.604152 1.43421
vt -0.483322 1.43421
vt -0.362491 1.43421
vt -0.241661 1.43421
vt -0.12083 1.43421
vt 0 1.36591
vt -1.5708 1.5025
vt -1.44997 1.5025
vt -1.32914 1.5025
vt -1.2083 1.5025
vt -1.08747 1.5025
vt -0.966644 1.5025
vt -0.845813 1.5025
vt -0.724983 1.5025
vt -0.604152 1.5025
vt -0.483322 1.5025
vt -0.362491 1.5025
vt -0.241661 1.5025
vt -0.12083 1.5025
vt 0 1.43421
vt -0.0604152 1.5708
vt 0 1.5025
vt -0.181246 1.5708
vt -0.302076 1.5708
vt -0.422907 1.5708
vt -0.543737 1.5708
vt -0.664568 1.5708
vt -0.785398 1.5708
vt -0.906229 1.5708
vt -1.02706 1.5708
vt -1.14789 1.5708
vt -1.26872 1.5708
vt -1.38955 1.5708
vt -1.51038 1.5708
vt 6.28319 0
vt 1.93171e-16 0.0682955
vt 1.93171e-16 0
vt 0.0682955 0
vt 0.12083 0.0682955
vt 0.136591 0
vt 0.204886 0
vt 0.241661 0.0682955
vt 0.12083 0
vt 0.362491 0.0682955
vt 0.273182 0
vt 0.241661 0
vt 0.341477 0
vt 0.483322 0.0682955
vt 0.409773 0
vt 0.362491 0
vt 0.478068 0
vt 0.483322 0
vt 0.546364 0
vt 0.604152 0.0682955
vt 0.614659 0
vt 0.682955 0
vt 0.724983 0.0682955
vt 0.604152 0
vt 0.75125 0
vt 0.819546 0
vt 0.845813 0.0682955
vt 0.724983 0
vt 0.966644 0.0682955
vt 0.887841 0
vt 0.845813 0
vt 0.956137 0
vt 1.08747 0.0682955
vt 1.02443 0
vt 0.966644 0
vt 1.09273 0
vt 1.16102 0
vt 1.2083 0.0682955
vt 1.08747 0
vt 1.22932 0
vt 1.29761 0
vt 1.32914 0.0682955
vt 1.2083 0
vt 1.44997 0.0682955
vt 1.36591 0
vt 1.32914 0
vt 1.43421 0
vt 1.5708 0.0682955
vt 1.5025 0
vt 1.44997 0
vt 1.93171e-16 0.136591
vt 0.12083 0.136591
vt 0.241661 0.136591
vt 0.362491 0.136591
vt 0.483322 0.136591
vt 0.604152 0.136591
vt 0.724983 0.136591
vt 0.845813 0.136591
vt 0.966644 0.136591
vt 1.08747 0.136591
vt 1.2083 0.136591
vt 1.32914 0.136591
vt 1.44997 0.136591
vt 1.93171e-16 0.204886
vt 0.12083 0.204886
vt 0.241661 0.204886
vt 0.362491 0.204886
vt 0.483322 0.204886
vt 0.604152 0.204886
vt 0.724983 0.204886
vt 0.845813 0.204886
vt 0.966644 0.204886
vt 1.08747 0.204886
vt 1.2083 0.204886
vt 1.32914 0.204886
vt 1.44997 0.204886
vt 1.5708 0.136591
vt 1.93171e-16 0.273182
vt 0.12083 0.273182
vt 0.241661 0.273182
vt 0.362491 0.273182
vt 0.483322 0.273182
vt 0.604152 0.273182
vt 0.724983 0.273182
vt 0.845813 0.273182
vt 0.966644 0.273182
vt 1.08747 0.273182
vt 1.2083 0.273182
vt 1.32914 0.273182
vt 1.44997 0.273182
vt 1.5708 0.204886
vt 1.93171e-16 0.341477
vt 0.12083 0.341477
vt 0.241661 0.341477
vt 0.362491 0.341477
vt 0.483322 0.341477
vt 0.604152 0.341477
vt 0.724983 0.341477
vt 0.845813 0.341477
vt 0.966644 0.341477
vt 1.08747 0.341477
vt 1.2083 0.341477
vt 1.32914 0.341477
vt 1.44997 0.341477
vt 1.5708 0.273182
vt 1.93171e-16 0.409773
vt 0.12083 0.409773
vt 0.241661 0.409773
vt 0.362491 0.409773
vt 0.483322 0.409773
vt 0.604152 0.409773
vt 0.724983 0.409773
vt 0.845813 0.409773
vt 0.966644 0.409773
vt 1.08747 0.409773
vt 1.2083 0.409773
vt 1.32914 0.409773
vt 1.44997 0.409773
vt 1.5708 0.341477
vt 1.93171e-16 0.478068
vt 0.12083 0.478068
vt 0.241661 0.478068
vt 0.362491 0.478068
vt 0.483322 0.478068
vt 0.604152 0.478068
vt 0.724983 0.478068
vt 0.845813 0.478068
vt 0.966644 0.478068
vt 1.08747 0.478068
vt 1.2083 0.478068
vt 1.32914 0.478068
vt 1.44997 0.478068
vt 1.5708 0.409773
vt 1.93171e-16 0.546364
vt 0.12083 0.546364
vt 0.241661 0.546364
vt 0.362491 0.546364
vt 0.483322 0.546364
vt 0.604152 0.546364
vt 0.724983 0.546364
vt 0.845813 0.546364
vt 0.966644 0.546364
vt 1.08747 0.546364
vt 1.2083 0.546364
vt 1.32914 0.546364
vt 1.44997 0.546364
vt 1.5708 0.478068
vt 1.93171e-16 0.614659
vt 0.12083 0.614659
vt 0.241661 0.614659
vt 0.362491 0.614659
vt 0.483322 0.614659
vt 0.604152 0.614659
vt 0.724983 0.614659
vt 0.845813 0.614659
vt 0.966644 0.614659
vt 1.08747 0.614659
vt 1.2083 0.614659
vt 1.32914 0.614659
vt 1.44997 0.614659
vt 1.5708 0.546364
vt 1.93171e-16 0.682955
vt 0.12083 0.682955
vt 0.241661 0.682955
vt 0.362491 0.682955
vt 0.483322 0.682955
vt 0.604152 0.682955
vt 0.724983 0.682955
vt 0.845813 0.682955
vt 0.966644 0.682955
vt 1.08747 0.682955
vt 1.2083 0.682955
vt 1.32914 0.682955
vt 1.44997 0.682955
vt 1.5708 0.614659
vt 1.93171e-16 0.75125
vt 0.12083 0.75125
vt 0.241661 0.75125
vt 0.362491 0.75125
vt 0.483322 0.75125
vt 0.604152 0.75125
vt 0.724983 0.75125
vt 0.845813 0.75125
vt 0.966644 0.75125
vt 1.08747 0.75125
vt 1.2083 0.75125
vt 1.32914 0.75125
vt 1.44997 0.75125
vt 1.5708 0.682955
vt 1.93171e-16 0.819546
vt 0.12083 0.819546
vt 0.241661 0.819546
vt 0.362491 0.819546
vt 0.483322 0.819546
vt 0.604152 0.819546
vt 0.724983 0.819546
vt 0.845813 0.819546
vt 0.966644 0.819546
vt 1.08747 0.819546
vt 1.2083 0.819546
vt 1.32914 0.819546
vt 1.44997 0.819546
vt 1.5708 0.75125
vt 1.93171e-16 0.887841
vt 0.12083 0.887841
vt 0.241661 0.887841
vt 0.362491 0.887841
vt 0.483322 0.887841
vt 0.604152 0.887841
vt 0.724983 0.887841
vt 0.845813 0.887841
vt 0.966644 0.887841
vt 1.08747 0.887841
vt 1.2083 0.887841
vt 1.32914 0.887841
vt 1.44997 0.887841
vt 1.5708 0.819546
vt 1.93171e-16 0.956137
vt 0.12083 0.956137
vt 0.241661 0.956137
vt 0.362491 0.956137
vt 0.483322 0.956137
vt 0.604152 0.956137
vt 0.724983 0.956137
vt 0.845813 0.956137
vt 0.966644 0.956137
vt 1.08747 0.956137
vt 1.2083 0.956137
vt 1.32914 0.956137
vt 1.44997 0.956137
vt 1.5708 0.887841
vt 1.93171e-16 1.02443
vt 0.12083 1.02443
vt 0.241661 1.02443
vt 0.362491 1.02443
vt 0.483322 1.02443
vt 0.604152 1.02443
vt 0.724983 1.02443
vt 0.845813 1.02443
vt 0.966644 1.02443
vt 1.08747 1.02443
vt 1.2083 1.02443
vt 1.32914 1.02443
vt 1.44997 1.02443
vt 1.5708 0.956137
vt 1.93171e-16 1.09273
vt 0.12083 1.09273
vt 0.241661 1.09273
vt 0.362491 1.09273
vt 0.483322 1.09273
vt 0.604152 1.09273
vt 0.724983 1.09273
vt 0.845813 1.09273
vt 0.966644 1.09273
vt 1.08747 1.09273
vt 1.2083 1.09273
vt 1.32914 1.09273
vt 1.44997 1.09273
vt 1.5708 1.02443
vt 1.93171e-16 1.16102
vt 0.12083 1.16102
vt 0.241661 1.16102
vt 0.362491 1.16102
vt 0.483322 1.16102
vt 0.604152 1.16102
vt 0.724983 1.16102
vt 0.845813 1.16102
vt 0.966644 1.16102
vt 1.08747 1.16102
vt 1.2083 1.16102
vt 1.32914 1.16102
vt 1.44997 1.16102
vt 1.5708 1.09273
vt 1.93171e-16 1.22932
vt 0.12083 1.22932
vt 0.241661 1.22932
vt 0.362491 1.22932
vt 0.483322 1.22932
vt 0.604152 1.22932
vt 0.724983 1.22932
vt 0.845813 1.22932
vt 0.966644 1.22932
vt 1.08747 1.22932
vt 1.2083 1.22932
vt 1.32914 1.22932
vt 1.44997 1.22932
vt 1.5708 1.16102
vt 1.93171e-16 1.29761
vt 0.12083 1.29761
vt 0.241661 1.29761
vt 0.362491 1.29761
vt 0.483322 1.29761
vt 0.604152 1.29761
vt 0.724983 1.29761
vt 0.845813 1.29761
vt 0.966644 1.29761
vt 1.08747 1.29761
vt 1.2083 1.29761
vt 1.32914 1.29761
vt 1.44997 1.29761
vt 1.5708 1.22932
vt 1.93171e-16 1.36591
vt 0.12083 1.36591
vt 0.241661 1.36591
vt 0.362491 1.36591
vt 0.483322 1.36591
vt 0.604152 1.36591
vt 0.724983 1.36591
vt 0.845813 1.36591
vt 0.966644 1.36591
vt 1.08747 1.36591
vt 1.2083 1.36591
vt 1.32914 1.36591
vt 1.44997 1.36591
vt 1.5708 1.29761
vt 1.93171e-16 1.43421
vt 0.12083 1.43421
vt 0.241661 1.43421
vt 0.362491 1.43421
vt 0.483322 1.43421
vt 0.604152 1.43421
vt 0.724983 1.43421
vt 0.845813 1.43421
vt 0.966644 1.43421
vt 1.08747 1.43421
vt 1.2083 1.43421
vt 1.32914 1.43421
vt 1.44997 1.43421
vt 1.5708 1.36591
vt 1.93171e-16 1.5025
vt 0.12083 1.5025
vt 0.241661 1.5025
vt 0.362491 1.5025
vt 0.483322 1.5025
vt 0.604152 1.5025
vt 0.724983 1.5025
vt 0.845813 1.5025
vt 0.966644 1.5025
vt 1.08747 1.5025
vt 1.2083 1.5025
vt 1.32914 1.5025
vt 1.44997 1.5025
vt 1.5708 1.43421
vt 1.51038 1.5708
vt 1.5708 1.5025
vt 1.38955 1.5708
vt 1.26872 1.5708
vt 1.14789 1.5708
vt 1.02706 1.5708
vt 0.906229 1.5708
vt 0.785398 1.5708
vt 0.664568 1.5708
vt 0.543737 1.5708
vt 0.422907 1.5708
vt 0.302076 1.5708
vt 0.181246 1.5708
vt 0.0604152 1.5708
vt 1.5708 0
vt 0.0682955 0.0238125
vt 0.0682955 0.0398462
vt 0 0.0381
vt 0 0.0254
vt 0 0.0398462
vt 0.136591 0.0238125
vt 0.136591 0.0398462
vt 0.204886 0.0238125
vt 0.204886 0.0398462
vt 0.273182 0.0238125
vt 0.273182 0.0398462
vt 0.341477 0.0238125
vt 0.341477 0.0398462
vt 0.409773 0.0238125
vt 0.409773 0.0398462
vt 0.478068 0.0238125
vt 0.478068 0.0398462
vt 0.546364 0.0238125
vt 0.546364 0.0398462
vt 0.614659 0.0238125
vt 0.614659 0.0398462
vt 0.682955 0.0238125
vt 0.682955 0.0398462
vt 0.75125 0.0238125
vt 0.75125 0.0398462
vt 0.819546 0.0238125
vt 0.819546 0.0398462
vt 0.887841 0.0238125
vt 0.887841 0.0398462
vt 0.956137 0.0238125
vt 0.956137 0.0398462
vt 1.02443 0.0238125
vt 1.02443 0.0398462
vt 1.09273 0.0238125
vt 1.09273 0.0398462
vt 1.16102 0.0238125
vt 1.16102 0.0398462
vt 1.22932 0.0238125
vt 1.22932 0.0398462
vt 1.29761 0.0238125
vt 1.29761 0.0398462
vt 1.36591 0.0238125
vt 1.36591 0.0398462
vt 1.43421 0.0238125
vt 1.43421 0.0398462
vt 1.5025 0.0238125
vt 1.5025 0.0398462
vt 1.5708 0.0238125
vt 1.5708 0.0398462
vt 0 0.0238125
vt 1.5708 0.0682955
vt 1.5708 0
vt 1.63909 0
vt 1.69163 0.0682955
vt 1.70739 0
vt 1.77568 0
vt 1.81246 0.0682955
vt 1.69163 0
vt 1.93329 0.0682955
vt 1.84398 0
vt 1.81246 0
vt 1.91227 0
vt 2.05412 0.0682955
vt 1.98057 0
vt 1.93329 0
vt 2.04886 0
vt 2.05412 0
vt 2.11716 0
vt 2.17495 0.0682955
vt 2.18546 0
vt 2.25375 0
vt 2.29578 0.0682955
vt 2.17495 0
vt 2.32205 0
vt 2.39034 0
vt 2.41661 0.0682955
vt 2.29578 0
vt 2.53744 0.0682955
vt 2.45864 0
vt 2.41661 0
vt 2.52693 0
vt 2.65827 0.0682955
vt 2.59523 0
vt 2.53744 0
vt 2.66352 0
vt 2.73182 0
vt 2.7791 0.0682955
vt 2.65827 0
vt 2.80012 0
vt 2.86841 0
vt 2.89993 0.0682955
vt 2.7791 0
vt 3.02076 0.0682955
vt 2.93671 0
vt 2.89993 0
vt 3.005 0
vt 3.14159 0.0682955
vt 3.0733 0
vt 3.02076 0
vt 1.5708 0.136591
vt 1.69163 0.136591
vt 1.81246 0.136591
vt 1.93329 0.136591
vt 2.05412 0.136591
vt 2.17495 0.136591
vt 2.29578 0.136591
vt 2.41661 0.136591
vt 2.53744 0.136591
vt 2.65827 0.136591
vt 2.7791 0.136591
vt 2.89993 0.136591
vt 3.02076 0.136591
vt 1.5708 0.204886
vt 1.69163 0.204886
vt 1.81246 0.204886
vt 1.93329 0.204886
vt 2.05412 0.204886
vt 2.17495 0.204886
vt 2.29578 0.204886
vt 2.41661 0.204886
vt 2.53744 0.204886
vt 2.65827 0.204886
vt 2.7791 0.204886
vt 2.89993 0.204886
vt 3.02076 0.204886
vt 3.14159 0.136591
vt 1.5708 0.273182
vt 1.69163 0.273182
vt 1.81246 0.273182
vt 1.93329 0.273182
vt 2.05412 0.273182
vt 2.17495 0.273182
vt 2.29578 0.273182
vt 2.41661 0.273182
vt 2.53744 0.273182
vt 2.65827 0.273182
vt 2.7791 0.273182
vt 2.89993 0.273182
vt 3.02076 0.273182
vt 3.14159 0.204886
vt 1.5708 0.341477
vt 1.69163 0.341477
vt 1.81246 0.341477
vt 1.93329 0.341477
vt 2.05412 0.341477
vt 2.17495 0.341477
vt 2.29578 0.341477
vt 2.41661 0.341477
vt 2.53744 0.341477
vt 2.65827 0.341477
vt 2.7791 0.341477
vt 2.89993 0.341477
vt 3.02076 0.341477
vt 3.14159 0.273182
vt 1.5708 0.409773
vt 1.69163 0.409773
vt 1.81246 0.409773
vt 1.93329 0.409773
vt 2.05412 0.409773
vt 2.17495 0.409773
vt 2.29578 0.409773
vt 2.41661 0.409773
vt 2.53744 0.409773
vt 2.65827 0.409773
vt 2.7791 0.409773
vt 2.89993 0.409773
vt 3.02076 0.409773
vt 3.14159 0.341477
vt 1.5708 0.478068
vt 1.69163 0.478068
vt 1.81246 0.478068
vt 1.93329 0.478068
vt 2.05412 0.478068
vt 2.17495 0.478068
vt 2.29578 0.478068
vt 2.41661 0.478068
vt 2.53744 0.478068
vt 2.65827 0.478068
vt 2.7791 0.478068
vt 2.89993 0.478068
vt 3.02076 0.478068
vt 3.14159 0.409773
vt 1.5708 0.546364
vt 1.69163 0.546364
vt 1.81246 0.546364
vt 1.93329 0.546364
vt 2.05412 0.546364
vt 2.17495 0.546364
vt 2.29578 0.546364
vt 2.41661 0.546364
vt 2.53744 0.546364
vt 2.65827 0.546364
vt 2.7791 0.546364
vt 2.89993 0.546364
vt 3.02076 0.546364
vt 3.14159 0.478068
vt 1.5708 0.614659
vt 1.69163 0.614659
vt 1.81246 0.614659
vt 1.93329 0.614659
vt 2.05412 0.614659
vt 2.17495 0.614659
vt 2.29578 0.614659
vt 2.41661 0.614659
vt 2.53744 0.614659
vt 2.65827 0.614659
vt 2.7791 0.614659
vt 2.89993 0.614659
vt 3.02076 0.614659
vt 3.14159 0.546364
vt 1.5708 0.682955
vt 1.69163 0.682955
vt 1.81246 0.682955
vt 1.93329 0.682955
vt 2.05412 0.682955
vt 2.17495 0.682955
vt 2.29578 0.682955
vt 2.41661 0.682955
vt 2.53744 0.682955
vt 2.65827 0.682955
vt 2.7791 0.682955
vt 2.89993 0.682955
vt 3.02076 0.682955
vt 3.14159 0.614659
vt 1.5708 0.75125
vt 1.69163 0.75125
vt 1.81246 0.75125
vt 1.93329 0.75125
vt 2.05412 0.75125
vt 2.17495 0.75125
vt 2.29578 0.75125
vt 2.41661 0.75125
vt 2.53744 0.75125
vt 2.65827 0.75125
vt 2.7791 0.75125
vt 2.89993 0.75125
vt 3.02076 0.75125
vt 3.14159 0.682955
vt 1.5708 0.819546
vt 1.69163 0.819546
vt 1.81246 0.819546
vt 1.93329 0.819546
vt 2.05412 0.819546
vt 2.17495 0.819546
vt 2.29578 0.819546
vt 2.41661 0.819546
vt 2.53744 0.819546
vt 2.65827 0.819546
vt 2.7791 0.819546
vt 2.89993 0.819546
vt 3.02076 0.819546
vt 3.14159 0.75125
vt 1.5708 0.887841
vt 1.69163 0.887841
vt 1.81246 0.887841
vt 1.93329 0.887841
vt 2.05412 0.887841
vt 2.17495 0.887841
vt 2.29578 0.887841
vt 2.41661 0.887841
vt 2.53744 0.887841
vt 2.65827 0.887841
vt 2.7791 0.887841
vt 2.89993 0.887841
vt 3.02076 0.887841
vt 3.14159 0.819546
vt 1.5708 0.956137
vt 1.69163 0.956137
vt 1.81246 0.956137
vt 1.93329 0.956137
vt 2.05412 0.956137
vt 2.17495 0.956137
vt 2.29578 0.956137
vt 2.41661 0.956137
vt 2.53744 0.956137
vt 2.65827 0.956137
vt 2.7791 0.956137
vt 2.89993 0.956137
vt 3.02076 0.956137
vt 3.14159 0.887841
vt 1.5708 1.02443
vt 1.69163 1.02443
vt 1.81246 1.02443
vt 1.93329 1.02443
vt 2.05412 1.02443
vt 2.17495 1.02443
vt 2.29578 1.02443
vt 2.41661 1.02443
vt 2.53744 1.02443
vt 2.65827 1.02443
vt 2.7791 1.02443
vt 2.89993 1.02443
vt 3.02076 1.02443
vt 3.14159 0.956137
vt 1.5708 1.09273
vt 1.69163 1.09273
vt 1.81246 1.09273
vt 1.93329 1.09273
vt 2.05412 1.09273
vt 2.17495 1.09273
vt 2.29578 1.09273
vt 2.41661 1.09273
vt 2.53744 1.09273
vt 2.65827 1.09273
vt 2.7791 1.09273
vt 2.89993 1.09273
vt 3.02076 1.09273
vt 3.14159 1.02443
vt 1.5708 1.16102
vt 1.69163 1.16102
vt 1.81246 1.16102
vt 1.93329 1.16102
vt 2.05412 1.16102
vt 2.17495 1.16102
vt 2.29578 1.16102
vt 2.41661 1.16102
vt 2.53744 1.16102
vt 2.65827 1.16102
vt 2.7791 1.16102
vt 2.89993 1.16102
vt 3.02076 1.16102
vt 3.14159 1.09273
vt 1.5708 1.22932
vt 1.69163 1.22932
vt 1.81246 1.22932
vt 1.93329 1.22932
vt 2.05412 1.22932
vt 2.17495 1.22932
vt 2.29578 1.22932
vt 2.41661 1.22932
vt 2.53744 1.22932
vt 2.65827 1.22932
vt 2.7791 1.22932
vt 2.89993 1.22932
vt 3.02076 1.22932
vt 3.14159 1.16102
vt 1.5708 1.29761
vt 1.69163 1.29761
vt 1.81246 1.29761
vt 1.93329 1.29761
vt 2.05412 1.29761
vt 2.17495 1.29761
vt 2.29578 1.29761
vt 2.41661 1.29761
vt 2.53744 1.29761
vt 2.65827 1.29761
vt 2.7791 1.29761
vt 2.89993 1.29761
vt 3.02076 1.29761
vt 3.14159 1.22932
vt 1.5708 1.36591
vt 1.69163 1.36591
vt 1.81246 1.36591
vt 1.93329 1.36591
vt 2.05412 1.36591
vt 2.17495 1.36591
vt 2.29578 1.36591
vt 2.41661 1.36591
vt 2.53744 1.36591
vt 2.65827 1.36591
vt 2.7791 1.36591
vt 2.89993 1.36591
vt 3.02076 1.36591
vt 3.14159 1.29761
vt 1.5708 1.43421
vt 1.69163 1.43421
vt 1.81246 1.43421
vt 1.93329 1.43421
vt 2.05412 1.43421
vt 2.17495 1.43421
vt 2.29578 1.43421
vt 2.41661 1.43421
vt 2.53744 1.43421
vt 2.65827 1.43421
vt 2.7791 1.43421
vt 2.89993 1.43421
vt 3.02076 1.43421
vt 3.14159 1.36591
vt 1.5708 1.5025
vt 1.69163 1.5025
vt 1.81246 1.5025
vt 1.93329 1.5025
vt 2.05412 1.5025
vt 2.17495 1.5025
vt 2.29578 1.5025
vt 2.41661 1.5025
vt 2.53744 1.5025
vt 2.65827 1.5025
vt 2.7791 1.5025
vt 2.89993 1.5025
vt 3.02076 1.5025
vt 3.14159 1.43421
vt 3.08118 1.5708
vt 3.14159 1.5025
vt 2.96035 1.5708
vt 2.83952 1.5708
vt 2.71869 1.5708
vt 2.59786 1.5708
vt 2.47702 1.5708
vt 2.35619 1.5708
vt 2.23536 1.5708
vt 2.11453 1.5708
vt 1.9937 1.5708
vt 1.87287 1.5708
vt 1.75204 1.5708
vt 1.63121 1.5708
vt 3.14159 0
vt 0.00801688 -0.0047625
vt 0.00627063 -0.0047625
vt 0.00627063 -0.00079375
vt 0.00801688 -0.00079375
vt -0.00801688 -0.00079375
vt -0.00642937 -0.00079375
vt -0.00642937 -0.0047625
vt -0.00801688 -0.0047625
vt 0.0238125 -0.00587375
vt 0.0246062 -0.00762
vt 0.0246062 -0.0223837
vt 0.0398462 -0.00587375
vt 0.0388938 -0.00762
vt 0.0398462 -0.0261144
vt 0.0388938 -0.0223837
vt 0.0238125 -0.0261144
vt 4.71239 0.0223837
vt 4.71239 0.00762
vt 4.78068 0.00762
vt 4.78068 0.0223837
vt 4.84898 0.00762
vt 4.84898 0.0223837
vt 4.91728 0.00762
vt 4.91728 0.0223837
vt 4.98557 0.00762
vt 4.98557 0.0223837
vt 5.05387 0.00762
vt 5.05387 0.0223837
vt 5.12216 0.00762
vt 5.12216 0.0223837
vt 5.19046 0.00762
vt 5.19046 0.0223837
vt 5.25875 0.00762
vt 5.25875 0.0223837
vt 5.32705 0.00762
vt 5.32705 0.0223837
vt 5.39534 0.00762
vt 5.39534 0.0223837
vt 5.46364 0.00762
vt 5.46364 0.0223837
vt 5.53193 0.00762
vt 5.53193 0.0223837
vt 5.60023 0.00762
vt 5.60023 0.0223837
vt 5.66853 0.00762
vt 5.66853 0.0223837
vt 5.73682 0.00762
vt 5.73682 0.0223837
vt 5.80512 0.00762
vt 5.80512 0.0223837
vt 5.87341 0.00762
vt 5.87341 0.0223837
vt 5.94171 0.00762
vt 5.94171 0.0223837
vt 6.01 0.00762
vt 6.01 0.0223837
vt 6.0783 0.00762
vt 6.0783 0.0223837
vt 6.14659 0.00762
vt 6.14659 0.0223837
vt 6.21489 0.00762
vt 6.21489 0.0223837
vt 6.28319 0.00762
vt 6.28319 0.0223837
vt 1.5708 -0.00762
vt 1.5708 -0.0223837
vt 1.63909 -0.0223837
vt 1.63909 -0.00762
vt 1.70739 -0.0223837
vt 1.70739 -0.00762
vt 1.77568 -0.0223837
vt 1.77568 -0.00762
vt 1.84398 -0.0223837
vt 1.84398 -0.00762
vt 1.91227 -0.0223837
vt 1.91227 -0.00762
vt 1.98057 -0.0223837
vt 1.98057 -0.00762
vt 2.04886 -0.0223837
vt 2.04886 -0.00762
vt 2.11716 -0.0223837
vt 2.11716 -0.00762
vt 2.18546 -0.0223837
vt 2.18546 -0.00762
vt 2.25375 -0.0223837
vt 2.25375 -0.00762
vt 2.32205 -0.0223837
vt 2.32205 -0.00762
vt 2.39034 -0.0223837
vt 2.39034 -0.00762
vt 2.45864 -0.0223837
vt 2.45864 -0.00762
vt 2.52693 -0.0223837
vt 2.52693 -0.00762
vt 2.59523 -0.0223837
vt 2.59523 -0.00762
vt 2.66352 -0.0223837
vt 2.66352 -0.00762
vt 2.73182 -0.0223837
vt 2.73182 -0.00762
vt 2.80012 -0.0223837
vt 2.80012 -0.00762
vt 2.86841 -0.0223837
vt 2.86841 -0.00762
vt 2.93671 -0.0223837
vt 2.93671 -0.00762
vt 3.005 -0.0223837
vt 3.005 -0.00762
vt 3.0733 -0.0223837
vt 3.0733 -0.00762
vt 3.14159 -0.0223837
vt 3.14159 -0.00762
vt 0.0047625 -0.00460375
vt 0.0047625 0.01016
vt 0.00079375 0.01016
vt 0.00079375 -0.00460375
vt 1.5708 0.00460375
vt 1.5708 -0.01016
vt 1.63909 -0.01016
vt 1.63909 0.00460375
vt 1.70739 -0.01016
vt 1.70739 0.00460375
vt 1.77568 -0.01016
vt 1.77568 0.00460375
vt 1.84398 -0.01016
vt 1.84398 0.00460375
vt 1.91227 -0.01016
vt 1.91227 0.00460375
vt 1.98057 -0.01016
vt 1.98057 0.00460375
vt 2.04886 -0.01016
vt 2.04886 0.00460375
vt 2.11716 -0.01016
vt 2.11716 0.00460375
vt 2.18546 -0.01016
vt 2.18546 0.00460375
vt 2.25375 -0.01016
vt 2.25375 0.00460375
vt 2.32205 -0.01016
vt 2.32205 0.00460375
vt 2.39034 -0.01016
vt 2.39034 0.00460375
vt 2.45864 -0.01016
vt 2.45864 0.00460375
vt 2.52693 -0.01016
vt 2.52693 0.00460375
vt 2.59523 -0.01016
vt 2.59523 0.00460375
vt 2.66352 -0.01016
vt 2.66352 0.00460375
vt 2.73182 -0.01016
vt 2.73182 0.00460375
vt 2.80012 -0.01016
vt 2.80012 0.00460375
vt 2.86841 -0.01016
vt 2.86841 0.00460375
vt 2.93671 -0.01016
vt 2.93671 0.00460375
vt 3.005 -0.01016
vt 3.005 0.00460375
vt 3.0733 -0.01016
vt 3.0733 0.00460375
vt 3.14159 -0.01016
vt 3.14159 0.00460375
vt 0.0238125 -0.00587375
vt 0.0246062 -0.00762
vt 0.0388938 -0.00762
vt 0.0238125 -0.0261144
vt 0.0246062 -0.0223837
vt 0.0398462 -0.0261144
vt 0.0388938 -0.0223837
vt 0.0398462 -0.00587375
vt 0.00487058 0.00635739
vt 0.00549054 -0.00682752
vt 0.00551042 -0.00687794
vt 0.00079375 -0.00635
vt 0.0047625 -0.00635
vt 0.000685668 -0.00635739
vt 0.000739583 -0.00635185
vt 0.000632257 -0.0063666
vt 0.00481667 0.00635185
vt 0.0047625 0.00635
vt 0.00546726 -0.00677857
vt 0.00079375 0.00635
vt 0.000685668 0.00635739
vt 2.94344e-05 -0.0069296
vt 4.58304e-05 -0.00687794
vt -0 -0.00714375
vt 7.39303e-06 0.00703567
vt 1.85041e-06 0.00708958
vt 2.94344e-05 0.0069296
vt 1.6602e-05 0.00698226
vt 0.0054407 -0.00673133
vt 0.00502831 -0.00639583
vt 0.00507873 -0.00641571
vt 0.00481667 -0.00635185
vt 6.57135e-05 -0.00682752
vt 0.00555625 -0.00714375
vt 0.00551042 0.00687794
vt 0.00549054 0.00682752
vt 0.00554886 0.00703567
vt 0.00553965 0.00698226
vt 0.00555625 0.00714375
vt 0.0055544 0.00708958
vt 6.57135e-05 0.00682752
vt 4.58304e-05 0.00687794
vt 0.00014528 0.00668601
vt 0.000115555 0.00673133
vt 0.00553965 -0.00698226
vt 0.00554886 -0.00703567
vt 0.00552682 -0.0069296
vt 0.0053426 -0.00660197
vt 0.00537822 -0.00664282
vt 0.00512768 -0.00643899
vt 0.00492399 -0.0063666
vt 0.00497665 -0.00637943
vt 0.00487058 -0.00635739
vt 0.000739583 0.00635185
vt 0.00038133 -0.00646555
vt 0.000428573 -0.00643899
vt 1.6602e-05 -0.00698226
vt 1.85041e-06 -0.00708958
vt 7.39303e-06 -0.00703567
vt 0.00552682 0.0069296
vt 8.89911e-05 0.00677857
vt 0.000428573 0.00643899
vt 0.00541097 -0.00668601
vt 0.00526343 -0.00652803
vt 0.00530428 -0.00656365
vt 0.00517492 -0.00646555
vt 0.00522024 -0.00649528
vt 0.000527939 -0.00639583
vt 0.000579599 -0.00637943
vt 0.000477519 -0.00641571
vt 8.89911e-05 -0.00677857
vt 0.000115555 -0.00673133
vt 0.00517492 0.00646555
vt 0.00512768 0.00643899
vt 0.0055544 -0.00708958
vt 0.00546726 0.00677857
vt 0.0054407 0.00673133
vt 0.000213649 0.00660197
vt 0.000178029 0.00664282
vt 0.000292824 0.00652803
vt 0.000251973 0.00656365
vt 0.00038133 0.00646555
vt 0.00033601 0.00649528
vt 0.000477519 0.00641571
vt 0.000579599 0.00637943
vt 0.000527939 0.00639583
vt 0.000292824 -0.00652803
vt 0.00033601 -0.00649528
vt 0.000213649 -0.00660197
vt 0.000251973 -0.00656365
vt 0.00014528 -0.00668601
vt 0.000178029 -0.00664282
vt 0.00526343 0.00652803
vt 0.00522024 0.00649528
vt 0.0053426 0.00660197
vt 0.00530428 0.00656365
vt 0.00541097 0.00668601
vt 0.00537822 0.00664282
vt 0.000632257 0.0063666
vt 0.00507873 0.00641571
vt 0.00502831 0.00639583
vt 0.00497665 0.00637943
vt 0.00492399 0.0063666
vt 0 0.00714375
vt -0.000685668 0.00635739
vt -0.0047625 -0.00635
vt -0.00079375 -0.00635
vt -0.00492399 -0.0063666
vt -0.000739583 0.00635185
vt -0.00079375 0.00635
vt -0.00487058 0.00635739
vt -0.00552682 -0.0069296
vt -0.00551042 -0.00687794
vt 0 -0.00714375
vt -7.39303e-06 0.00703567
vt -1.6602e-05 0.00698226
vt -6.57135e-05 -0.00682752
vt -4.58304e-05 -0.00687794
vt -0.000739583 -0.00635185
vt -0.00487058 -0.00635739
vt -0.00481667 -0.00635185
vt -0.0047625 0.00635
vt -0.00549054 -0.00682752
vt -1.85041e-06 0.00708958
vt -0.00555625 -0.00714375
vt -0.00554886 0.00703567
vt -0.0055544 0.00708958
vt -0.00552682 0.0069296
vt -0.00553965 0.00698226
vt -8.89911e-05 -0.00677857
vt -0.000527939 -0.00639583
vt -0.000477519 -0.00641571
vt -0.00481667 0.00635185
vt -0.00553965 -0.00698226
vt -0.0055544 -0.00708958
vt -0.00554886 -0.00703567
vt -2.94344e-05 0.0069296
vt -4.58304e-05 0.00687794
vt 0 0.00714375
vt -0.00549054 0.00682752
vt -0.00551042 0.00687794
vt -0.00541097 0.00668601
vt -0.0054407 0.00673133
vt -0.000115555 -0.00673133
vt -0.000428573 -0.00643899
vt -0.000632257 -0.0063666
vt -0.000579599 -0.00637943
vt -0.000685668 -0.00635739
vt -0.00517492 -0.00646555
vt -0.00512768 -0.00643899
vt -0.00546726 -0.00677857
vt -0.0054407 -0.00673133
vt -0.00546726 0.00677857
vt -1.6602e-05 -0.00698226
vt -7.39303e-06 -0.00703567
vt -2.94344e-05 -0.0069296
vt -0.000213649 -0.00660197
vt -0.000178029 -0.00664282
vt -0.00502831 -0.00639583
vt -0.00497665 -0.00637943
vt -0.00507873 -0.00641571
vt -0.00526343 -0.00652803
vt -0.00522024 -0.00649528
vt -0.0053426 -0.00660197
vt -0.00530428 -0.00656365
vt -0.00541097 -0.00668601
vt -0.00537822 -0.00664282
vt -1.85041e-06 -0.00708958
vt -0.000428573 0.00643899
vt -0.000477519 0.00641571
vt -0.00038133 0.00646555
vt -8.89911e-05 0.00677857
vt -0.000115555 0.00673133
vt -6.57135e-05 0.00682752
vt -0.0053426 0.00660197
vt -0.00537822 0.00664282
vt -0.00526343 0.00652803
vt -0.00530428 0.00656365
vt -0.00517492 0.00646555
vt -0.00522024 0.00649528
vt -0.00512768 0.00643899
vt -0.00014528 -0.00668601
vt -0.000292824 -0.00652803
vt -0.000251973 -0.00656365
vt -0.00038133 -0.00646555
vt -0.00033601 -0.00649528
vt -0.000292824 0.00652803
vt -0.00033601 0.00649528
vt -0.000213649 0.00660197
vt -0.000251973 0.00656365
vt -0.00014528 0.00668601
vt -0.000178029 0.00664282
vt -0.00507873 0.00641571
vt -0.00497665 0.00637943
vt -0.00502831 0.00639583
vt -0.000579599 0.00637943
vt -0.000632257 0.0063666
vt -0.000527939 0.00639583
vt -0.00492399 0.0063666
vt -0.00555625 0.00714375
vt 4.71239 0.01016
vt 4.71239 -0.00460375
vt 4.78068 -0.00460375
vt 4.78068 0.01016
vt 4.84898 -0.00460375
vt 4.84898 0.01016
vt 4.91728 -0.00460375
vt 4.91728 0.01016
vt 4.98557 -0.00460375
vt 4.98557 0.01016
vt 5.05387 -0.00460375
vt 5.05387 0.01016
vt 5.12216 -0.00460375
vt 5.12216 0.01016
vt 5.19046 -0.00460375
vt 5.19046 0.01016
vt 5.25875 -0.00460375
vt 5.25875 0.01016
vt 5.32705 -0.00460375
vt 5.32705 0.01016
vt 5.39534 -0.00460375
vt 5.39534 0.01016
vt 5.46364 -0.00460375
vt 5.46364 0.01016
vt 5.53193 -0.00460375
vt 5.53193 0.01016
vt 5.60023 -0.00460375
vt 5.60023 0.01016
vt 5.66853 -0.00460375
vt 5.66853 0.01016
vt 5.73682 -0.00460375
vt 5.73682 0.01016
vt 5.80512 -0.00460375
vt 5.80512 0.01016
vt 5.87341 -0.00460375
vt 5.87341 0.01016
vt 5.94171 -0.00460375
vt 5.94171 0.01016
vt 6.01 -0.00460375
vt 6.01 0.01016
vt 6.0783 -0.00460375
vt 6.0783 0.01016
vt 6.14659 -0.00460375
vt 6.14659 0.01016
vt 6.21489 -0.00460375
vt 6.21489 0.01016
vt 6.28319 -0.00460375
vt 6.28319 0.01016
vt -0.0047625 0.01016
vt -0.0047625 -0.00460375
vt -0.00079375 -0.00460375
vt -0.00079375 0.01016
f 1221/2439/1123 1222/2440/1124 1302/2441/1125
f 1303/2442/1126 1302/2441/1125 1304/2443/1127
f 1305/2444/1128 1304/2443/1127 1306/2445/1129
f 1307/2446/1130 1306/2445/1129 1308/2447/1131
f 1309/2448/1132 1308/2447/1131 1310/2449/1133
f 1311/2450/1134 1310/2449/1133 1312/2451/1135
f 1313/2452/1136 1312/2451/1135 1314/2453/1137
f 1315/2454/1138 1314/2453/1137 1316/2455/1139
f 1317/2456/1140 1316/2455/1139 1318/2457/1141
f 1319/2458/1142 1318/2457/1141 1320/2459/1143
f 1321/2460/1144 1320/2459/1143 1322/2461/1145
f 1323/2462/1146 1322/2461/1145 1324/2463/1147
f 1325/2464/1148 1324/2463/1147 1223/2465/1149
f 1224/2466/1150 1221/2439/1123 1303/2442/1126
f 1326/2467/1151 1303/2442/1126 1305/2444/1128
f 1327/2468/1152 1305/2444/1128 1307/2446/1130
f 1328/2469/1153 1307/2446/1130 1309/2448/1132
f 1329/2470/1154 1309/2448/1132 1311/2450/1134
f 1330/2471/1155 1311/2450/1134 1313/2452/1136
f 1331/2472/1156 1313/2452/1136 1315/2454/1138
f 1332/2473/1157 1315/2454/1138 1317/2456/1140
f 1333/2474/1158 1317/2456/1140 1319/2458/1142
f 1334/2475/1159 1319/2458/1142 1321/2460/1144
f 1335/2476/1160 1321/2460/1144 1323/2462/1146
f 1336/2477/1161 1323/2462/1146 1325/2464/1148
f 1337/2478/1162 1325/2464/1148 1225/2479/1163
f 1226/2480/1164 1224/2466/1150 1326/2467/1151
f 1338/2481/1165 1326/2467/1151 1327/2468/1152
f 1339/2482/1166 1327/2468/1152 1328/2469/1153
f 1340/2483/1167 1328/2469/1153 1329/2470/1154
f 1341/2484/1168 1329/2470/1154 1330/2471/1155
f 1342/2485/1169 1330/2471/1155 1331/2472/1156
f 1343/2486/1170 1331/2472/1156 1332/2473/1157
f 1344/2487/1171 1332/2473/1157 1333/2474/1158
f 1345/2488/1172 1333/2474/1158 1334/2475/1159
f 1346/2489/1173 1334/2475/1159 1335/2476/1160
f 1347/2490/1174 1335/2476/1160 1336/2477/1161
f 1348/2491/1175 1336/2477/1161 1337/2478/1162
f 1349/2492/1176 1337/2478/1162 1227/2493/1177
f 1228/2494/1178 1226/2480/1164 1338/2481/1165
f 1350/2495/1179 1338/2481/1165 1339/2482/1166
f 1351/2496/1180 1339/2482/1166 1340/2483/1167
f 1352/2497/1181 1340/2483/1167 1341/2484/1168
f 1353/2498/1182 1341/2484/1168 1342/2485/1169
f 1354/2499/1183 1342/2485/1169 1343/2486/1170
f 1355/2500/1184 1343/2486/1170 1344/2487/1171
f 1356/2501/1185 1344/2487/1171 1345/2488/1172
f 1357/2502/1186 1345/2488/1172 1346/2489/1173
f 1358/2503/1187 1346/2489/1173 1347/2490/1174
f 1359/2504/1188 1347/2490/1174 1348/2491/1175
f 1360/2505/1189 1348/2491/1175 1349/2492/1176
f 1361/2506/1190 1349/2492/1176 1229/2507/1191
f 1230/2508/1192 1228/2494/1178 1350/2495/1179
f 1362/2509/1193 1350/2495/1179 1351/2496/1180
f 1363/2510/1194 1351/2496/1180 1352/2497/1181
f 1364/2511/1195 1352/2497/1181 1353/2498/1182
f 1365/2512/1196 1353/2498/1182 1354/2499/1183
f 1366/2513/1197 1354/2499/1183 1355/2500/1184
f 1367/2514/1198 1355/2500/1184 1356/2501/1185
f 1368/2515/1199 1356/2501/1185 1357/2502/1186
f 1369/2516/1200 1357/2502/1186 1358/2503/1187
f 1370/2517/1201 1358/2503/1187 1359/2504/1188
f 1371/2518/1202 1359/2504/1188 1360/2505/1189
f 1372/2519/1203 1360/2505/1189 1361/2506/1190
f 1373/2520/1204 1361/2506/1190 1231/2521/1205
f 1232/2522/1206 1230/2508/1192 1362/2509/1193
f 1374/2523/1207 1362/2509/1193 1363/2510/1194
f 1375/2524/1208 1363/2510/1194 1364/2511/1195
f 1376/2525/1209 1364/2511/1195 1365/2512/1196
f 1377/2526/1210 1365/2512/1196 1366/2513/1197
f 1378/2527/1211 1366/2513/1197 1367/2514/1198
f 1379/2528/1212 1367/2514/1198 1368/2515/1199
f 1380/2529/1213 1368/2515/1199 1369/2516/1200
f 1381/2530/1214 1369/2516/1200 1370/2517/1201
f 1382/2531/1215 1370/2517/1201 1371/2518/1202
f 1383/2532/1216 1371/2518/1202 1372/2519/1203
f 1384/2533/1217 1372/2519/1203 1373/2520/1204
f 1385/2534/1218 1373/2520/1204 1233/2535/1219
f 1234/2536/1220 1232/2522/1206 1374/2523/1207
f 1386/2537/1221 1374/2523/1207 1375/2524/1208
f 1387/2538/1222 1375/2524/1208 1376/2525/1209
f 1388/2539/1223 1376/2525/1209 1377/2526/1210
f 1389/2540/1224 1377/2526/1210 1378/2527/1211
f 1390/2541/1225 1378/2527/1211 1379/2528/1212
f 1391/2542/1226 1379/2528/1212 1380/2529/1213
f 1392/2543/1227 1380/2529/1213 1381/2530/1214
f 1393/2544/1228 1381/2530/1214 1382/2531/1215
f 1394/2545/1229 1382/2531/1215 1383/2532/1216
f 1395/2546/1230 1383/2532/1216 1384/2533/1217
f 1396/2547/1231 1384/2533/1217 1385/2534/1218
f 1397/2548/1232 1385/2534/1218 1235/2549/1233
f 1236/2550/1234 1234/2536/1220 1386/2537/1221
f 1398/2551/1235 1386/2537/1221 1387/2538/1222
f 1399/2552/1236 1387/2538/1222 1388/2539/1223
f 1400/2553/1237 1388/2539/1223 1389/2540/1224
f 1401/2554/1238 1389/2540/1224 1390/2541/1225
f 1402/2555/1239 1390/2541/1225 1391/2542/1226
f 1403/2556/1240 1391/2542/1226 1392/2543/1227
f 1404/2557/1241 1392/2543/1227 1393/2544/1228
f 1405/2558/1242 1393/2544/1228 1394/2545/1229
f 1406/2559/1243 1394/2545/1229 1395/2546/1230
f 1407/2560/1244 1395/2546/1230 1396/2547/1231
f 1408/2561/1245 1396/2547/1231 1397/2548/1232
f 1409/2562/1246 1397/2548/1232 1237/2563/1247
f 1238/2564/1248 1236/2550/1234 1398/2551/1235
f 1410/2565/1249 1398/2551/1235 1399/2552/1236
f 1411/2566/1250 1399/2552/1236 1400/2553/1237
f 1412/2567/1251 1400/2553/1237 1401/2554/1238
f 1413/2568/1252 1401/2554/1238 1402/2555/1239
f 1414/2569/1253 1402/2555/1239 1403/2556/1240
f 1415/2570/1254 1403/2556/1240 1404/2557/1241
f 1416/2571/1255 1404/2557/1241 1405/2558/1242
f 1417/2572/1256 1405/2558/1242 1406/2559/1243
f 1418/2573/1257 1406/2559/1243 1407/2560/1244
f 1419/2574/1258 1407/2560/1244 1408/2561/1245
f 1420/2575/1259 1408/2561/1245 1409/2562/1246
f 1421/2576/1260 1409/2562/1246 1239/2577/1261
f 1240/2578/1262 1238/2564/1248 1410/2565/1249
f 1422/2579/1263 1410/2565/1249 1411/2566/1250
f 1423/2580/1264 1411/2566/1250 1412/2567/1251
f 1424/2581/1265 1412/2567/1251 1413/2568/1252
f 1425/2582/1266 1413/2568/1252 1414/2569/1253
f 1426/2583/1267 1414/2569/1253 1415/2570/1254
f 1427/2584/1268 1415/2570/1254 1416/2571/1255
f 1428/2585/1269 1416/2571/1255 1417/2572/1256
f 1429/2586/1270 1417/2572/1256 1418/2573/1257
f 1430/2587/1271 1418/2573/1257 1419/2574/1258
f 1431/2588/1272 1419/2574/1258 1420/2575/1259
f 1432/2589/1273 1420/2575/1259 1421/2576/1260
f 1433/2590/1274 1421/2576/1260 1241/2591/1275
f 1242/2592/1276 1240/2578/1262 1422/2579/1263
f 1434/2593/1277 1422/2579/1263 1423/2580/1264
f 1435/2594/1278 1423/2580/1264 1424/2581/1265
f 1436/2595/1279 1424/2581/1265 1425/2582/1266
f 1437/2596/1280 1425/2582/1266 1426/2583/1267
f 1438/2597/1281 1426/2583/1267 1427/2584/1268
f 1439/2598/1282 1427/2584/1268 1428/2585/1269
f 1440/2599/1283 1428/2585/1269 1429/2586/1270
f 1441/2600/1284 1429/2586/1270 1430/2587/1271
f 1442/2601/1285 1430/2587/1271 1431/2588/1272
f 1443/2602/1286 1431/2588/1272 1432/2589/1273
f 1444/2603/1287 1432/2589/1273 1433/2590/1274
f 1445/2604/1288 1433/2590/1274 1243/2605/1289
f 1244/2606/1290 1242/2592/1276 1434/2593/1277
f 1446/2607/1291 1434/2593/1277 1435/2594/1278
f 1447/2608/1292 1435/2594/1278 1436/2595/1279
f 1448/2609/1293 1436/2595/1279 1437/2596/1280
f 1449/2610/1294 1437/2596/1280 1438/2597/1281
f 1450/2611/1295 1438/2597/1281 1439/2598/1282
f 1451/2612/1296 1439/2598/1282 1440/2599/1283
f 1452/2613/1297 1440/2599/1283 1441/2600/1284
f 1453/2614/1298 1441/2600/1284 1442/2601/1285
f 1454/2615/1299 1442/2601/1285 1443/2602/1286
f 1455/2616/1300 1443/2602/1286 1444/2603/1287
f 1456/2617/1301 1444/2603/1287 1445/2604/1288
f 1457/2618/1302 1445/2604/1288 1245/2619/1303
f 1246/2620/1304 1244/2606/1290 1446/2607/1291
f 1458/2621/1305 1446/2607/1291 1447/2608/1292
f 1459/2622/1306 1447/2608/1292 1448/2609/1293
f 1460/2623/1307 1448/2609/1293 1449/2610/1294
f 1461/2624/1308 1449/2610/1294 1450/2611/1295
f 1462/2625/1309 1450/2611/1295 1451/2612/1296
f 1463/2626/1310 1451/2612/1296 1452/2613/1297
f 1464/2627/1311 1452/2613/1297 1453/2614/1298
f 1465/2628/1312 1453/2614/1298 1454/2615/1299
f 1466/2629/1313 1454/2615/1299 1455/2616/1300
f 1467/2630/1314 1455/2616/1300 1456/2617/1301
f 1468/2631/1315 1456/2617/1301 1457/2618/1302
f 1469/2632/1316 1457/2618/1302 1247/2633/1317
f 1248/2634/1318 1246/2620/1304 1458/2621/1305
f 1470/2635/1319 1458/2621/1305 1459/2622/1306
f 1471/2636/1320 1459/2622/1306 1460/2623/1307
f 1472/2637/1321 1460/2623/1307 1461/2624/1308
f 1473/2638/1322 1461/2624/1308 1462/2625/1309
f 1474/2639/1323 1462/2625/1309 1463/2626/1310
f 1475/2640/1324 1463/2626/1310 1464/2627/1311
f 1476/2641/1325 1464/2627/1311 1465/2628/1312
f 1477/2642/1326 1465/2628/1312 1466/2629/1313
f 1478/2643/1327 1466/2629/1313 1467/2630/1314
f 1479/2644/1328 1467/2630/1314 1468/2631/1315
f 1480/2645/1329 1468/2631/1315 1469/2632/1316
f 1481/2646/1330 1469/2632/1316 1249/2647/1331
f 1250/2648/1332 1248/2634/1318 1470/2635/1319
f 1482/2649/1333 1470/2635/1319 1471/2636/1320
f 1483/2650/1334 1471/2636/1320 1472/2637/1321
f 1484/2651/1335 1472/2637/1321 1473/2638/1322
f 1485/2652/1336 1473/2638/1322 1474/2639/1323
f 1486/2653/1337 1474/2639/1323 1475/2640/1324
f 1487/2654/1338 1475/2640/1324 1476/2641/1325
f 1488/2655/1339 1476/2641/1325 1477/2642/1326
f 1489/2656/1340 1477/2642/1326 1478/2643/1327
f 1490/2657/1341 1478/2643/1327 1479/2644/1328
f 1491/2658/1342 1479/2644/1328 1480/2645/1329
f 1492/2659/1343 1480/2645/1329 1481/2646/1330
f 1493/2660/1344 1481/2646/1330 1251/2661/1345
f 1252/2662/1346 1250/2648/1332 1482/2649/1333
f 1494/2663/1347 1482/2649/1333 1483/2650/1334
f 1495/2664/1348 1483/2650/1334 1484/2651/1335
f 1496/2665/1349 1484/2651/1335 1485/2652/1336
f 1497/2666/1350 1485/2652/1336 1486/2653/1337
f 1498/2667/1351 1486/2653/1337 1487/2654/1338
f 1499/2668/1352 1487/2654/1338 1488/2655/1339
f 1500/2669/1353 1488/2655/1339 1489/2656/1340
f 1501/2670/1354 1489/2656/1340 1490/2657/1341
f 1502/2671/1355 1490/2657/1341 1491/2658/1342
f 1503/2672/1356 1491/2658/1342 1492/2659/1343
f 1504/2673/1357 1492/2659/1343 1493/2660/1344
f 1505/2674/1358 1493/2660/1344 1253/2675/1359
f 1254/2676/1360 1252/2662/1346 1494/2663/1347
f 1506/2677/1361 1494/2663/1347 1495/2664/1348
f 1507/2678/1362 1495/2664/1348 1496/2665/1349
f 1508/2679/1363 1496/2665/1349 1497/2666/1350
f 1509/2680/1364 1497/2666/1350 1498/2667/1351
f 1510/2681/1365 1498/2667/1351 1499/2668/1352
f 1511/2682/1366 1499/2668/1352 1500/2669/1353
f 1512/2683/1367 1500/2669/1353 1501/2670/1354
f 1513/2684/1368 1501/2670/1354 1502/2671/1355
f 1514/2685/1369 1502/2671/1355 1503/2672/1356
f 1515/2686/1370 1503/2672/1356 1504/2673/1357
f 1516/2687/1371 1504/2673/1357 1505/2674/1358
f 1517/2688/1372 1505/2674/1358 1255/2689/1373
f 1256/2690/1374 1254/2676/1360 1506/2677/1361
f 1518/2691/1375 1506/2677/1361 1507/2678/1362
f 1519/2692/1376 1507/2678/1362 1508/2679/1363
f 1520/2693/1377 1508/2679/1363 1509/2680/1364
f 1521/2694/1378 1509/2680/1364 1510/2681/1365
f 1522/2695/1379 1510/2681/1365 1511/2682/1366
f 1523/2696/1380 1511/2682/1366 1512/2683/1367
f 1524/2697/1381 1512/2683/1367 1513/2684/1368
f 1525/2698/1382 1513/2684/1368 1514/2685/1369
f 1526/2699/1383 1514/2685/1369 1515/2686/1370
f 1527/2700/1384 1515/2686/1370 1516/2687/1371
f 1528/2701/1385 1516/2687/1371 1517/2688/1372
f 1529/2702/1386 1517/2688/1372 1257/2703/1387
f 1258/2704/1388 1256/2690/1374 1518/2691/1375
f 1530/2705/1389 1518/2691/1375 1519/2692/1376
f 1531/2706/1390 1519/2692/1376 1520/2693/1377
f 1532/2707/1391 1520/2693/1377 1521/2694/1378
f 1533/2708/1392 1521/2694/1378 1522/2695/1379
f 1534/2709/1393 1522/2695/1379 1523/2696/1380
f 1535/2710/1394 1523/2696/1380 1524/2697/1381
f 1536/2711/1395 1524/2697/1381 1525/2698/1382
f 1537/2712/1396 1525/2698/1382 1526/2699/1383
f 1538/2713/1397 1526/2699/1383 1527/2700/1384
f 1539/2714/1398 1527/2700/1384 1528/2701/1385
f 1540/2715/1399 1528/2701/1385 1529/2702/1386
f 1541/2716/1400 1529/2702/1386 1259/2717/1401
f 1260/2718/1402 1258/2704/1388 1530/2705/1389
f 1542/2719/1403 1530/2705/1389 1531/2706/1390
f 1543/2720/1404 1531/2706/1390 1532/2707/1391
f 1544/2721/1405 1532/2707/1391 1533/2708/1392
f 1545/2722/1406 1533/2708/1392 1534/2709/1393
f 1546/2723/1407 1534/2709/1393 1535/2710/1394
f 1547/2724/1408 1535/2710/1394 1536/2711/1395
f 1548/2725/1409 1536/2711/1395 1537/2712/1396
f 1549/2726/1410 1537/2712/1396 1538/2713/1397
f 1550/2727/1411 1538/2713/1397 1539/2714/1398
f 1551/2728/1412 1539/2714/1398 1540/2715/1399
f 1552/2729/1413 1540/2715/1399 1541/2716/1400
f 1553/2730/1414 1541/2716/1400 1261/2731/1415
f 1262/2732/1416 1260/2718/1402 1542/2719/1403
f 1554/2733/1417 1542/2719/1403 1543/2720/1404
f 1555/2734/1418 1543/2720/1404 1544/2721/1405
f 1556/2735/1419 1544/2721/1405 1545/2722/1406
f 1557/2736/1420 1545/2722/1406 1546/2723/1407
f 1558/2737/1421 1546/2723/1407 1547/2724/1408
f 1559/2738/1422 1547/2724/1408 1548/2725/1409
f 1560/2739/1423 1548/2725/1409 1549/2726/1410
f 1561/2740/1424 1549/2726/1410 1550/2727/1411
f 1562/2741/1425 1550/2727/1411 1551/2728/1412
f 1563/2742/1426 1551/2728/1412 1552/2729/1413
f 1564/2743/1427 1552/2729/1413 1553/2730/1414
f 1565/2744/1428 1553/2730/1414 1263/2745/1429
f 1262/2732/1416 1554/2733/1417 1264/2746/1430
f 1554/2733/1417 1265/2747/1431 1264/2746/1430
f 1554/2733/1417 1555/2734/1418 1266/2748/1432
f 1555/2734/1418 1267/2749/1433 1266/2748/1432
f 1266/2748/1432 1268/2750/1434 1554/2733/1417
f 1556/2735/1419 1269/2751/1435 1270/2752/1436
f 1270/2752/1436 1555/2734/1418 1556/2735/1419
f 1556/2735/1419 1271/2753/1437 1269/2751/1435
f 1557/2736/1420 1272/2754/1438 1273/2755/1439
f 1273/2755/1439 1556/2735/1419 1557/2736/1420
f 1557/2736/1420 1274/2756/1440 1272/2754/1438
f 1557/2736/1420 1558/2737/1421 1275/2757/1441
f 1558/2737/1421 1276/2758/1442 1275/2757/1441
f 1558/2737/1421 1559/2738/1422 1277/2759/1443
f 1559/2738/1422 1278/2760/1444 1277/2759/1443
f 1277/2759/1443 1279/2761/1445 1558/2737/1421
f 1559/2738/1422 1560/2739/1423 1280/2762/1446
f 1280/2762/1446 1281/2763/1447 1559/2738/1422
f 1560/2739/1423 1282/2764/1448 1280/2762/1446
f 1561/2740/1424 1283/2765/1449 1284/2766/1450
f 1284/2766/1450 1560/2739/1423 1561/2740/1424
f 1561/2740/1424 1285/2767/1451 1283/2765/1449
f 1562/2741/1425 1286/2768/1452 1287/2769/1453
f 1287/2769/1453 1561/2740/1424 1562/2741/1425
f 1562/2741/1425 1563/2742/1426 1288/2770/1454
f 1563/2742/1426 1289/2771/1455 1288/2770/1454
f 1288/2770/1454 1290/2772/1456 1562/2741/1425
f 1563/2742/1426 1564/2743/1427 1291/2773/1457
f 1564/2743/1427 1292/2774/1458 1291/2773/1457
f 1291/2773/1457 1293/2775/1459 1563/2742/1426
f 1565/2744/1428 1294/2776/1460 1295/2777/1461
f 1295/2777/1461 1564/2743/1427 1565/2744/1428
f 1565/2744/1428 1296/2778/1462 1294/2776/1460
f 1297/2779/1463 1298/2780/1464 1299/2781/1465
f 1299/2781/1465 1565/2744/1428 1297/2779/1463
f 1299/2781/1465 1296/2778/1462 1565/2744/1428
f 1295/2777/1461 1292/2774/1458 1564/2743/1427
f 1293/2775/1459 1289/2771/1455 1563/2742/1426
f 1290/2772/1456 1286/2768/1452 1562/2741/1425
f 1287/2769/1453 1285/2767/1451 1561/2740/1424
f 1284/2766/1450 1282/2764/1448 1560/2739/1423
f 1281/2763/1447 1278/2760/1444 1559/2738/1422
f 1279/2761/1445 1276/2758/1442 1558/2737/1421
f 1275/2757/1441 1274/2756/1440 1557/2736/1420
f 1273/2755/1439 1271/2753/1437 1556/2735/1419
f 1270/2752/1436 1267/2749/1433 1555/2734/1418
f 1268/2750/1434 1265/2747/1431 1554/2733/1417
f 1264/2746/1430 1300/2782/1466 1262/2732/1416
f 1263/2745/1429 1297/2779/1463 1565/2744/1428
f 1553/2730/1414 1565/2744/1428 1564/2743/1427
f 1552/2729/1413 1564/2743/1427 1563/2742/1426
f 1551/2728/1412 1563/2742/1426 1562/2741/1425
f 1550/2727/1411 1562/2741/1425 1561/2740/1424
f 1549/2726/1410 1561/2740/1424 1560/2739/1423
f 1548/2725/1409 1560/2739/1423 1559/2738/1422
f 1547/2724/1408 1559/2738/1422 1558/2737/1421
f 1546/2723/1407 1558/2737/1421 1557/2736/1420
f 1545/2722/1406 1557/2736/1420 1556/2735/1419
f 1544/2721/1405 1556/2735/1419 1555/2734/1418
f 1543/2720/1404 1555/2734/1418 1554/2733/1417
f 1542/2719/1403 1554/2733/1417 1262/2732/1416
f 1261/2731/1415 1263/2745/1429 1553/2730/1414
f 1541/2716/1400 1553/2730/1414 1552/2729/1413
f 1540/2715/1399 1552/2729/1413 1551/2728/1412
f 1539/2714/1398 1551/2728/1412 1550/2727/1411
f 1538/2713/1397 1550/2727/1411 1549/2726/1410
f 1537/2712/1396 1549/2726/1410 1548/2725/1409
f 1536/2711/1395 1548/2725/1409 1547/2724/1408
f 1535/2710/1394 1547/2724/1408 1546/2723/1407
f 1534/2709/1393 1546/2723/1407 1545/2722/1406
f 1533/2708/1392 1545/2722/1406 1544/2721/1405
f 1532/2707/1391 1544/2721/1405 1543/2720/1404
f 1531/2706/1390 1543/2720/1404 1542/2719/1403
f 1530/2705/1389 1542/2719/1403 1260/2718/1402
f 1259/2717/1401 1261/2731/1415 1541/2716/1400
f 1529/2702/1386 1541/2716/1400 1540/2715/1399
f 1528/2701/1385 1540/2715/1399 1539/2714/1398
f 1527/2700/1384 1539/2714/1398 1538/2713/1397
f 1526/2699/1383 1538/2713/1397 1537/2712/1396
f 1525/2698/1382 1537/2712/1396 1536/2711/1395
f 1524/2697/1381 1536/2711/1395 1535/2710/1394
f 1523/2696/1380 1535/2710/1394 1534/2709/1393
f 1522/2695/1379 1534/2709/1393 1533/2708/1392
f 1521/2694/1378 1533/2708/1392 1532/2707/1391
f 1520/2693/1377 1532/2707/1391 1531/2706/1390
f 1519/2692/1376 1531/2706/1390 1530/2705/1389
f 1518/2691/1375 1530/2705/1389 1258/2704/1388
f 1257/2703/1387 1259/2717/1401 1529/2702/1386
f 1517/2688/1372 1529/2702/1386 1528/2701/1385
f 1516/2687/1371 1528/2701/1385 1527/2700/1384
f 1515/2686/1370 1527/2700/1384 1526/2699/1383
f 1514/2685/1369 1526/2699/1383 1525/2698/1382
f 1513/2684/1368 1525/2698/1382 1524/2697/1381
f 1512/2683/1367 1524/2697/1381 1523/2696/1380
f 1511/2682/1366 1523/2696/1380 1522/2695/1379
f 1510/2681/1365 1522/2695/1379 1521/2694/1378
f 1509/2680/1364 1521/2694/1378 1520/2693/1377
f 1508/2679/1363 1520/2693/1377 1519/2692/1376
f 1507/2678/1362 1519/2692/1376 1518/2691/1375
f 1506/2677/1361 1518/2691/1375 1256/2690/1374
f 1255/2689/1373 1257/2703/1387 1517/2688/1372
f 1505/2674/1358 1517/2688/1372 1516/2687/1371
f 1504/2673/1357 1516/2687/1371 1515/2686/1370
f 1503/2672/1356 1515/2686/1370 1514/2685/1369
f 1502/2671/1355 1514/2685/1369 1513/2684/1368
f 1501/2670/1354 1513/2684/1368 1512/2683/1367
f 1500/2669/1353 1512/2683/1367 1511/2682/1366
f 1499/2668/1352 1511/2682/1366 1510/2681/1365
f 1498/2667/1351 1510/2681/1365 1509/2680/1364
f 1497/2666/1350 1509/2680/1364 1508/2679/1363
f 1496/2665/1349 1508/2679/1363 1507/2678/1362
f 1495/2664/1348 1507/2678/1362 1506/2677/1361
f 1494/2663/1347 1506/2677/1361 1254/2676/1360
f 1253/2675/1359 1255/2689/1373 1505/2674/1358
f 1493/2660/1344 1505/2674/1358 1504/2673/1357
f 1492/2659/1343 1504/2673/1357 1503/2672/1356
f 1491/2658/1342 1503/2672/1356 1502/2671/1355
f 1490/2657/1341 1502/2671/1355 1501/2670/1354
f 1489/2656/1340 1501/2670/1354 1500/2669/1353
f 1488/2655/1339 1500/2669/1353 1499/2668/1352
f 1487/2654/1338 1499/2668/1352 1498/2667/1351
f 1486/2653/1337 1498/2667/1351 1497/2666/1350
f 1485/2652/1336 1497/2666/1350 1496/2665/1349
f 1484/2651/1335 1496/2665/1349 1495/2664/1348
f 1483/2650/1334 1495/2664/1348 1494/2663/1347
f 1482/2649/1333 1494/2663/1347 1252/2662/1346
f 1251/2661/1345 1253/2675/1359 1493/2660/1344
f 1481/2646/1330 1493/2660/1344 1492/2659/1343
f 1480/2645/1329 1492/2659/1343 1491/2658/1342
f 1479/2644/1328 1491/2658/1342 1490/2657/1341
f 1478/2643/1327 1490/2657/1341 1489/2656/1340
f 1477/2642/1326 1489/2656/1340 1488/2655/1339
f 1476/2641/1325 1488/2655/1339 1487/2654/1338
f 1475/2640/1324 1487/2654/1338 1486/2653/1337
f 1474/2639/1323 1486/2653/1337 1485/2652/1336
f 1473/2638/1322 1485/2652/1336 1484/2651/1335
f 1472/2637/1321 1484/2651/1335 1483/2650/1334
f 1471/2636/1320 1483/2650/1334 1482/2649/1333
f 1470/2635/1319 1482/2649/1333 1250/2648/1332
f 1249/2647/1331 1251/2661/1345 1481/2646/1330
f 1469/2632/1316 1481/2646/1330 1480/2645/1329
f 1468/2631/1315 1480/2645/1329 1479/2644/1328
f 1467/2630/1314 1479/2644/1328 1478/2643/1327
f 1466/2629/1313 1478/2643/1327 1477/2642/1326
f 1465/2628/1312 1477/2642/1326 1476/2641/1325
f 1464/2627/1311 1476/2641/1325 1475/2640/1324
f 1463/2626/1310 1475/2640/1324 1474/2639/1323
f 1462/2625/1309 1474/2639/1323 1473/2638/1322
f 1461/2624/1308 1473/2638/1322 1472/2637/1321
f 1460/2623/1307 1472/2637/1321 1471/2636/1320
f 1459/2622/1306 1471/2636/1320 1470/2635/1319
f 1458/2621/1305 1470/2635/1319 1248/2634/1318
f 1247/2633/1317 1249/2647/1331 1469/2632/1316
f 1457/2618/1302 1469/2632/1316 1468/2631/1315
f 1456/2617/1301 1468/2631/1315 1467/2630/1314
f 1455/2616/1300 1467/2630/1314 1466/2629/1313
f 1454/2615/1299 1466/2629/1313 1465/2628/1312
f 1453/2614/1298 1465/2628/1312 1464/2627/1311
f 1452/2613/1297 1464/2627/1311 1463/2626/1310
f 1451/2612/1296 1463/2626/1310 1462/2625/1309
f 1450/2611/1295 1462/2625/1309 1461/2624/1308
f 1449/2610/1294 1461/2624/1308 1460/2623/1307
f 1448/2609/1293 1460/2623/1307 1459/2622/1306
f 1447/2608/1292 1459/2622/1306 1458/2621/1305
f 1446/2607/1291 1458/2621/1305 1246/2620/1304
f 1245/2619/1303 1247/2633/1317 1457/2618/1302
f 1445/2604/1288 1457/2618/1302 1456/2617/1301
f 1444/2603/1287 1456/2617/1301 1455/2616/1300
f 1443/2602/1286 1455/2616/1300 1454/2615/1299
f 1442/2601/1285 1454/2615/1299 1453/2614/1298
f 1441/2600/1284 1453/2614/1298 1452/2613/1297
f 1440/2599/1283 1452/2613/1297 1451/2612/1296
f 1439/2598/1282 1451/2612/1296 1450/2611/1295
f 1438/2597/1281 1450/2611/1295 1449/2610/1294
f 1437/2596/1280 1449/2610/1294 1448/2609/1293
f 1436/2595/1279 1448/2609/1293 1447/2608/1292
f 1435/2594/1278 1447/2608/1292 1446/2607/1291
f 1434/2593/1277 1446/2607/1291 1244/2606/1290
f 1243/2605/1289 1245/2619/1303 1445/2604/1288
f 1433/2590/1274 1445/2604/1288 1444/2603/1287
f 1432/2589/1273 1444/2603/1287 1443/2602/1286
f 1431/2588/1272 1443/2602/1286 1442/2601/1285
f 1430/2587/1271 1442/2601/1285 1441/2600/1284
f 1429/2586/1270 1441/2600/1284 1440/2599/1283
f 1428/2585/1269 1440/2599/1283 1439/2598/1282
f 1427/2584/1268 1439/2598/1282 1438/2597/1281
f 1426/2583/1267 1438/2597/1281 1437/2596/1280
f 1425/2582/1266 1437/2596/1280 1436/2595/1279
f 1424/2581/1265 1436/2595/1279 1435/2594/1278
f 1423/2580/1264 1435/2594/1278 1434/2593/1277
f 1422/2579/1263 1434/2593/1277 1242/2592/1276
f 1241/2591/1275 1243/2605/1289 1433/2590/1274
f 1421/2576/1260 1433/2590/1274 1432/2589/1273
f 1420/2575/1259 1432/2589/1273 1431/2588/1272
f 1419/2574/1258 1431/2588/1272 1430/2587/1271
f 1418/2573/1257 1430/2587/1271 1429/2586/1270
f 1417/2572/1256 1429/2586/1270 1428/2585/1269
f 1416/2571/1255 1428/2585/1269 1427/2584/1268
f 1415/2570/1254 1427/2584/1268 1426/2583/1267
f 1414/2569/1253 1426/2583/1267 1425/2582/1266
f 1413/2568/1252 1425/2582/1266 1424/2581/1265
f 1412/2567/1251 1424/2581/1265 1423/2580/1264
f 1411/2566/1250 1423/2580/1264 1422/2579/1263
f 1410/2565/1249 1422/2579/1263 1240/2578/1262
f 1239/2577/1261 1241/2591/1275 1421/2576/1260
f 1409/2562/1246 1421/2576/1260 1420/2575/1259
f 1408/2561/1245 1420/2575/1259 1419/2574/1258
f 1407/2560/1244 1419/2574/1258 1418/2573/1257
f 1406/2559/1243 1418/2573/1257 1417/2572/1256
f 1405/2558/1242 1417/2572/1256 1416/2571/1255
f 1404/2557/1241 1416/2571/1255 1415/2570/1254
f 1403/2556/1240 1415/2570/1254 1414/2569/1253
f 1402/2555/1239 1414/2569/1253 1413/2568/1252
f 1401/2554/1238 1413/2568/1252 1412/2567/1251
f 1400/2553/1237 1412/2567/1251 1411/2566/1250
f 1399/2552/1236 1411/2566/1250 1410/2565/1249
f 1398/2551/1235 1410/2565/1249 1238/2564/1248
f 1237/2563/1247 1239/2577/1261 1409/2562/1246
f 1397/2548/1232 1409/2562/1246 1408/2561/1245
f 1396/2547/1231 1408/2561/1245 1407/2560/1244
f 1395/2546/1230 1407/2560/1244 1406/2559/1243
f 1394/2545/1229 1406/2559/1243 1405/2558/1242
f 1393/2544/1228 1405/2558/1242 1404/2557/1241
f 1392/2543/1227 1404/2557/1241 1403/2556/1240
f 1391/2542/1226 1403/2556/1240 1402/2555/1239
f 1390/2541/1225 1402/2555/1239 1401/2554/1238
f 1389/2540/1224 1401/2554/1238 1400/2553/1237
f 1388/2539/1223 1400/2553/1237 1399/2552/1236
f 1387/2538/1222 1399/2552/1236 1398/2551/1235
f 1386/2537/1221 1398/2551/1235 1236/2550/1234
f 1235/2549/1233 1237/2563/1247 1397/2548/1232
f 1385/2534/1218 1397/2548/1232 1396/2547/1231
f 1384/2533/1217 1396/2547/1231 1395/2546/1230
f 1383/2532/1216 1395/2546/1230 1394/2545/1229
f 1382/2531/1215 1394/2545/1229 1393/2544/1228
f 1381/2530/1214 1393/2544/1228 1392/2543/1227
f 1380/2529/1213 1392/2543/1227 1391/2542/1226
f 1379/2528/1212 1391/2542/1226 1390/2541/1225
f 1378/2527/1211 1390/2541/1225 1389/2540/1224
f 1377/2526/1210 1389/2540/1224 1388/2539/1223
f 1376/2525/1209 1388/2539/1223 1387/2538/1222
f 1375/2524/1208 1387/2538/1222 1386/2537/1221
f 1374/2523/1207 1386/2537/1221 1234/2536/1220
f 1233/2535/1219 1235/2549/1233 1385/2534/1218
f 1373/2520/1204 1385/2534/1218 1384/2533/1217
f 1372/2519/1203 1384/2533/1217 1383/2532/1216
f 1371/2518/1202 1383/2532/1216 1382/2531/1215
f 1370/2517/1201 1382/2531/1215 1381/2530/1214
f 1369/2516/1200 1381/2530/1214 1380/2529/1213
f 1368/2515/1199 1380/2529/1213 1379/2528/1212
f 1367/2514/1198 1379/2528/1212 1378/2527/1211
f 1366/2513/1197 1378/2527/1211 1377/2526/1210
f 1365/2512/1196 1377/2526/1210 1376/2525/1209
f 1364/2511/1195 1376/2525/1209 1375/2524/1208
f 1363/2510/1194 1375/2524/1208 1374/2523/1207
f 1362/2509/1193 1374/2523/1207 1232/2522/1206
f 1231/2521/1205 1233/2535/1219 1373/2520/1204
f 1361/2506/1190 1373/2520/1204 1372/2519/1203
f 1360/2505/1189 1372/2519/1203 1371/2518/1202
f 1359/2504/1188 1371/2518/1202 1370/2517/1201
f 1358/2503/1187 1370/2517/1201 1369/2516/1200
f 1357/2502/1186 1369/2516/1200 1368/2515/1199
f 1356/2501/1185 1368/2515/1199 1367/2514/1198
f 1355/2500/1184 1367/2514/1198 1366/2513/1197
f 1354/2499/1183 1366/2513/1197 1365/2512/1196
f 1353/2498/1182 1365/2512/1196 1364/2511/1195
f 1352/2497/1181 1364/2511/1195 1363/2510/1194
f 1351/2496/1180 1363/2510/1194 1362/2509/1193
f 1350/2495/1179 1362/2509/1193 1230/2508/1192
f 1229/2507/1191 1231/2521/1205 1361/2506/1190
f 1349/2492/1176 1361/2506/1190 1360/2505/1189
f 1348/2491/1175 1360/2505/1189 1359/2504/1188
f 1347/2490/1174 1359/2504/1188 1358/2503/1187
f 1346/2489/1173 1358/2503/1187 1357/2502/1186
f 1345/2488/1172 1357/2502/1186 1356/2501/1185
f 1344/2487/1171 1356/2501/1185 1355/2500/1184
f 1343/2486/1170 1355/2500/1184 1354/2499/1183
f 1342/2485/1169 1354/2499/1183 1353/2498/1182
f 1341/2484/1168 1353/2498/1182 1352/2497/1181
f 1340/2483/1167 1352/2497/1181 1351/2496/1180
f 1339/2482/1166 1351/2496/1180 1350/2495/1179
f 1338/2481/1165 1350/2495/1179 1228/2494/1178
f 1227/2493/1177 1229/2507/1191 1349/2492/1176
f 1337/2478/1162 1349/2492/1176 1348/2491/1175
f 1336/2477/1161 1348/2491/1175 1347/2490/1174
f 1335/2476/1160 1347/2490/1174 1346/2489/1173
f 1334/2475/1159 1346/2489/1173 1345/2488/1172
f 1333/2474/1158 1345/2488/1172 1344/2487/1171
f 1332/2473/1157 1344/2487/1171 1343/2486/1170
f 1331/2472/1156 1343/2486/1170 1342/2485/1169
f 1330/2471/1155 1342/2485/1169 1341/2484/1168
f 1329/2470/1154 1341/2484/1168 1340/2483/1167
f 1328/2469/1153 1340/2483/1167 1339/2482/1166
f 1327/2468/1152 1339/2482/1166 1338/2481/1165
f 1326/2467/1151 1338/2481/1165 1226/2480/1164
f 1225/2479/1163 1227/2493/1177 1337/2478/1162
f 1325/2464/1148 1337/2478/1162 1336/2477/1161
f 1323/2462/1146 1336/2477/1161 1335/2476/1160
f 1321/2460/1144 1335/2476/1160 1334/2475/1159
f 1319/2458/1142 1334/2475/1159 1333/2474/1158
f 1317/2456/1140 1333/2474/1158 1332/2473/1157
f 1315/2454/1138 1332/2473/1157 1331/2472/1156
f 1313/2452/1136 1331/2472/1156 1330/2471/1155
f 1311/2450/1134 1330/2471/1155 1329/2470/1154
f 1309/2448/1132 1329/2470/1154 1328/2469/1153
f 1307/2446/1130 1328/2469/1153 1327/2468/1152
f 1305/2444/1128 1327/2468/1152 1326/2467/1151
f 1303/2442/1126 1326/2467/1151 1224/2466/1150
f 1223/2465/1149 1225/2479/1163 1325/2464/1148
f 1324/2463/1147 1325/2464/1148 1323/2462/1146
f 1322/2461/1145 1323/2462/1146 1321/2460/1144
f 1320/2459/1143 1321/2460/1144 1319/2458/1142
f 1318/2457/1141 1319/2458/1142 1317/2456/1140
f 1316/2455/1139 1317/2456/1140 1315/2454/1138
f 1314/2453/1137 1315/2454/1138 1313/2452/1136
f 1312/2451/1135 1313/2452/1136 1311/2450/1134
f 1310/2449/1133 1311/2450/1134 1309/2448/1132
f 1308/2447/1131 1309/2448/1132 1307/2446/1130
f 1306/2445/1129 1307/2446/1130 1305/2444/1128
f 1304/2443/1127 1305/2444/1128 1303/2442/1126
f 1302/2441/1125 1303/2442/1126 1221/2439/1123
f 1223/2465/1149 1324/2463/1147 1301/2783/1467
f 1324/2463/1147 1322/2461/1145 1301/2784/1467
f 1322/2461/1145 1320/2459/1143 1301/2785/1467
f 1320/2459/1143 1318/2457/1141 1301/2786/1467
f 1318/2457/1141 1316/2455/1139 1301/2787/1467
f 1316/2455/1139 1314/2453/1137 1301/2788/1467
f 1314/2453/1137 1312/2451/1135 1301/2789/1467
f 1312/2451/1135 1310/2449/1133 1301/2790/1467
f 1310/2449/1133 1308/2447/1131 1301/2791/1467
f 1308/2447/1131 1306/2445/1129 1301/2792/1467
f 1306/2445/1129 1304/2443/1127 1301/2793/1467
f 1304/2443/1127 1302/2441/1125 1301/2794/1467
f 1302/2441/1125 1222/2440/1124 1301/2795/1467
f 1300/2796/1466 1566/2797/1466 1567/2798/1468
f 1262/2799/1468 1567/2798/1468 1568/2800/1469
f 1260/2801/1469 1568/2800/1469 1569/2802/1470
f 1258/2803/1470 1569/2802/1470 1570/2804/1471
f 1256/2805/1471 1570/2804/1471 1571/2806/1472
f 1254/2807/1472 1571/2806/1472 1572/2808/1473
f 1252/2809/1473 1572/2808/1473 1573/2810/1474
f 1250/2811/1474 1573/2810/1474 1574/2812/1475
f 1248/2813/1475 1574/2812/1475 1575/2814/1476
f 1246/2815/1476 1575/2814/1476 1576/2816/1477
f 1244/2817/1477 1576/2816/1477 1577/2818/1478
f 1242/2819/1478 1577/2818/1478 1578/2820/1479
f 1240/2821/1479 1578/2820/1479 1579/2822/1480
f 1238/2823/1480 1579/2822/1480 1580/2824/1481
f 1236/2825/1481 1580/2824/1481 1581/2826/1482
f 1234/2827/1482 1581/2826/1482 1582/2828/1483
f 1232/2829/1483 1582/2828/1483 1583/2830/1484
f 1230/2831/1484 1583/2830/1484 1584/2832/1485
f 1228/2833/1485 1584/2832/1485 1585/2834/1486
f 1226/2835/1486 1585/2834/1486 1586/2836/1487
f 1224/2837/1487 1586/2836/1487 1587/2838/1488
f 1221/2839/1488 1587/2838/1488 1588/2840/1489
f 1222/2841/1489 1588/2840/1489 1589/2842/1490
f 1589/2842/1490 1301/2843/1490 1222/2841/1489
f 1588/2840/1489 1222/2841/1489 1221/2839/1488
f 1587/2838/1488 1221/2839/1488 1224/2837/1487
f 1586/2836/1487 1224/2837/1487 1226/2835/1486
f 1585/2834/1486 1226/2835/1486 1228/2833/1485
f 1584/2832/1485 1228/2833/1485 1230/2831/1484
f 1583/2830/1484 1230/2831/1484 1232/2829/1483
f 1582/2828/1483 1232/2829/1483 1234/2827/1482
f 1581/2826/1482 1234/2827/1482 1236/2825/1481
f 1580/2824/1481 1236/2825/1481 1238/2823/1480
f 1579/2822/1480 1238/2823/1480 1240/2821/1479
f 1578/2820/1479 1240/2821/1479 1242/2819/1478
f 1577/2818/1478 1242/2819/1478 1244/2817/1477
f 1576/2816/1477 1244/2817/1477 1246/2815/1476
f 1575/2814/1476 1246/2815/1476 1248/2813/1475
f 1574/2812/1475 1248/2813/1475 1250/2811/1474
f 1573/2810/1474 1250/2811/1474 1252/2809/1473
f 1572/2808/1473 1252/2809/1473 1254/2807/1472
f 1571/2806/1472 1254/2807/1472 1256/2805/1471
f 1570/2804/1471 1256/2805/1471 1258/2803/1470
f 1569/2802/1470 1258/2803/1470 1260/2801/1469
f 1568/2800/1469 1260/2801/1469 1262/2799/1468
f 1567/2798/1468 1262/2799/1468 1300/2796/1466
f 1590/2844/1491 1298/2845/1491 1297/2846/1492
f 1591/2847/1492 1297/2846/1492 1263/2848/1493
f 1592/2849/1493 1263/2848/1493 1261/2850/1494
f 1593/2851/1494 1261/2850/1494 1259/2852/1495
f 1594/2853/1495 1259/2852/1495 1257/2854/1496
f 1595/2855/1496 1257/2854/1496 1255/2856/1497
f 1596/2857/1497 1255/2856/1497 1253/2858/1498
f 1597/2859/1498 1253/2858/1498 1251/2860/1499
f 1598/2861/1499 1251/2860/1499 1249/2862/1500
f 1599/2863/1500 1249/2862/1500 1247/2864/1501
f 1600/2865/1501 1247/2864/1501 1245/2866/1502
f 1601/2867/1502 1245/2866/1502 1243/2868/1503
f 1602/2869/1503 1243/2868/1503 1241/2870/1504
f 1603/2871/1504 1241/2870/1504 1239/2872/1505
f 1604/2873/1505 1239/2872/1505 1237/2874/1506
f 1605/2875/1506 1237/2874/1506 1235/2876/1507
f 1606/2877/1507 1235/2876/1507 1233/2878/1508
f 1607/2879/1508 1233/2878/1508 1231/2880/1509
f 1608/2881/1509 1231/2880/1509 1229/2882/1510
f 1609/2883/1510 1229/2882/1510 1227/2884/1511
f 1610/2885/1511 1227/2884/1511 1225/2886/1512
f 1611/2887/1512 1225/2886/1512 1223/2888/1513
f 1612/2889/1513 1223/2888/1513 1301/2890/1514
f 1301/2890/1514 1613/2891/1514 1612/2889/1513
f 1223/2888/1513 1612/2889/1513 1611/2887/1512
f 1225/2886/1512 1611/2887/1512 1610/2885/1511
f 1227/2884/1511 1610/2885/1511 1609/2883/1510
f 1229/2882/1510 1609/2883/1510 1608/2881/1509
f 1231/2880/1509 1608/2881/1509 1607/2879/1508
f 1233/2878/1508 1607/2879/1508 1606/2877/1507
f 1235/2876/1507 1606/2877/1507 1605/2875/1506
f 1237/2874/1506 1605/2875/1506 1604/2873/1505
f 1239/2872/1505 1604/2873/1505 1603/2871/1504
f 1241/2870/1504 1603/2871/1504 1602/2869/1503
f 1243/2868/1503 1602/2869/1503 1601/2867/1502
f 1245/2866/1502 1601/2867/1502 1600/2865/1501
f 1247/2864/1501 1600/2865/1501 1599/2863/1500
f 1249/2862/1500 1599/2863/1500 1598/2861/1499
f 1251/2860/1499 1598/2861/1499 1597/2859/1498
f 1253/2858/1498 1597/2859/1498 1596/2857/1497
f 1255/2856/1497 1596/2857/1497 1595/2855/1496
f 1257/2854/1496 1595/2855/1496 1594/2853/1495
f 1259/2852/1495 1594/2853/1495 1593/2851/1494
f 1261/2850/1494 1593/2851/1494 1592/2849/1493
f 1263/2848/1493 1592/2849/1493 1591/2847/1492
f 1297/2846/1492 1591/2847/1492 1590/2844/1491
f 1298/2892/1515 1614/2893/1515 1615/2894/1516
f 1294/2895/1517 1296/2896/1518 1616/2897/1518
f 1615/2894/1516 1616/2897/1518 1296/2896/1518
f 1296/2896/1518 1299/2898/1519 1615/2894/1516
f 1294/2895/1517 1617/2899/1520 1618/2900/1521
f 1291/2901/1522 1292/2902/1523 1619/2903/1523
f 1618/2900/1521 1619/2903/1523 1292/2902/1523
f 1292/2902/1523 1295/2904/1524 1618/2900/1521
f 1291/2901/1522 1620/2905/1525 1621/2906/1526
f 1288/2907/1527 1289/2908/1528 1622/2909/1528
f 1621/2906/1526 1622/2909/1528 1289/2908/1528
f 1289/2908/1528 1293/2910/1529 1621/2906/1526
f 1288/2907/1527 1623/2911/1530 1624/2912/1531
f 1287/2913/1532 1286/2914/1533 1625/2915/1533
f 1624/2912/1531 1625/2915/1533 1286/2914/1533
f 1286/2914/1533 1290/2916/1534 1624/2912/1531
f 1283/2917/1535 1285/2918/1536 1626/2919/1536
f 1627/2920/1537 1626/2919/1536 1285/2918/1536
f 1285/2918/1536 1287/2913/1532 1627/2920/1537
f 1283/2917/1535 1628/2921/1538 1629/2922/1539
f 1282/2923/1540 1630/2924/1540 1631/2925/1541
f 1629/2922/1539 1630/2924/1540 1282/2923/1540
f 1282/2923/1540 1284/2926/1542 1629/2922/1539
f 1280/2927/1541 1631/2925/1541 1632/2928/1543
f 1277/2929/1544 1278/2930/1545 1633/2931/1545
f 1633/2931/1545 1278/2930/1545 1281/2932/1546
f 1281/2932/1546 1632/2928/1543 1633/2931/1545
f 1277/2929/1544 1634/2933/1547 1635/2934/1548
f 1275/2935/1549 1276/2936/1550 1636/2937/1550
f 1635/2934/1548 1636/2937/1550 1276/2936/1550
f 1276/2936/1550 1279/2938/1551 1635/2934/1548
f 1272/2939/1552 1274/2940/1553 1637/2941/1553
f 1638/2942/1554 1637/2941/1553 1274/2940/1553
f 1274/2940/1553 1275/2935/1549 1638/2942/1554
f 1272/2939/1552 1639/2943/1555 1640/2944/1556
f 1269/2945/1557 1271/2946/1558 1641/2947/1558
f 1640/2944/1556 1641/2947/1558 1271/2946/1558
f 1271/2946/1558 1273/2948/1559 1640/2944/1556
f 1269/2945/1557 1642/2949/1560 1643/2950/1561
f 1266/2951/1562 1267/2952/1563 1644/2953/1563
f 1643/2950/1561 1644/2953/1563 1267/2952/1563
f 1267/2952/1563 1270/2954/1564 1643/2950/1561
f 1266/2951/1562 1645/2955/1565 1646/2956/1566
f 1264/2957/1567 1265/2958/1568 1647/2959/1568
f 1646/2956/1566 1647/2959/1568 1265/2958/1568
f 1265/2958/1568 1268/2960/1569 1646/2956/1566
f 1264/2957/1567 1648/2961/1570 1649/2962/1571
f 1649/2962/1571 1300/2963/1571 1264/2957/1567
f 1647/2959/1568 1648/2961/1570 1264/2957/1567
f 1646/2956/1566 1268/2960/1569 1266/2951/1562
f 1644/2953/1563 1645/2955/1565 1266/2951/1562
f 1643/2950/1561 1270/2954/1564 1269/2945/1557
f 1641/2947/1558 1642/2949/1560 1269/2945/1557
f 1640/2944/1556 1273/2948/1559 1272/2939/1552
f 1637/2941/1553 1639/2943/1555 1272/2939/1552
f 1636/2937/1550 1638/2942/1554 1275/2935/1549
f 1635/2934/1548 1279/2938/1551 1277/2929/1544
f 1633/2931/1545 1634/2933/1547 1277/2929/1544
f 1632/2928/1543 1281/2932/1546 1280/2927/1541
f 1631/2925/1541 1280/2927/1541 1282/2923/1540
f 1629/2922/1539 1284/2926/1542 1283/2917/1535
f 1626/2919/1536 1628/2921/1538 1283/2917/1535
f 1625/2915/1533 1627/2920/1537 1287/2913/1532
f 1624/2912/1531 1290/2916/1534 1288/2907/1527
f 1622/2909/1528 1623/2911/1530 1288/2907/1527
f 1621/2906/1526 1293/2910/1529 1291/2901/1522
f 1619/2903/1523 1620/2905/1525 1291/2901/1522
f 1618/2900/1521 1295/2904/1524 1294/2895/1517
f 1616/2897/1518 1617/2899/1520 1294/2895/1517
f 1615/2894/1516 1299/2898/1519 1298/2892/1515
f 1649/2964/1571 1650/2965/1571 1566/2966/1571
f 1566/2966/1571 1300/2967/1571 1649/2964/1571
f 1651/2968/1572 1652/2969/1573 1708/2970/1574
f 1709/2971/1575 1708/2970/1574 1710/2972/1576
f 1711/2973/1577 1710/2972/1576 1712/2974/1578
f 1713/2975/1579 1712/2974/1578 1714/2976/1580
f 1715/2977/1581 1714/2976/1580 1716/2978/1582
f 1717/2979/1583 1716/2978/1582 1718/2980/1584
f 1719/2981/1585 1718/2980/1584 1720/2982/1586
f 1721/2983/1587 1720/2982/1586 1722/2984/1588
f 1723/2985/1589 1722/2984/1588 1724/2986/1590
f 1725/2987/1591 1724/2986/1590 1726/2988/1592
f 1727/2989/1593 1726/2988/1592 1728/2990/1594
f 1729/2991/1595 1728/2990/1594 1730/2992/1596
f 1731/2993/1597 1730/2992/1596 1588/2994/1598
f 1653/2995/1599 1651/2968/1572 1709/2971/1575
f 1732/2996/1600 1709/2971/1575 1711/2973/1577
f 1733/2997/1601 1711/2973/1577 1713/2975/1579
f 1734/2998/1602 1713/2975/1579 1715/2977/1581
f 1735/2999/1603 1715/2977/1581 1717/2979/1583
f 1736/3000/1604 1717/2979/1583 1719/2981/1585
f 1737/3001/1605 1719/2981/1585 1721/2983/1587
f 1738/3002/1606 1721/2983/1587 1723/2985/1589
f 1739/3003/1607 1723/2985/1589 1725/2987/1591
f 1740/3004/1608 1725/2987/1591 1727/2989/1593
f 1741/3005/1609 1727/2989/1593 1729/2991/1595
f 1742/3006/1610 1729/2991/1595 1731/2993/1597
f 1743/3007/1611 1731/2993/1597 1587/3008/1612
f 1654/3009/1613 1653/2995/1599 1732/2996/1600
f 1744/3010/1614 1732/2996/1600 1733/2997/1601
f 1745/3011/1615 1733/2997/1601 1734/2998/1602
f 1746/3012/1616 1734/2998/1602 1735/2999/1603
f 1747/3013/1617 1735/2999/1603 1736/3000/1604
f 1748/3014/1618 1736/3000/1604 1737/3001/1605
f 1749/3015/1619 1737/3001/1605 1738/3002/1606
f 1750/3016/1620 1738/3002/1606 1739/3003/1607
f 1751/3017/1621 1739/3003/1607 1740/3004/1608
f 1752/3018/1622 1740/3004/1608 1741/3005/1609
f 1753/3019/1623 1741/3005/1609 1742/3006/1610
f 1754/3020/1624 1742/3006/1610 1743/3007/1611
f 1755/3021/1625 1743/3007/1611 1586/3022/1626
f 1655/3023/1627 1654/3009/1613 1744/3010/1614
f 1756/3024/1628 1744/3010/1614 1745/3011/1615
f 1757/3025/1629 1745/3011/1615 1746/3012/1616
f 1758/3026/1630 1746/3012/1616 1747/3013/1617
f 1759/3027/1631 1747/3013/1617 1748/3014/1618
f 1760/3028/1632 1748/3014/1618 1749/3015/1619
f 1761/3029/1633 1749/3015/1619 1750/3016/1620
f 1762/3030/1634 1750/3016/1620 1751/3017/1621
f 1763/3031/1635 1751/3017/1621 1752/3018/1622
f 1764/3032/1636 1752/3018/1622 1753/3019/1623
f 1765/3033/1637 1753/3019/1623 1754/3020/1624
f 1766/3034/1638 1754/3020/1624 1755/3021/1625
f 1767/3035/1639 1755/3021/1625 1585/3036/1640
f 1656/3037/1641 1655/3023/1627 1756/3024/1628
f 1768/3038/1642 1756/3024/1628 1757/3025/1629
f 1769/3039/1643 1757/3025/1629 1758/3026/1630
f 1770/3040/1644 1758/3026/1630 1759/3027/1631
f 1771/3041/1645 1759/3027/1631 1760/3028/1632
f 1772/3042/1646 1760/3028/1632 1761/3029/1633
f 1773/3043/1647 1761/3029/1633 1762/3030/1634
f 1774/3044/1648 1762/3030/1634 1763/3031/1635
f 1775/3045/1649 1763/3031/1635 1764/3032/1636
f 1776/3046/1650 1764/3032/1636 1765/3033/1637
f 1777/3047/1651 1765/3033/1637 1766/3034/1638
f 1778/3048/1652 1766/3034/1638 1767/3035/1639
f 1779/3049/1653 1767/3035/1639 1584/3050/1654
f 1657/3051/1655 1656/3037/1641 1768/3038/1642
f 1780/3052/1656 1768/3038/1642 1769/3039/1643
f 1781/3053/1657 1769/3039/1643 1770/3040/1644
f 1782/3054/1658 1770/3040/1644 1771/3041/1645
f 1783/3055/1659 1771/3041/1645 1772/3042/1646
f 1784/3056/1660 1772/3042/1646 1773/3043/1647
f 1785/3057/1661 1773/3043/1647 1774/3044/1648
f 1786/3058/1662 1774/3044/1648 1775/3045/1649
f 1787/3059/1663 1775/3045/1649 1776/3046/1650
f 1788/3060/1664 1776/3046/1650 1777/3047/1651
f 1789/3061/1665 1777/3047/1651 1778/3048/1652
f 1790/3062/1666 1778/3048/1652 1779/3049/1653
f 1791/3063/1667 1779/3049/1653 1583/3064/1668
f 1658/3065/1669 1657/3051/1655 1780/3052/1656
f 1792/3066/1670 1780/3052/1656 1781/3053/1657
f 1793/3067/1671 1781/3053/1657 1782/3054/1658
f 1794/3068/1672 1782/3054/1658 1783/3055/1659
f 1795/3069/1673 1783/3055/1659 1784/3056/1660
f 1796/3070/1674 1784/3056/1660 1785/3057/1661
f 1797/3071/1675 1785/3057/1661 1786/3058/1662
f 1798/3072/1676 1786/3058/1662 1787/3059/1663
f 1799/3073/1677 1787/3059/1663 1788/3060/1664
f 1800/3074/1678 1788/3060/1664 1789/3061/1665
f 1801/3075/1679 1789/3061/1665 1790/3062/1666
f 1802/3076/1680 1790/3062/1666 1791/3063/1667
f 1803/3077/1681 1791/3063/1667 1582/3078/1682
f 1659/3079/1683 1658/3065/1669 1792/3066/1670
f 1804/3080/1684 1792/3066/1670 1793/3067/1671
f 1805/3081/1685 1793/3067/1671 1794/3068/1672
f 1806/3082/1686 1794/3068/1672 1795/3069/1673
f 1807/3083/1687 1795/3069/1673 1796/3070/1674
f 1808/3084/1688 1796/3070/1674 1797/3071/1675
f 1809/3085/1689 1797/3071/1675 1798/3072/1676
f 1810/3086/1690 1798/3072/1676 1799/3073/1677
f 1811/3087/1691 1799/3073/1677 1800/3074/1678
f 1812/3088/1692 1800/3074/1678 1801/3075/1679
f 1813/3089/1693 1801/3075/1679 1802/3076/1680
f 1814/3090/1694 1802/3076/1680 1803/3077/1681
f 1815/3091/1695 1803/3077/1681 1581/3092/1696
f 1660/3093/1697 1659/3079/1683 1804/3080/1684
f 1816/3094/1698 1804/3080/1684 1805/3081/1685
f 1817/3095/1699 1805/3081/1685 1806/3082/1686
f 1818/3096/1700 1806/3082/1686 1807/3083/1687
f 1819/3097/1701 1807/3083/1687 1808/3084/1688
f 1820/3098/1702 1808/3084/1688 1809/3085/1689
f 1821/3099/1703 1809/3085/1689 1810/3086/1690
f 1822/3100/1704 1810/3086/1690 1811/3087/1691
f 1823/3101/1705 1811/3087/1691 1812/3088/1692
f 1824/3102/1706 1812/3088/1692 1813/3089/1693
f 1825/3103/1707 1813/3089/1693 1814/3090/1694
f 1826/3104/1708 1814/3090/1694 1815/3091/1695
f 1827/3105/1709 1815/3091/1695 1580/3106/1710
f 1661/3107/1711 1660/3093/1697 1816/3094/1698
f 1828/3108/1712 1816/3094/1698 1817/3095/1699
f 1829/3109/1713 1817/3095/1699 1818/3096/1700
f 1830/3110/1714 1818/3096/1700 1819/3097/1701
f 1831/3111/1715 1819/3097/1701 1820/3098/1702
f 1832/3112/1716 1820/3098/1702 1821/3099/1703
f 1833/3113/1717 1821/3099/1703 1822/3100/1704
f 1834/3114/1718 1822/3100/1704 1823/3101/1705
f 1835/3115/1719 1823/3101/1705 1824/3102/1706
f 1836/3116/1720 1824/3102/1706 1825/3103/1707
f 1837/3117/1721 1825/3103/1707 1826/3104/1708
f 1838/3118/1722 1826/3104/1708 1827/3105/1709
f 1839/3119/1723 1827/3105/1709 1579/3120/1724
f 1662/3121/1725 1661/3107/1711 1828/3108/1712
f 1840/3122/1726 1828/3108/1712 1829/3109/1713
f 1841/3123/1727 1829/3109/1713 1830/3110/1714
f 1842/3124/1728 1830/3110/1714 1831/3111/1715
f 1843/3125/1729 1831/3111/1715 1832/3112/1716
f 1844/3126/1730 1832/3112/1716 1833/3113/1717
f 1845/3127/1731 1833/3113/1717 1834/3114/1718
f 1846/3128/1732 1834/3114/1718 1835/3115/1719
f 1847/3129/1733 1835/3115/1719 1836/3116/1720
f 1848/3130/1734 1836/3116/1720 1837/3117/1721
f 1849/3131/1735 1837/3117/1721 1838/3118/1722
f 1850/3132/1736 1838/3118/1722 1839/3119/1723
f 1851/3133/1737 1839/3119/1723 1578/3134/1738
f 1663/3135/1739 1662/3121/1725 1840/3122/1726
f 1852/3136/1740 1840/3122/1726 1841/3123/1727
f 1853/3137/1741 1841/3123/1727 1842/3124/1728
f 1854/3138/1742 1842/3124/1728 1843/3125/1729
f 1855/3139/1743 1843/3125/1729 1844/3126/1730
f 1856/3140/1744 1844/3126/1730 1845/3127/1731
f 1857/3141/1745 1845/3127/1731 1846/3128/1732
f 1858/3142/1746 1846/3128/1732 1847/3129/1733
f 1859/3143/1747 1847/3129/1733 1848/3130/1734
f 1860/3144/1748 1848/3130/1734 1849/3131/1735
f 1861/3145/1749 1849/3131/1735 1850/3132/1736
f 1862/3146/1750 1850/3132/1736 1851/3133/1737
f 1863/3147/1751 1851/3133/1737 1577/3148/1752
f 1664/3149/1753 1663/3135/1739 1852/3136/1740
f 1864/3150/1754 1852/3136/1740 1853/3137/1741
f 1865/3151/1755 1853/3137/1741 1854/3138/1742
f 1866/3152/1756 1854/3138/1742 1855/3139/1743
f 1867/3153/1757 1855/3139/1743 1856/3140/1744
f 1868/3154/1758 1856/3140/1744 1857/3141/1745
f 1869/3155/1759 1857/3141/1745 1858/3142/1746
f 1870/3156/1760 1858/3142/1746 1859/3143/1747
f 1871/3157/1761 1859/3143/1747 1860/3144/1748
f 1872/3158/1762 1860/3144/1748 1861/3145/1749
f 1873/3159/1763 1861/3145/1749 1862/3146/1750
f 1874/3160/1764 1862/3146/1750 1863/3147/1751
f 1875/3161/1765 1863/3147/1751 1576/3162/1766
f 1665/3163/1767 1664/3149/1753 1864/3150/1754
f 1876/3164/1768 1864/3150/1754 1865/3151/1755
f 1877/3165/1769 1865/3151/1755 1866/3152/1756
f 1878/3166/1770 1866/3152/1756 1867/3153/1757
f 1879/3167/1771 1867/3153/1757 1868/3154/1758
f 1880/3168/1772 1868/3154/1758 1869/3155/1759
f 1881/3169/1773 1869/3155/1759 1870/3156/1760
f 1882/3170/1774 1870/3156/1760 1871/3157/1761
f 1883/3171/1775 1871/3157/1761 1872/3158/1762
f 1884/3172/1776 1872/3158/1762 1873/3159/1763
f 1885/3173/1777 1873/3159/1763 1874/3160/1764
f 1886/3174/1778 1874/3160/1764 1875/3161/1765
f 1887/3175/1779 1875/3161/1765 1575/3176/1780
f 1666/3177/1781 1665/3163/1767 1876/3164/1768
f 1888/3178/1782 1876/3164/1768 1877/3165/1769
f 1889/3179/1783 1877/3165/1769 1878/3166/1770
f 1890/3180/1784 1878/3166/1770 1879/3167/1771
f 1891/3181/1785 1879/3167/1771 1880/3168/1772
f 1892/3182/1786 1880/3168/1772 1881/3169/1773
f 1893/3183/1787 1881/3169/1773 1882/3170/1774
f 1894/3184/1788 1882/3170/1774 1883/3171/1775
f 1895/3185/1789 1883/3171/1775 1884/3172/1776
f 1896/3186/1790 1884/3172/1776 1885/3173/1777
f 1897/3187/1791 1885/3173/1777 1886/3174/1778
f 1898/3188/1792 1886/3174/1778 1887/3175/1779
f 1899/3189/1793 1887/3175/1779 1574/3190/1794
f 1667/3191/1795 1666/3177/1781 1888/3178/1782
f 1900/3192/1796 1888/3178/1782 1889/3179/1783
f 1901/3193/1797 1889/3179/1783 1890/3180/1784
f 1902/3194/1798 1890/3180/1784 1891/3181/1785
f 1903/3195/1799 1891/3181/1785 1892/3182/1786
f 1904/3196/1800 1892/3182/1786 1893/3183/1787
f 1905/3197/1801 1893/3183/1787 1894/3184/1788
f 1906/3198/1802 1894/3184/1788 1895/3185/1789
f 1907/3199/1803 1895/3185/1789 1896/3186/1790
f 1908/3200/1804 1896/3186/1790 1897/3187/1791
f 1909/3201/1805 1897/3187/1791 1898/3188/1792
f 1910/3202/1806 1898/3188/1792 1899/3189/1793
f 1911/3203/1807 1899/3189/1793 1573/3204/1808
f 1668/3205/1809 1667/3191/1795 1900/3192/1796
f 1912/3206/1810 1900/3192/1796 1901/3193/1797
f 1913/3207/1811 1901/3193/1797 1902/3194/1798
f 1914/3208/1812 1902/3194/1798 1903/3195/1799
f 1915/3209/1813 1903/3195/1799 1904/3196/1800
f 1916/3210/1814 1904/3196/1800 1905/3197/1801
f 1917/3211/1815 1905/3197/1801 1906/3198/1802
f 1918/3212/1816 1906/3198/1802 1907/3199/1803
f 1919/3213/1817 1907/3199/1803 1908/3200/1804
f 1920/3214/1818 1908/3200/1804 1909/3201/1805
f 1921/3215/1819 1909/3201/1805 1910/3202/1806
f 1922/3216/1820 1910/3202/1806 1911/3203/1807
f 1923/3217/1821 1911/3203/1807 1572/3218/1822
f 1669/3219/1823 1668/3205/1809 1912/3206/1810
f 1924/3220/1824 1912/3206/1810 1913/3207/1811
f 1925/3221/1825 1913/3207/1811 1914/3208/1812
f 1926/3222/1826 1914/3208/1812 1915/3209/1813
f 1927/3223/1827 1915/3209/1813 1916/3210/1814
f 1928/3224/1828 1916/3210/1814 1917/3211/1815
f 1929/3225/1829 1917/3211/1815 1918/3212/1816
f 1930/3226/1830 1918/3212/1816 1919/3213/1817
f 1931/3227/1831 1919/3213/1817 1920/3214/1818
f 1932/3228/1832 1920/3214/1818 1921/3215/1819
f 1933/3229/1833 1921/3215/1819 1922/3216/1820
f 1934/3230/1834 1922/3216/1820 1923/3217/1821
f 1935/3231/1835 1923/3217/1821 1571/3232/1836
f 1670/3233/1837 1669/3219/1823 1924/3220/1824
f 1936/3234/1838 1924/3220/1824 1925/3221/1825
f 1937/3235/1839 1925/3221/1825 1926/3222/1826
f 1938/3236/1840 1926/3222/1826 1927/3223/1827
f 1939/3237/1841 1927/3223/1827 1928/3224/1828
f 1940/3238/1842 1928/3224/1828 1929/3225/1829
f 1941/3239/1843 1929/3225/1829 1930/3226/1830
f 1942/3240/1844 1930/3226/1830 1931/3227/1831
f 1943/3241/1845 1931/3227/1831 1932/3228/1832
f 1944/3242/1846 1932/3228/1832 1933/3229/1833
f 1945/3243/1847 1933/3229/1833 1934/3230/1834
f 1946/3244/1848 1934/3230/1834 1935/3231/1835
f 1947/3245/1849 1935/3231/1835 1570/3246/1850
f 1671/3247/1851 1670/3233/1837 1936/3234/1838
f 1948/3248/1852 1936/3234/1838 1937/3235/1839
f 1949/3249/1853 1937/3235/1839 1938/3236/1840
f 1950/3250/1854 1938/3236/1840 1939/3237/1841
f 1951/3251/1855 1939/3237/1841 1940/3238/1842
f 1952/3252/1856 1940/3238/1842 1941/3239/1843
f 1953/3253/1857 1941/3239/1843 1942/3240/1844
f 1954/3254/1858 1942/3240/1844 1943/3241/1845
f 1955/3255/1859 1943/3241/1845 1944/3242/1846
f 1956/3256/1860 1944/3242/1846 1945/3243/1847
f 1957/3257/1861 1945/3243/1847 1946/3244/1848
f 1958/3258/1862 1946/3244/1848 1947/3245/1849
f 1959/3259/1863 1947/3245/1849 1569/3260/1864
f 1672/3261/1865 1671/3247/1851 1948/3248/1852
f 1960/3262/1866 1948/3248/1852 1949/3249/1853
f 1961/3263/1867 1949/3249/1853 1950/3250/1854
f 1962/3264/1868 1950/3250/1854 1951/3251/1855
f 1963/3265/1869 1951/3251/1855 1952/3252/1856
f 1964/3266/1870 1952/3252/1856 1953/3253/1857
f 1965/3267/1871 1953/3253/1857 1954/3254/1858
f 1966/3268/1872 1954/3254/1858 1955/3255/1859
f 1967/3269/1873 1955/3255/1859 1956/3256/1860
f 1968/3270/1874 1956/3256/1860 1957/3257/1861
f 1969/3271/1875 1957/3257/1861 1958/3258/1862
f 1970/3272/1876 1958/3258/1862 1959/3259/1863
f 1971/3273/1877 1959/3259/1863 1568/3274/1878
f 1672/3261/1865 1960/3262/1866 1673/3275/1879
f 1960/3262/1866 1674/3276/1880 1673/3275/1879
f 1960/3262/1866 1961/3263/1867 1675/3277/1881
f 1961/3263/1867 1676/3278/1882 1675/3277/1881
f 1675/3277/1881 1677/3279/1883 1960/3262/1866
f 1962/3264/1868 1678/3280/1884 1679/3281/1885
f 1679/3281/1885 1961/3263/1867 1962/3264/1868
f 1962/3264/1868 1680/3282/1886 1678/3280/1884
f 1963/3265/1869 1681/3283/1887 1682/3284/1888
f 1682/3284/1888 1962/3264/1868 1963/3265/1869
f 1963/3265/1869 1683/3285/1889 1681/3283/1887
f 1963/3265/1869 1964/3266/1870 1684/3286/1890
f 1964/3266/1870 1685/3287/1891 1684/3286/1890
f 1964/3266/1870 1965/3267/1871 1686/3288/1892
f 1965/3267/1871 1687/3289/1893 1686/3288/1892
f 1686/3288/1892 1688/3290/1894 1964/3266/1870
f 1965/3267/1871 1966/3268/1872 1689/3291/1895
f 1689/3291/1895 1690/3292/1896 1965/3267/1871
f 1966/3268/1872 1691/3293/1897 1689/3291/1895
f 1967/3269/1873 1692/3294/1898 1693/3295/1899
f 1693/3295/1899 1966/3268/1872 1967/3269/1873
f 1967/3269/1873 1694/3296/1900 1692/3294/1898
f 1968/3270/1874 1695/3297/1901 1696/3298/1902
f 1696/3298/1902 1967/3269/1873 1968/3270/1874
f 1968/3270/1874 1969/3271/1875 1697/3299/1903
f 1969/3271/1875 1698/3300/1904 1697/3299/1903
f 1697/3299/1903 1699/3301/1905 1968/3270/1874
f 1969/3271/1875 1970/3272/1876 1700/3302/1906
f 1970/3272/1876 1701/3303/1907 1700/3302/1906
f 1700/3302/1906 1702/3304/1908 1969/3271/1875
f 1971/3273/1877 1703/3305/1909 1704/3306/1910
f 1704/3306/1910 1970/3272/1876 1971/3273/1877
f 1971/3273/1877 1705/3307/1911 1703/3305/1909
f 1567/3308/1912 1566/3309/1913 1706/3310/1914
f 1706/3310/1914 1971/3273/1877 1567/3308/1912
f 1706/3310/1914 1705/3307/1911 1971/3273/1877
f 1704/3306/1910 1701/3303/1907 1970/3272/1876
f 1702/3304/1908 1698/3300/1904 1969/3271/1875
f 1699/3301/1905 1695/3297/1901 1968/3270/1874
f 1696/3298/1902 1694/3296/1900 1967/3269/1873
f 1693/3295/1899 1691/3293/1897 1966/3268/1872
f 1690/3292/1896 1687/3289/1893 1965/3267/1871
f 1688/3290/1894 1685/3287/1891 1964/3266/1870
f 1684/3286/1890 1683/3285/1889 1963/3265/1869
f 1682/3284/1888 1680/3282/1886 1962/3264/1868
f 1679/3281/1885 1676/3278/1882 1961/3263/1867
f 1677/3279/1883 1674/3276/1880 1960/3262/1866
f 1673/3275/1879 1707/3311/1915 1672/3261/1865
f 1568/3274/1878 1567/3308/1912 1971/3273/1877
f 1959/3259/1863 1971/3273/1877 1970/3272/1876
f 1958/3258/1862 1970/3272/1876 1969/3271/1875
f 1957/3257/1861 1969/3271/1875 1968/3270/1874
f 1956/3256/1860 1968/3270/1874 1967/3269/1873
f 1955/3255/1859 1967/3269/1873 1966/3268/1872
f 1954/3254/1858 1966/3268/1872 1965/3267/1871
f 1953/3253/1857 1965/3267/1871 1964/3266/1870
f 1952/3252/1856 1964/3266/1870 1963/3265/1869
f 1951/3251/1855 1963/3265/1869 1962/3264/1868
f 1950/3250/1854 1962/3264/1868 1961/3263/1867
f 1949/3249/1853 1961/3263/1867 1960/3262/1866
f 1948/3248/1852 1960/3262/1866 1672/3261/1865
f 1569/3260/1864 1568/3274/1878 1959/3259/1863
f 1947/3245/1849 1959/3259/1863 1958/3258/1862
f 1946/3244/1848 1958/3258/1862 1957/3257/1861
f 1945/3243/1847 1957/3257/1861 1956/3256/1860
f 1944/3242/1846 1956/3256/1860 1955/3255/1859
f 1943/3241/1845 1955/3255/1859 1954/3254/1858
f 1942/3240/1844 1954/3254/1858 1953/3253/1857
f 1941/3239/1843 1953/3253/1857 1952/3252/1856
f 1940/3238/1842 1952/3252/1856 1951/3251/1855
f 1939/3237/1841 1951/3251/1855 1950/3250/1854
f 1938/3236/1840 1950/3250/1854 1949/3249/1853
f 1937/3235/1839 1949/3249/1853 1948/3248/1852
f 1936/3234/1838 1948/3248/1852 1671/3247/1851
f 1570/3246/1850 1569/3260/1864 1947/3245/1849
f 1935/3231/1835 1947/3245/1849 1946/3244/1848
f 1934/3230/1834 1946/3244/1848 1945/3243/1847
f 1933/3229/1833 1945/3243/1847 1944/3242/1846
f 1932/3228/1832 1944/3242/1846 1943/3241/1845
f 1931/3227/1831 1943/3241/1845 1942/3240/1844
f 1930/3226/1830 1942/3240/1844 1941/3239/1843
f 1929/3225/1829 1941/3239/1843 1940/3238/1842
f 1928/3224/1828 1940/3238/1842 1939/3237/1841
f 1927/3223/1827 1939/3237/1841 1938/3236/1840
f 1926/3222/1826 1938/3236/1840 1937/3235/1839
f 1925/3221/1825 1937/3235/1839 1936/3234/1838
f 1924/3220/1824 1936/3234/1838 1670/3233/1837
f 1571/3232/1836 1570/3246/1850 1935/3231/1835
f 1923/3217/1821 1935/3231/1835 1934/3230/1834
f 1922/3216/1820 1934/3230/1834 1933/3229/1833
f 1921/3215/1819 1933/3229/1833 1932/3228/1832
f 1920/3214/1818 1932/3228/1832 1931/3227/1831
f 1919/3213/1817 1931/3227/1831 1930/3226/1830
f 1918/3212/1816 1930/3226/1830 1929/3225/1829
f 1917/3211/1815 1929/3225/1829 1928/3224/1828
f 1916/3210/1814 1928/3224/1828 1927/3223/1827
f 1915/3209/1813 1927/3223/1827 1926/3222/1826
f 1914/3208/1812 1926/3222/1826 1925/3221/1825
f 1913/3207/1811 1925/3221/1825 1924/3220/1824
f 1912/3206/1810 1924/3220/1824 1669/3219/1823
f 1572/3218/1822 1571/3232/1836 1923/3217/1821
f 1911/3203/1807 1923/3217/1821 1922/3216/1820
f 1910/3202/1806 1922/3216/1820 1921/3215/1819
f 1909/3201/1805 1921/3215/1819 1920/3214/1818
f 1908/3200/1804 1920/3214/1818 1919/3213/1817
f 1907/3199/1803 1919/3213/1817 1918/3212/1816
f 1906/3198/1802 1918/3212/1816 1917/3211/1815
f 1905/3197/1801 1917/3211/1815 1916/3210/1814
f 1904/3196/1800 1916/3210/1814 1915/3209/1813
f 1903/3195/1799 1915/3209/1813 1914/3208/1812
f 1902/3194/1798 1914/3208/1812 1913/3207/1811
f 1901/3193/1797 1913/3207/1811 1912/3206/1810
f 1900/3192/1796 1912/3206/1810 1668/3205/1809
f 1573/3204/1808 1572/3218/1822 1911/3203/1807
f 1899/3189/1793 1911/3203/1807 1910/3202/1806
f 1898/3188/1792 1910/3202/1806 1909/3201/1805
f 1897/3187/1791 1909/3201/1805 1908/3200/1804
f 1896/3186/1790 1908/3200/1804 1907/3199/1803
f 1895/3185/1789 1907/3199/1803 1906/3198/1802
f 1894/3184/1788 1906/3198/1802 1905/3197/1801
f 1893/3183/1787 1905/3197/1801 1904/3196/1800
f 1892/3182/1786 1904/3196/1800 1903/3195/1799
f 1891/3181/1785 1903/3195/1799 1902/3194/1798
f 1890/3180/1784 1902/3194/1798 1901/3193/1797
f 1889/3179/1783 1901/3193/1797 1900/3192/1796
f 1888/3178/1782 1900/3192/1796 1667/3191/1795
f 1574/3190/1794 1573/3204/1808 1899/3189/1793
f 1887/3175/1779 1899/3189/1793 1898/3188/1792
f 1886/3174/1778 1898/3188/1792 1897/3187/1791
f 1885/3173/1777 1897/3187/1791 1896/3186/1790
f 1884/3172/1776 1896/3186/1790 1895/3185/1789
f 1883/3171/1775 1895/3185/1789 1894/3184/1788
f 1882/3170/1774 1894/3184/1788 1893/3183/1787
f 1881/3169/1773 1893/3183/1787 1892/3182/1786
f 1880/3168/1772 1892/3182/1786 1891/3181/1785
f 1879/3167/1771 1891/3181/1785 1890/3180/1784
f 1878/3166/1770 1890/3180/1784 1889/3179/1783
f 1877/3165/1769 1889/3179/1783 1888/3178/1782
f 1876/3164/1768 1888/3178/1782 1666/3177/1781
f 1575/3176/1780 1574/3190/1794 1887/3175/1779
f 1875/3161/1765 1887/3175/1779 1886/3174/1778
f 1874/3160/1764 1886/3174/1778 1885/3173/1777
f 1873/3159/1763 1885/3173/1777 1884/3172/1776
f 1872/3158/1762 1884/3172/1776 1883/3171/1775
f 1871/3157/1761 1883/3171/1775 1882/3170/1774
f 1870/3156/1760 1882/3170/1774 1881/3169/1773
f 1869/3155/1759 1881/3169/1773 1880/3168/1772
f 1868/3154/1758 1880/3168/1772 1879/3167/1771
f 1867/3153/1757 1879/3167/1771 1878/3166/1770
f 1866/3152/1756 1878/3166/1770 1877/3165/1769
f 1865/3151/1755 1877/3165/1769 1876/3164/1768
f 1864/3150/1754 1876/3164/1768 1665/3163/1767
f 1576/3162/1766 1575/3176/1780 1875/3161/1765
f 1863/3147/1751 1875/3161/1765 1874/3160/1764
f 1862/3146/1750 1874/3160/1764 1873/3159/1763
f 1861/3145/1749 1873/3159/1763 1872/3158/1762
f 1860/3144/1748 1872/3158/1762 1871/3157/1761
f 1859/3143/1747 1871/3157/1761 1870/3156/1760
f 1858/3142/1746 1870/3156/1760 1869/3155/1759
f 1857/3141/1745 1869/3155/1759 1868/3154/1758
f 1856/3140/1744 1868/3154/1758 1867/3153/1757
f 1855/3139/1743 1867/3153/1757 1866/3152/1756
f 1854/3138/1742 1866/3152/1756 1865/3151/1755
f 1853/3137/1741 1865/3151/1755 1864/3150/1754
f 1852/3136/1740 1864/3150/1754 1664/3149/1753
f 1577/3148/1752 1576/3162/1766 1863/3147/1751
f 1851/3133/1737 1863/3147/1751 1862/3146/1750
f 1850/3132/1736 1862/3146/1750 1861/3145/1749
f 1849/3131/1735 1861/3145/1749 1860/3144/1748
f 1848/3130/1734 1860/3144/1748 1859/3143/1747
f 1847/3129/1733 1859/3143/1747 1858/3142/1746
f 1846/3128/1732 1858/3142/1746 1857/3141/1745
f 1845/3127/1731 1857/3141/1745 1856/3140/1744
f 1844/3126/1730 1856/3140/1744 1855/3139/1743
f 1843/3125/1729 1855/3139/1743 1854/3138/1742
f 1842/3124/1728 1854/3138/1742 1853/3137/1741
f 1841/3123/1727 1853/3137/1741 1852/3136/1740
f 1840/3122/1726 1852/3136/1740 1663/3135/1739
f 1578/3134/1738 1577/3148/1752 1851/3133/1737
f 1839/3119/1723 1851/3133/1737 1850/3132/1736
f 1838/3118/1722 1850/3132/1736 1849/3131/1735
f 1837/3117/1721 1849/3131/1735 1848/3130/1734
f 1836/3116/1720 1848/3130/1734 1847/3129/1733
f 1835/3115/1719 1847/3129/1733 1846/3128/1732
f 1834/3114/1718 1846/3128/1732 1845/3127/1731
f 1833/3113/1717 1845/3127/1731 1844/3126/1730
f 1832/3112/1716 1844/3126/1730 1843/3125/1729
f 1831/3111/1715 1843/3125/1729 1842/3124/1728
f 1830/3110/1714 1842/3124/1728 1841/3123/1727
f 1829/3109/1713 1841/3123/1727 1840/3122/1726
f 1828/3108/1712 1840/3122/1726 1662/3121/1725
f 1579/3120/1724 1578/3134/1738 1839/3119/1723
f 1827/3105/1709 1839/3119/1723 1838/3118/1722
f 1826/3104/1708 1838/3118/1722 1837/3117/1721
f 1825/3103/1707 1837/3117/1721 1836/3116/1720
f 1824/3102/1706 1836/3116/1720 1835/3115/1719
f 1823/3101/1705 1835/3115/1719 1834/3114/1718
f 1822/3100/1704 1834/3114/1718 1833/3113/1717
f 1821/3099/1703 1833/3113/1717 1832/3112/1716
f 1820/3098/1702 1832/3112/1716 1831/3111/1715
f 1819/3097/1701 1831/3111/1715 1830/3110/1714
f 1818/3096/1700 1830/3110/1714 1829/3109/1713
f 1817/3095/1699 1829/3109/1713 1828/3108/1712
f 1816/3094/1698 1828/3108/1712 1661/3107/1711
f 1580/3106/1710 1579/3120/1724 1827/3105/1709
f 1815/3091/1695 1827/3105/1709 1826/3104/1708
f 1814/3090/1694 1826/3104/1708 1825/3103/1707
f 1813/3089/1693 1825/3103/1707 1824/3102/1706
f 1812/3088/1692 1824/3102/1706 1823/3101/1705
f 1811/3087/1691 1823/3101/1705 1822/3100/1704
f 1810/3086/1690 1822/3100/1704 1821/3099/1703
f 1809/3085/1689 1821/3099/1703 1820/3098/1702
f 1808/3084/1688 1820/3098/1702 1819/3097/1701
f 1807/3083/1687 1819/3097/1701 1818/3096/1700
f 1806/3082/1686 1818/3096/1700 1817/3095/1699
f 1805/3081/1685 1817/3095/1699 1816/3094/1698
f 1804/3080/1684 1816/3094/1698 1660/3093/1697
f 1581/3092/1696 1580/3106/1710 1815/3091/1695
f 1803/3077/1681 1815/3091/1695 1814/3090/1694
f 1802/3076/1680 1814/3090/1694 1813/3089/1693
f 1801/3075/1679 1813/3089/1693 1812/3088/1692
f 1800/3074/1678 1812/3088/1692 1811/3087/1691
f 1799/3073/1677 1811/3087/1691 1810/3086/1690
f 1798/3072/1676 1810/3086/1690 1809/3085/1689
f 1797/3071/1675 1809/3085/1689 1808/3084/1688
f 1796/3070/1674 1808/3084/1688 1807/3083/1687
f 1795/3069/1673 1807/3083/1687 1806/3082/1686
f 1794/3068/1672 1806/3082/1686 1805/3081/1685
f 1793/3067/1671 1805/3081/1685 1804/3080/1684
f 1792/3066/1670 1804/3080/1684 1659/3079/1683
f 1582/3078/1682 1581/3092/1696 1803/3077/1681
f 1791/3063/1667 1803/3077/1681 1802/3076/1680
f 1790/3062/1666 1802/3076/1680 1801/3075/1679
f 1789/3061/1665 1801/3075/1679 1800/3074/1678
f 1788/3060/1664 1800/3074/1678 1799/3073/1677
f 1787/3059/1663 1799/3073/1677 1798/3072/1676
f 1786/3058/1662 1798/3072/1676 1797/3071/1675
f 1785/3057/1661 1797/3071/1675 1796/3070/1674
f 1784/3056/1660 1796/3070/1674 1795/3069/1673
f 1783/3055/1659 1795/3069/1673 1794/3068/1672
f 1782/3054/1658 1794/3068/1672 1793/3067/1671
f 1781/3053/1657 1793/3067/1671 1792/3066/1670
f 1780/3052/1656 1792/3066/1670 1658/3065/1669
f 1583/3064/1668 1582/3078/1682 1791/3063/1667
f 1779/3049/1653 1791/3063/1667 1790/3062/1666
f 1778/3048/1652 1790/3062/1666 1789/3061/1665
f 1777/3047/1651 1789/3061/1665 1788/3060/1664
f 1776/3046/1650 1788/3060/1664 1787/3059/1663
f 1775/3045/1649 1787/3059/1663 1786/3058/1662
f 1774/3044/1648 1786/3058/1662 1785/3057/1661
f 1773/3043/1647 1785/3057/1661 1784/3056/1660
f 1772/3042/1646 1784/3056/1660 1783/3055/1659
f 1771/3041/1645 1783/3055/1659 1782/3054/1658
f 1770/3040/1644 1782/3054/1658 1781/3053/1657
f 1769/3039/1643 1781/3053/1657 1780/3052/1656
f 1768/3038/1642 1780/3052/1656 1657/3051/1655
f 1584/3050/1654 1583/3064/1668 1779/3049/1653
f 1767/3035/1639 1779/3049/1653 1778/3048/1652
f 1766/3034/1638 1778/3048/1652 1777/3047/1651
f 1765/3033/1637 1777/3047/1651 1776/3046/1650
f 1764/3032/1636 1776/3046/1650 1775/3045/1649
f 1763/3031/1635 1775/3045/1649 1774/3044/1648
f 1762/3030/1634 1774/3044/1648 1773/3043/1647
f 1761/3029/1633 1773/3043/1647 1772/3042/1646
f 1760/3028/1632 1772/3042/1646 1771/3041/1645
f 1759/3027/1631 1771/3041/1645 1770/3040/1644
f 1758/3026/1630 1770/3040/1644 1769/3039/1643
f 1757/3025/1629 1769/3039/1643 1768/3038/1642
f 1756/3024/1628 1768/3038/1642 1656/3037/1641
f 1585/3036/1640 1584/3050/1654 1767/3035/1639
f 1755/3021/1625 1767/3035/1639 1766/3034/1638
f 1754/3020/1624 1766/3034/1638 1765/3033/1637
f 1753/3019/1623 1765/3033/1637 1764/3032/1636
f 1752/3018/1622 1764/3032/1636 1763/3031/1635
f 1751/3017/1621 1763/3031/1635 1762/3030/1634
f 1750/3016/1620 1762/3030/1634 1761/3029/1633
f 1749/3015/1619 1761/3029/1633 1760/3028/1632
f 1748/3014/1618 1760/3028/1632 1759/3027/1631
f 1747/3013/1617 1759/3027/1631 1758/3026/1630
f 1746/3012/1616 1758/3026/1630 1757/3025/1629
f 1745/3011/1615 1757/3025/1629 1756/3024/1628
f 1744/3010/1614 1756/3024/1628 1655/3023/1627
f 1586/3022/1626 1585/3036/1640 1755/3021/1625
f 1743/3007/1611 1755/3021/1625 1754/3020/1624
f 1742/3006/1610 1754/3020/1624 1753/3019/1623
f 1741/3005/1609 1753/3019/1623 1752/3018/1622
f 1740/3004/1608 1752/3018/1622 1751/3017/1621
f 1739/3003/1607 1751/3017/1621 1750/3016/1620
f 1738/3002/1606 1750/3016/1620 1749/3015/1619
f 1737/3001/1605 1749/3015/1619 1748/3014/1618
f 1736/3000/1604 1748/3014/1618 1747/3013/1617
f 1735/2999/1603 1747/3013/1617 1746/3012/1616
f 1734/2998/1602 1746/3012/1616 1745/3011/1615
f 1733/2997/1601 1745/3011/1615 1744/3010/1614
f 1732/2996/1600 1744/3010/1614 1654/3009/1613
f 1587/3008/1612 1586/3022/1626 1743/3007/1611
f 1731/2993/1597 1743/3007/1611 1742/3006/1610
f 1729/2991/1595 1742/3006/1610 1741/3005/1609
f 1727/2989/1593 1741/3005/1609 1740/3004/1608
f 1725/2987/1591 1740/3004/1608 1739/3003/1607
f 1723/2985/1589 1739/3003/1607 1738/3002/1606
f 1721/2983/1587 1738/3002/1606 1737/3001/1605
f 1719/2981/1585 1737/3001/1605 1736/3000/1604
f 1717/2979/1583 1736/3000/1604 1735/2999/1603
f 1715/2977/1581 1735/2999/1603 1734/2998/1602
f 1713/2975/1579 1734/2998/1602 1733/2997/1601
f 1711/2973/1577 1733/2997/1601 1732/2996/1600
f 1709/2971/1575 1732/2996/1600 1653/2995/1599
f 1588/2994/1598 1587/3008/1612 1731/2993/1597
f 1730/2992/1596 1731/2993/1597 1729/2991/1595
f 1728/2990/1594 1729/2991/1595 1727/2989/1593
f 1726/2988/1592 1727/2989/1593 1725/2987/1591
f 1724/2986/1590 1725/2987/1591 1723/2985/1589
f 1722/2984/1588 1723/2985/1589 1721/2983/1587
f 1720/2982/1586 1721/2983/1587 1719/2981/1585
f 1718/2980/1584 1719/2981/1585 1717/2979/1583
f 1716/2978/1582 1717/2979/1583 1715/2977/1581
f 1714/2976/1580 1715/2977/1581 1713/2975/1579
f 1712/2974/1578 1713/2975/1579 1711/2973/1577
f 1710/2972/1576 1711/2973/1577 1709/2971/1575
f 1708/2970/1574 1709/2971/1575 1651/2968/1572
f 1588/2994/1598 1730/2992/1596 1589/3312/1916
f 1730/2992/1596 1728/2990/1594 1589/3313/1916
f 1728/2990/1594 1726/2988/1592 1589/3314/1916
f 1726/2988/1592 1724/2986/1590 1589/3315/1916
f 1724/2986/1590 1722/2984/1588 1589/3316/1916
f 1722/2984/1588 1720/2982/1586 1589/3317/1916
f 1720/2982/1586 1718/2980/1584 1589/3318/1916
f 1718/2980/1584 1716/2978/1582 1589/3319/1916
f 1716/2978/1582 1714/2976/1580 1589/3320/1916
f 1714/2976/1580 1712/2974/1578 1589/3321/1916
f 1712/2974/1578 1710/2972/1576 1589/3322/1916
f 1710/2972/1576 1708/2970/1574 1589/3323/1916
f 1708/2970/1574 1652/2969/1573 1589/3324/1916
f 1972/3325/1917 1649/3326/1918 1648/3327/1919
f 1648/3327/1919 2017/3328/1920 1972/3325/1917
f 2017/3328/1920 1646/3329/1921 1645/3330/1922
f 1645/3330/1922 2018/3331/1923 2017/3328/1920
f 2017/3328/1920 1647/3332/1924 1646/3329/1921
f 2019/3333/1925 2018/3331/1923 1643/3334/1926
f 2018/3331/1923 1644/3335/1927 1643/3334/1926
f 1643/3334/1926 1642/3336/1928 2019/3333/1925
f 2020/3337/1929 2019/3333/1925 1640/3338/1930
f 2019/3333/1925 1641/3339/1931 1640/3338/1930
f 1640/3338/1930 1639/3340/1932 2020/3337/1929
f 2020/3337/1929 1637/3341/1933 1638/3342/1934
f 1638/3342/1934 2021/3343/1935 2020/3337/1929
f 2021/3343/1935 1635/3344/1936 1634/3345/1937
f 1634/3345/1937 2022/3346/1938 2021/3343/1935
f 2021/3343/1935 1636/3347/1939 1635/3344/1936
f 2023/3348/1940 2022/3346/1938 1632/3349/1941
f 1632/3349/1941 1631/3350/1942 2023/3348/1940
f 2022/3346/1938 1633/3351/1943 1632/3349/1941
f 2024/3352/1944 2023/3348/1940 1629/3353/1945
f 2023/3348/1940 1630/3354/1946 1629/3353/1945
f 1629/3353/1945 1628/3355/1947 2024/3352/1944
f 2025/3356/1948 2024/3352/1944 1627/3357/1949
f 2024/3352/1944 1626/3358/1950 1627/3357/1949
f 2025/3356/1948 1624/3359/1951 1623/3360/1952
f 1623/3360/1952 2026/3361/1953 2025/3356/1948
f 2025/3356/1948 1625/3362/1954 1624/3359/1951
f 2026/3361/1953 1621/3363/1955 1620/3364/1956
f 1620/3364/1956 2027/3365/1957 2026/3361/1953
f 2026/3361/1953 1622/3366/1958 1621/3363/1955
f 2028/3367/1959 2027/3365/1957 1618/3368/1960
f 2027/3365/1957 1619/3369/1961 1618/3368/1960
f 1618/3368/1960 1617/3370/1962 2028/3367/1959
f 1973/3371/1963 2028/3367/1959 1615/3372/1964
f 2028/3367/1959 1616/3373/1965 1615/3372/1964
f 1974/3374/1966 1972/3325/1917 2017/3328/1920
f 2029/3375/1967 2017/3328/1920 2018/3331/1923
f 2030/3376/1968 2018/3331/1923 2019/3333/1925
f 2031/3377/1969 2019/3333/1925 2020/3337/1929
f 2032/3378/1970 2020/3337/1929 2021/3343/1935
f 2033/3379/1971 2021/3343/1935 2022/3346/1938
f 2034/3380/1972 2022/3346/1938 2023/3348/1940
f 2035/3381/1973 2023/3348/1940 2024/3352/1944
f 2036/3382/1974 2024/3352/1944 2025/3356/1948
f 2037/3383/1975 2025/3356/1948 2026/3361/1953
f 2038/3384/1976 2026/3361/1953 2027/3365/1957
f 2039/3385/1977 2027/3365/1957 2028/3367/1959
f 2040/3386/1978 2028/3367/1959 1973/3371/1963
f 1975/3387/1979 1974/3374/1966 2029/3375/1967
f 2041/3388/1980 2029/3375/1967 2030/3376/1968
f 2042/3389/1981 2030/3376/1968 2031/3377/1969
f 2043/3390/1982 2031/3377/1969 2032/3378/1970
f 2044/3391/1983 2032/3378/1970 2033/3379/1971
f 2045/3392/1984 2033/3379/1971 2034/3380/1972
f 2046/3393/1985 2034/3380/1972 2035/3381/1973
f 2047/3394/1986 2035/3381/1973 2036/3382/1974
f 2048/3395/1987 2036/3382/1974 2037/3383/1975
f 2049/3396/1988 2037/3383/1975 2038/3384/1976
f 2050/3397/1989 2038/3384/1976 2039/3385/1977
f 2051/3398/1990 2039/3385/1977 2040/3386/1978
f 2052/3399/1991 2040/3386/1978 1976/3400/1992
f 1977/3401/1993 1975/3387/1979 2041/3388/1980
f 2053/3402/1994 2041/3388/1980 2042/3389/1981
f 2054/3403/1995 2042/3389/1981 2043/3390/1982
f 2055/3404/1996 2043/3390/1982 2044/3391/1983
f 2056/3405/1997 2044/3391/1983 2045/3392/1984
f 2057/3406/1998 2045/3392/1984 2046/3393/1985
f 2058/3407/1999 2046/3393/1985 2047/3394/1986
f 2059/3408/2000 2047/3394/1986 2048/3395/1987
f 2060/3409/2001 2048/3395/1987 2049/3396/1988
f 2061/3410/2002 2049/3396/1988 2050/3397/1989
f 2062/3411/2003 2050/3397/1989 2051/3398/1990
f 2063/3412/2004 2051/3398/1990 2052/3399/1991
f 2064/3413/2005 2052/3399/1991 1978/3414/2006
f 1979/3415/2007 1977/3401/1993 2053/3402/1994
f 2065/3416/2008 2053/3402/1994 2054/3403/1995
f 2066/3417/2009 2054/3403/1995 2055/3404/1996
f 2067/3418/2010 2055/3404/1996 2056/3405/1997
f 2068/3419/2011 2056/3405/1997 2057/3406/1998
f 2069/3420/2012 2057/3406/1998 2058/3407/1999
f 2070/3421/2013 2058/3407/1999 2059/3408/2000
f 2071/3422/2014 2059/3408/2000 2060/3409/2001
f 2072/3423/2015 2060/3409/2001 2061/3410/2002
f 2073/3424/2016 2061/3410/2002 2062/3411/2003
f 2074/3425/2017 2062/3411/2003 2063/3412/2004
f 2075/3426/2018 2063/3412/2004 2064/3413/2005
f 2076/3427/2019 2064/3413/2005 1980/3428/2020
f 1981/3429/2021 1979/3415/2007 2065/3416/2008
f 2077/3430/2022 2065/3416/2008 2066/3417/2009
f 2078/3431/2023 2066/3417/2009 2067/3418/2010
f 2079/3432/2024 2067/3418/2010 2068/3419/2011
f 2080/3433/2025 2068/3419/2011 2069/3420/2012
f 2081/3434/2026 2069/3420/2012 2070/3421/2013
f 2082/3435/2027 2070/3421/2013 2071/3422/2014
f 2083/3436/2028 2071/3422/2014 2072/3423/2015
f 2084/3437/2029 2072/3423/2015 2073/3424/2016
f 2085/3438/2030 2073/3424/2016 2074/3425/2017
f 2086/3439/2031 2074/3425/2017 2075/3426/2018
f 2087/3440/2032 2075/3426/2018 2076/3427/2019
f 2088/3441/2033 2076/3427/2019 1982/3442/2034
f 1983/3443/2035 1981/3429/2021 2077/3430/2022
f 2089/3444/2036 2077/3430/2022 2078/3431/2023
f 2090/3445/2037 2078/3431/2023 2079/3432/2024
f 2091/3446/2038 2079/3432/2024 2080/3433/2025
f 2092/3447/2039 2080/3433/2025 2081/3434/2026
f 2093/3448/2040 2081/3434/2026 2082/3435/2027
f 2094/3449/2041 2082/3435/2027 2083/3436/2028
f 2095/3450/2042 2083/3436/2028 2084/3437/2029
f 2096/3451/2043 2084/3437/2029 2085/3438/2030
f 2097/3452/2044 2085/3438/2030 2086/3439/2031
f 2098/3453/2045 2086/3439/2031 2087/3440/2032
f 2099/3454/2046 2087/3440/2032 2088/3441/2033
f 2100/3455/2047 2088/3441/2033 1984/3456/2048
f 1985/3457/2049 1983/3443/2035 2089/3444/2036
f 2101/3458/2050 2089/3444/2036 2090/3445/2037
f 2102/3459/2051 2090/3445/2037 2091/3446/2038
f 2103/3460/2052 2091/3446/2038 2092/3447/2039
f 2104/3461/2053 2092/3447/2039 2093/3448/2040
f 2105/3462/2054 2093/3448/2040 2094/3449/2041
f 2106/3463/2055 2094/3449/2041 2095/3450/2042
f 2107/3464/2056 2095/3450/2042 2096/3451/2043
f 2108/3465/2057 2096/3451/2043 2097/3452/2044
f 2109/3466/2058 2097/3452/2044 2098/3453/2045
f 2110/3467/2059 2098/3453/2045 2099/3454/2046
f 2111/3468/2060 2099/3454/2046 2100/3455/2047
f 2112/3469/2061 2100/3455/2047 1986/3470/2062
f 1987/3471/2063 1985/3457/2049 2101/3458/2050
f 2113/3472/2064 2101/3458/2050 2102/3459/2051
f 2114/3473/2065 2102/3459/2051 2103/3460/2052
f 2115/3474/2066 2103/3460/2052 2104/3461/2053
f 2116/3475/2067 2104/3461/2053 2105/3462/2054
f 2117/3476/2068 2105/3462/2054 2106/3463/2055
f 2118/3477/2069 2106/3463/2055 2107/3464/2056
f 2119/3478/2070 2107/3464/2056 2108/3465/2057
f 2120/3479/2071 2108/3465/2057 2109/3466/2058
f 2121/3480/2072 2109/3466/2058 2110/3467/2059
f 2122/3481/2073 2110/3467/2059 2111/3468/2060
f 2123/3482/2074 2111/3468/2060 2112/3469/2061
f 2124/3483/2075 2112/3469/2061 1988/3484/2076
f 1989/3485/2077 1987/3471/2063 2113/3472/2064
f 2125/3486/2078 2113/3472/2064 2114/3473/2065
f 2126/3487/2079 2114/3473/2065 2115/3474/2066
f 2127/3488/2080 2115/3474/2066 2116/3475/2067
f 2128/3489/2081 2116/3475/2067 2117/3476/2068
f 2129/3490/2082 2117/3476/2068 2118/3477/2069
f 2130/3491/2083 2118/3477/2069 2119/3478/2070
f 2131/3492/2084 2119/3478/2070 2120/3479/2071
f 2132/3493/2085 2120/3479/2071 2121/3480/2072
f 2133/3494/2086 2121/3480/2072 2122/3481/2073
f 2134/3495/2087 2122/3481/2073 2123/3482/2074
f 2135/3496/2088 2123/3482/2074 2124/3483/2075
f 2136/3497/2089 2124/3483/2075 1990/3498/2090
f 1991/3499/2091 1989/3485/2077 2125/3486/2078
f 2137/3500/2092 2125/3486/2078 2126/3487/2079
f 2138/3501/2093 2126/3487/2079 2127/3488/2080
f 2139/3502/2094 2127/3488/2080 2128/3489/2081
f 2140/3503/2095 2128/3489/2081 2129/3490/2082
f 2141/3504/2096 2129/3490/2082 2130/3491/2083
f 2142/3505/2097 2130/3491/2083 2131/3492/2084
f 2143/3506/2098 2131/3492/2084 2132/3493/2085
f 2144/3507/2099 2132/3493/2085 2133/3494/2086
f 2145/3508/2100 2133/3494/2086 2134/3495/2087
f 2146/3509/2101 2134/3495/2087 2135/3496/2088
f 2147/3510/2102 2135/3496/2088 2136/3497/2089
f 2148/3511/2103 2136/3497/2089 1992/3512/2104
f 1993/3513/2105 1991/3499/2091 2137/3500/2092
f 2149/3514/2106 2137/3500/2092 2138/3501/2093
f 2150/3515/2107 2138/3501/2093 2139/3502/2094
f 2151/3516/2108 2139/3502/2094 2140/3503/2095
f 2152/3517/2109 2140/3503/2095 2141/3504/2096
f 2153/3518/2110 2141/3504/2096 2142/3505/2097
f 2154/3519/2111 2142/3505/2097 2143/3506/2098
f 2155/3520/2112 2143/3506/2098 2144/3507/2099
f 2156/3521/2113 2144/3507/2099 2145/3508/2100
f 2157/3522/2114 2145/3508/2100 2146/3509/2101
f 2158/3523/2115 2146/3509/2101 2147/3510/2102
f 2159/3524/2116 2147/3510/2102 2148/3511/2103
f 2160/3525/2117 2148/3511/2103 1994/3526/2118
f 1995/3527/2119 1993/3513/2105 2149/3514/2106
f 2161/3528/2120 2149/3514/2106 2150/3515/2107
f 2162/3529/2121 2150/3515/2107 2151/3516/2108
f 2163/3530/2122 2151/3516/2108 2152/3517/2109
f 2164/3531/2123 2152/3517/2109 2153/3518/2110
f 2165/3532/2124 2153/3518/2110 2154/3519/2111
f 2166/3533/2125 2154/3519/2111 2155/3520/2112
f 2167/3534/2126 2155/3520/2112 2156/3521/2113
f 2168/3535/2127 2156/3521/2113 2157/3522/2114
f 2169/3536/2128 2157/3522/2114 2158/3523/2115
f 2170/3537/2129 2158/3523/2115 2159/3524/2116
f 2171/3538/2130 2159/3524/2116 2160/3525/2117
f 2172/3539/2131 2160/3525/2117 1996/3540/2132
f 1997/3541/2133 1995/3527/2119 2161/3528/2120
f 2173/3542/2134 2161/3528/2120 2162/3529/2121
f 2174/3543/2135 2162/3529/2121 2163/3530/2122
f 2175/3544/2136 2163/3530/2122 2164/3531/2123
f 2176/3545/2137 2164/3531/2123 2165/3532/2124
f 2177/3546/2138 2165/3532/2124 2166/3533/2125
f 2178/3547/2139 2166/3533/2125 2167/3534/2126
f 2179/3548/2140 2167/3534/2126 2168/3535/2127
f 2180/3549/2141 2168/3535/2127 2169/3536/2128
f 2181/3550/2142 2169/3536/2128 2170/3537/2129
f 2182/3551/2143 2170/3537/2129 2171/3538/2130
f 2183/3552/2144 2171/3538/2130 2172/3539/2131
f 2184/3553/2145 2172/3539/2131 1998/3554/2146
f 1999/3555/2147 1997/3541/2133 2173/3542/2134
f 2185/3556/2148 2173/3542/2134 2174/3543/2135
f 2186/3557/2149 2174/3543/2135 2175/3544/2136
f 2187/3558/2150 2175/3544/2136 2176/3545/2137
f 2188/3559/2151 2176/3545/2137 2177/3546/2138
f 2189/3560/2152 2177/3546/2138 2178/3547/2139
f 2190/3561/2153 2178/3547/2139 2179/3548/2140
f 2191/3562/2154 2179/3548/2140 2180/3549/2141
f 2192/3563/2155 2180/3549/2141 2181/3550/2142
f 2193/3564/2156 2181/3550/2142 2182/3551/2143
f 2194/3565/2157 2182/3551/2143 2183/3552/2144
f 2195/3566/2158 2183/3552/2144 2184/3553/2145
f 2196/3567/2159 2184/3553/2145 2000/3568/2160
f 2001/3569/2161 1999/3555/2147 2185/3556/2148
f 2197/3570/2162 2185/3556/2148 2186/3557/2149
f 2198/3571/2163 2186/3557/2149 2187/3558/2150
f 2199/3572/2164 2187/3558/2150 2188/3559/2151
f 2200/3573/2165 2188/3559/2151 2189/3560/2152
f 2201/3574/2166 2189/3560/2152 2190/3561/2153
f 2202/3575/2167 2190/3561/2153 2191/3562/2154
f 2203/3576/2168 2191/3562/2154 2192/3563/2155
f 2204/3577/2169 2192/3563/2155 2193/3564/2156
f 2205/3578/2170 2193/3564/2156 2194/3565/2157
f 2206/3579/2171 2194/3565/2157 2195/3566/2158
f 2207/3580/2172 2195/3566/2158 2196/3567/2159
f 2208/3581/2173 2196/3567/2159 2002/3582/2174
f 2003/3583/2175 2001/3569/2161 2197/3570/2162
f 2209/3584/2176 2197/3570/2162 2198/3571/2163
f 2210/3585/2177 2198/3571/2163 2199/3572/2164
f 2211/3586/2178 2199/3572/2164 2200/3573/2165
f 2212/3587/2179 2200/3573/2165 2201/3574/2166
f 2213/3588/2180 2201/3574/2166 2202/3575/2167
f 2214/3589/2181 2202/3575/2167 2203/3576/2168
f 2215/3590/2182 2203/3576/2168 2204/3577/2169
f 2216/3591/2183 2204/3577/2169 2205/3578/2170
f 2217/3592/2184 2205/3578/2170 2206/3579/2171
f 2218/3593/2185 2206/3579/2171 2207/3580/2172
f 2219/3594/2186 2207/3580/2172 2208/3581/2173
f 2220/3595/2187 2208/3581/2173 2004/3596/2188
f 2005/3597/2189 2003/3583/2175 2209/3584/2176
f 2221/3598/2190 2209/3584/2176 2210/3585/2177
f 2222/3599/2191 2210/3585/2177 2211/3586/2178
f 2223/3600/2192 2211/3586/2178 2212/3587/2179
f 2224/3601/2193 2212/3587/2179 2213/3588/2180
f 2225/3602/2194 2213/3588/2180 2214/3589/2181
f 2226/3603/2195 2214/3589/2181 2215/3590/2182
f 2227/3604/2196 2215/3590/2182 2216/3591/2183
f 2228/3605/2197 2216/3591/2183 2217/3592/2184
f 2229/3606/2198 2217/3592/2184 2218/3593/2185
f 2230/3607/2199 2218/3593/2185 2219/3594/2186
f 2231/3608/2200 2219/3594/2186 2220/3595/2187
f 2232/3609/2201 2220/3595/2187 2006/3610/2202
f 2007/3611/2203 2005/3597/2189 2221/3598/2190
f 2233/3612/2204 2221/3598/2190 2222/3599/2191
f 2234/3613/2205 2222/3599/2191 2223/3600/2192
f 2235/3614/2206 2223/3600/2192 2224/3601/2193
f 2236/3615/2207 2224/3601/2193 2225/3602/2194
f 2237/3616/2208 2225/3602/2194 2226/3603/2195
f 2238/3617/2209 2226/3603/2195 2227/3604/2196
f 2239/3618/2210 2227/3604/2196 2228/3605/2197
f 2240/3619/2211 2228/3605/2197 2229/3606/2198
f 2241/3620/2212 2229/3606/2198 2230/3607/2199
f 2242/3621/2213 2230/3607/2199 2231/3608/2200
f 2243/3622/2214 2231/3608/2200 2232/3609/2201
f 2244/3623/2215 2232/3609/2201 2008/3624/2216
f 2009/3625/2217 2007/3611/2203 2233/3612/2204
f 2245/3626/2218 2233/3612/2204 2234/3613/2205
f 2246/3627/2219 2234/3613/2205 2235/3614/2206
f 2247/3628/2220 2235/3614/2206 2236/3615/2207
f 2248/3629/2221 2236/3615/2207 2237/3616/2208
f 2249/3630/2222 2237/3616/2208 2238/3617/2209
f 2250/3631/2223 2238/3617/2209 2239/3618/2210
f 2251/3632/2224 2239/3618/2210 2240/3619/2211
f 2252/3633/2225 2240/3619/2211 2241/3620/2212
f 2253/3634/2226 2241/3620/2212 2242/3621/2213
f 2254/3635/2227 2242/3621/2213 2243/3622/2214
f 2255/3636/2228 2243/3622/2214 2244/3623/2215
f 2256/3637/2229 2244/3623/2215 2010/3638/2230
f 2011/3639/2231 2009/3625/2217 2245/3626/2218
f 2257/3640/2232 2245/3626/2218 2246/3627/2219
f 2258/3641/2233 2246/3627/2219 2247/3628/2220
f 2259/3642/2234 2247/3628/2220 2248/3629/2221
f 2260/3643/2235 2248/3629/2221 2249/3630/2222
f 2261/3644/2236 2249/3630/2222 2250/3631/2223
f 2262/3645/2237 2250/3631/2223 2251/3632/2224
f 2263/3646/2238 2251/3632/2224 2252/3633/2225
f 2264/3647/2239 2252/3633/2225 2253/3634/2226
f 2265/3648/2240 2253/3634/2226 2254/3635/2227
f 2266/3649/2241 2254/3635/2227 2255/3636/2228
f 2267/3650/2242 2255/3636/2228 2256/3637/2229
f 2268/3651/2243 2256/3637/2229 2012/3652/2244
f 2013/3653/2245 2011/3639/2231 2257/3640/2232
f 2269/3654/2246 2257/3640/2232 2258/3641/2233
f 2270/3655/2247 2258/3641/2233 2259/3642/2234
f 2271/3656/2248 2259/3642/2234 2260/3643/2235
f 2272/3657/2249 2260/3643/2235 2261/3644/2236
f 2273/3658/2250 2261/3644/2236 2262/3645/2237
f 2274/3659/2251 2262/3645/2237 2263/3646/2238
f 2275/3660/2252 2263/3646/2238 2264/3647/2239
f 2276/3661/2253 2264/3647/2239 2265/3648/2240
f 2277/3662/2254 2265/3648/2240 2266/3649/2241
f 2278/3663/2255 2266/3649/2241 2267/3650/2242
f 2279/3664/2256 2267/3650/2242 2268/3651/2243
f 2280/3665/2257 2268/3651/2243 2014/3666/2258
f 2015/3667/2259 2280/3665/2257 2016/3668/2260
f 2015/3669/2259 2279/3664/2256 2280/3665/2257
f 2015/3670/2259 2278/3663/2255 2279/3664/2256
f 2015/3671/2259 2277/3662/2254 2278/3663/2255
f 2015/3672/2259 2276/3661/2253 2277/3662/2254
f 2015/3673/2259 2275/3660/2252 2276/3661/2253
f 2015/3674/2259 2274/3659/2251 2275/3660/2252
f 2015/3675/2259 2273/3658/2250 2274/3659/2251
f 2015/3676/2259 2272/3657/2249 2273/3658/2250
f 2015/3677/2259 2271/3656/2248 2272/3657/2249
f 2015/3678/2259 2270/3655/2247 2271/3656/2248
f 2015/3679/2259 2269/3654/2246 2270/3655/2247
f 2015/3680/2259 2013/3653/2245 2269/3654/2246
f 2014/3666/2258 2016/3668/2260 2280/3665/2257
f 2268/3651/2243 2280/3665/2257 2279/3664/2256
f 2267/3650/2242 2279/3664/2256 2278/3663/2255
f 2266/3649/2241 2278/3663/2255 2277/3662/2254
f 2265/3648/2240 2277/3662/2254 2276/3661/2253
f 2264/3647/2239 2276/3661/2253 2275/3660/2252
f 2263/3646/2238 2275/3660/2252 2274/3659/2251
f 2262/3645/2237 2274/3659/2251 2273/3658/2250
f 2261/3644/2236 2273/3658/2250 2272/3657/2249
f 2260/3643/2235 2272/3657/2249 2271/3656/2248
f 2259/3642/2234 2271/3656/2248 2270/3655/2247
f 2258/3641/2233 2270/3655/2247 2269/3654/2246
f 2257/3640/2232 2269/3654/2246 2013/3653/2245
f 2012/3652/2244 2014/3666/2258 2268/3651/2243
f 2256/3637/2229 2268/3651/2243 2267/3650/2242
f 2255/3636/2228 2267/3650/2242 2266/3649/2241
f 2254/3635/2227 2266/3649/2241 2265/3648/2240
f 2253/3634/2226 2265/3648/2240 2264/3647/2239
f 2252/3633/2225 2264/3647/2239 2263/3646/2238
f 2251/3632/2224 2263/3646/2238 2262/3645/2237
f 2250/3631/2223 2262/3645/2237 2261/3644/2236
f 2249/3630/2222 2261/3644/2236 2260/3643/2235
f 2248/3629/2221 2260/3643/2235 2259/3642/2234
f 2247/3628/2220 2259/3642/2234 2258/3641/2233
f 2246/3627/2219 2258/3641/2233 2257/3640/2232
f 2245/3626/2218 2257/3640/2232 2011/3639/2231
f 2010/3638/2230 2012/3652/2244 2256/3637/2229
f 2244/3623/2215 2256/3637/2229 2255/3636/2228
f 2243/3622/2214 2255/3636/2228 2254/3635/2227
f 2242/3621/2213 2254/3635/2227 2253/3634/2226
f 2241/3620/2212 2253/3634/2226 2252/3633/2225
f 2240/3619/2211 2252/3633/2225 2251/3632/2224
f 2239/3618/2210 2251/3632/2224 2250/3631/2223
f 2238/3617/2209 2250/3631/2223 2249/3630/2222
f 2237/3616/2208 2249/3630/2222 2248/3629/2221
f 2236/3615/2207 2248/3629/2221 2247/3628/2220
f 2235/3614/2206 2247/3628/2220 2246/3627/2219
f 2234/3613/2205 2246/3627/2219 2245/3626/2218
f 2233/3612/2204 2245/3626/2218 2009/3625/2217
f 2008/3624/2216 2010/3638/2230 2244/3623/2215
f 2232/3609/2201 2244/3623/2215 2243/3622/2214
f 2231/3608/2200 2243/3622/2214 2242/3621/2213
f 2230/3607/2199 2242/3621/2213 2241/3620/2212
f 2229/3606/2198 2241/3620/2212 2240/3619/2211
f 2228/3605/2197 2240/3619/2211 2239/3618/2210
f 2227/3604/2196 2239/3618/2210 2238/3617/2209
f 2226/3603/2195 2238/3617/2209 2237/3616/2208
f 2225/3602/2194 2237/3616/2208 2236/3615/2207
f 2224/3601/2193 2236/3615/2207 2235/3614/2206
f 2223/3600/2192 2235/3614/2206 2234/3613/2205
f 2222/3599/2191 2234/3613/2205 2233/3612/2204
f 2221/3598/2190 2233/3612/2204 2007/3611/2203
f 2006/3610/2202 2008/3624/2216 2232/3609/2201
f 2220/3595/2187 2232/3609/2201 2231/3608/2200
f 2219/3594/2186 2231/3608/2200 2230/3607/2199
f 2218/3593/2185 2230/3607/2199 2229/3606/2198
f 2217/3592/2184 2229/3606/2198 2228/3605/2197
f 2216/3591/2183 2228/3605/2197 2227/3604/2196
f 2215/3590/2182 2227/3604/2196 2226/3603/2195
f 2214/3589/2181 2226/3603/2195 2225/3602/2194
f 2213/3588/2180 2225/3602/2194 2224/3601/2193
f 2212/3587/2179 2224/3601/2193 2223/3600/2192
f 2211/3586/2178 2223/3600/2192 2222/3599/2191
f 2210/3585/2177 2222/3599/2191 2221/3598/2190
f 2209/3584/2176 2221/3598/2190 2005/3597/2189
f 2004/3596/2188 2006/3610/2202 2220/3595/2187
f 2208/3581/2173 2220/3595/2187 2219/3594/2186
f 2207/3580/2172 2219/3594/2186 2218/3593/2185
f 2206/3579/2171 2218/3593/2185 2217/3592/2184
f 2205/3578/2170 2217/3592/2184 2216/3591/2183
f 2204/3577/2169 2216/3591/2183 2215/3590/2182
f 2203/3576/2168 2215/3590/2182 2214/3589/2181
f 2202/3575/2167 2214/3589/2181 2213/3588/2180
f 2201/3574/2166 2213/3588/2180 2212/3587/2179
f 2200/3573/2165 2212/3587/2179 2211/3586/2178
f 2199/3572/2164 2211/3586/2178 2210/3585/2177
f 2198/3571/2163 2210/3585/2177 2209/3584/2176
f 2197/3570/2162 2209/3584/2176 2003/3583/2175
f 2002/3582/2174 2004/3596/2188 2208/3581/2173
f 2196/3567/2159 2208/3581/2173 2207/3580/2172
f 2195/3566/2158 2207/3580/2172 2206/3579/2171
f 2194/3565/2157 2206/3579/2171 2205/3578/2170
f 2193/3564/2156 2205/3578/2170 2204/3577/2169
f 2192/3563/2155 2204/3577/2169 2203/3576/2168
f 2191/3562/2154 2203/3576/2168 2202/3575/2167
f 2190/3561/2153 2202/3575/2167 2201/3574/2166
f 2189/3560/2152 2201/3574/2166 2200/3573/2165
f 2188/3559/2151 2200/3573/2165 2199/3572/2164
f 2187/3558/2150 2199/3572/2164 2198/3571/2163
f 2186/3557/2149 2198/3571/2163 2197/3570/2162
f 2185/3556/2148 2197/3570/2162 2001/3569/2161
f 2000/3568/2160 2002/3582/2174 2196/3567/2159
f 2184/3553/2145 2196/3567/2159 2195/3566/2158
f 2183/3552/2144 2195/3566/2158 2194/3565/2157
f 2182/3551/2143 2194/3565/2157 2193/3564/2156
f 2181/3550/2142 2193/3564/2156 2192/3563/2155
f 2180/3549/2141 2192/3563/2155 2191/3562/2154
f 2179/3548/2140 2191/3562/2154 2190/3561/2153
f 2178/3547/2139 2190/3561/2153 2189/3560/2152
f 2177/3546/2138 2189/3560/2152 2188/3559/2151
f 2176/3545/2137 2188/3559/2151 2187/3558/2150
f 2175/3544/2136 2187/3558/2150 2186/3557/2149
f 2174/3543/2135 2186/3557/2149 2185/3556/2148
f 2173/3542/2134 2185/3556/2148 1999/3555/2147
f 1998/3554/2146 2000/3568/2160 2184/3553/2145
f 2172/3539/2131 2184/3553/2145 2183/3552/2144
f 2171/3538/2130 2183/3552/2144 2182/3551/2143
f 2170/3537/2129 2182/3551/2143 2181/3550/2142
f 2169/3536/2128 2181/3550/2142 2180/3549/2141
f 2168/3535/2127 2180/3549/2141 2179/3548/2140
f 2167/3534/2126 2179/3548/2140 2178/3547/2139
f 2166/3533/2125 2178/3547/2139 2177/3546/2138
f 2165/3532/2124 2177/3546/2138 2176/3545/2137
f 2164/3531/2123 2176/3545/2137 2175/3544/2136
f 2163/3530/2122 2175/3544/2136 2174/3543/2135
f 2162/3529/2121 2174/3543/2135 2173/3542/2134
f 2161/3528/2120 2173/3542/2134 1997/3541/2133
f 1996/3540/2132 1998/3554/2146 2172/3539/2131
f 2160/3525/2117 2172/3539/2131 2171/3538/2130
f 2159/3524/2116 2171/3538/2130 2170/3537/2129
f 2158/3523/2115 2170/3537/2129 2169/3536/2128
f 2157/3522/2114 2169/3536/2128 2168/3535/2127
f 2156/3521/2113 2168/3535/2127 2167/3534/2126
f 2155/3520/2112 2167/3534/2126 2166/3533/2125
f 2154/3519/2111 2166/3533/2125 2165/3532/2124
f 2153/3518/2110 2165/3532/2124 2164/3531/2123
f 2152/3517/2109 2164/3531/2123 2163/3530/2122
f 2151/3516/2108 2163/3530/2122 2162/3529/2121
f 2150/3515/2107 2162/3529/2121 2161/3528/2120
f 2149/3514/2106 2161/3528/2120 1995/3527/2119
f 1994/3526/2118 1996/3540/2132 2160/3525/2117
f 2148/3511/2103 2160/3525/2117 2159/3524/2116
f 2147/3510/2102 2159/3524/2116 2158/3523/2115
f 2146/3509/2101 2158/3523/2115 2157/3522/2114
f 2145/3508/2100 2157/3522/2114 2156/3521/2113
f 2144/3507/2099 2156/3521/2113 2155/3520/2112
f 2143/3506/2098 2155/3520/2112 2154/3519/2111
f 2142/3505/2097 2154/3519/2111 2153/3518/2110
f 2141/3504/2096 2153/3518/2110 2152/3517/2109
f 2140/3503/2095 2152/3517/2109 2151/3516/2108
f 2139/3502/2094 2151/3516/2108 2150/3515/2107
f 2138/3501/2093 2150/3515/2107 2149/3514/2106
f 2137/3500/2092 2149/3514/2106 1993/3513/2105
f 1992/3512/2104 1994/3526/2118 2148/3511/2103
f 2136/3497/2089 2148/3511/2103 2147/3510/2102
f 2135/3496/2088 2147/3510/2102 2146/3509/2101
f 2134/3495/2087 2146/3509/2101 2145/3508/2100
f 2133/3494/2086 2145/3508/2100 2144/3507/2099
f 2132/3493/2085 2144/3507/2099 2143/3506/2098
f 2131/3492/2084 2143/3506/2098 2142/3505/2097
f 2130/3491/2083 2142/3505/2097 2141/3504/2096
f 2129/3490/2082 2141/3504/2096 2140/3503/2095
f 2128/3489/2081 2140/3503/2095 2139/3502/2094
f 2127/3488/2080 2139/3502/2094 2138/3501/2093
f 2126/3487/2079 2138/3501/2093 2137/3500/2092
f 2125/3486/2078 2137/3500/2092 1991/3499/2091
f 1990/3498/2090 1992/3512/2104 2136/3497/2089
f 2124/3483/2075 2136/3497/2089 2135/3496/2088
f 2123/3482/2074 2135/3496/2088 2134/3495/2087
f 2122/3481/2073 2134/3495/2087 2133/3494/2086
f 2121/3480/2072 2133/3494/2086 2132/3493/2085
f 2120/3479/2071 2132/3493/2085 2131/3492/2084
f 2119/3478/2070 2131/3492/2084 2130/3491/2083
f 2118/3477/2069 2130/3491/2083 2129/3490/2082
f 2117/3476/2068 2129/3490/2082 2128/3489/2081
f 2116/3475/2067 2128/3489/2081 2127/3488/2080
f 2115/3474/2066 2127/3488/2080 2126/3487/2079
f 2114/3473/2065 2126/3487/2079 2125/3486/2078
f 2113/3472/2064 2125/3486/2078 1989/3485/2077
f 1988/3484/2076 1990/3498/2090 2124/3483/2075
f 2112/3469/2061 2124/3483/2075 2123/3482/2074
f 2111/3468/2060 2123/3482/2074 2122/3481/2073
f 2110/3467/2059 2122/3481/2073 2121/3480/2072
f 2109/3466/2058 2121/3480/2072 2120/3479/2071
f 2108/3465/2057 2120/3479/2071 2119/3478/2070
f 2107/3464/2056 2119/3478/2070 2118/3477/2069
f 2106/3463/2055 2118/3477/2069 2117/3476/2068
f 2105/3462/2054 2117/3476/2068 2116/3475/2067
f 2104/3461/2053 2116/3475/2067 2115/3474/2066
f 2103/3460/2052 2115/3474/2066 2114/3473/2065
f 2102/3459/2051 2114/3473/2065 2113/3472/2064
f 2101/3458/2050 2113/3472/2064 1987/3471/2063
f 1986/3470/2062 1988/3484/2076 2112/3469/2061
f 2100/3455/2047 2112/3469/2061 2111/3468/2060
f 2099/3454/2046 2111/3468/2060 2110/3467/2059
f 2098/3453/2045 2110/3467/2059 2109/3466/2058
f 2097/3452/2044 2109/3466/2058 2108/3465/2057
f 2096/3451/2043 2108/3465/2057 2107/3464/2056
f 2095/3450/2042 2107/3464/2056 2106/3463/2055
f 2094/3449/2041 2106/3463/2055 2105/3462/2054
f 2093/3448/2040 2105/3462/2054 2104/3461/2053
f 2092/3447/2039 2104/3461/2053 2103/3460/2052
f 2091/3446/2038 2103/3460/2052 2102/3459/2051
f 2090/3445/2037 2102/3459/2051 2101/3458/2050
f 2089/3444/2036 2101/3458/2050 1985/3457/2049
f 1984/3456/2048 1986/3470/2062 2100/3455/2047
f 2088/3441/2033 2100/3455/2047 2099/3454/2046
f 2087/3440/2032 2099/3454/2046 2098/3453/2045
f 2086/3439/2031 2098/3453/2045 2097/3452/2044
f 2085/3438/2030 2097/3452/2044 2096/3451/2043
f 2084/3437/2029 2096/3451/2043 2095/3450/2042
f 2083/3436/2028 2095/3450/2042 2094/3449/2041
f 2082/3435/2027 2094/3449/2041 2093/3448/2040
f 2081/3434/2026 2093/3448/2040 2092/3447/2039
f 2080/3433/2025 2092/3447/2039 2091/3446/2038
f 2079/3432/2024 2091/3446/2038 2090/3445/2037
f 2078/3431/2023 2090/3445/2037 2089/3444/2036
f 2077/3430/2022 2089/3444/2036 1983/3443/2035
f 1982/3442/2034 1984/3456/2048 2088/3441/2033
f 2076/3427/2019 2088/3441/2033 2087/3440/2032
f 2075/3426/2018 2087/3440/2032 2086/3439/2031
f 2074/3425/2017 2086/3439/2031 2085/3438/2030
f 2073/3424/2016 2085/3438/2030 2084/3437/2029
f 2072/3423/2015 2084/3437/2029 2083/3436/2028
f 2071/3422/2014 2083/3436/2028 2082/3435/2027
f 2070/3421/2013 2082/3435/2027 2081/3434/2026
f 2069/3420/2012 2081/3434/2026 2080/3433/2025
f 2068/3419/2011 2080/3433/2025 2079/3432/2024
f 2067/3418/2010 2079/3432/2024 2078/3431/2023
f 2066/3417/2009 2078/3431/2023 2077/3430/2022
f 2065/3416/2008 2077/3430/2022 1981/3429/2021
f 1980/3428/2020 1982/3442/2034 2076/3427/2019
f 2064/3413/2005 2076/3427/2019 2075/3426/2018
f 2063/3412/2004 2075/3426/2018 2074/3425/2017
f 2062/3411/2003 2074/3425/2017 2073/3424/2016
f 2061/3410/2002 2073/3424/2016 2072/3423/2015
f 2060/3409/2001 2072/3423/2015 2071/3422/2014
f 2059/3408/2000 2071/3422/2014 2070/3421/2013
f 2058/3407/1999 2070/3421/2013 2069/3420/2012
f 2057/3406/1998 2069/3420/2012 2068/3419/2011
f 2056/3405/1997 2068/3419/2011 2067/3418/2010
f 2055/3404/1996 2067/3418/2010 2066/3417/2009
f 2054/3403/1995 2066/3417/2009 2065/3416/2008
f 2053/3402/1994 2065/3416/2008 1979/3415/2007
f 1978/3414/2006 1980/3428/2020 2064/3413/2005
f 2052/3399/1991 2064/3413/2005 2063/3412/2004
f 2051/3398/1990 2063/3412/2004 2062/3411/2003
f 2050/3397/1989 2062/3411/2003 2061/3410/2002
f 2049/3396/1988 2061/3410/2002 2060/3409/2001
f 2048/3395/1987 2060/3409/2001 2059/3408/2000
f 2047/3394/1986 2059/3408/2000 2058/3407/1999
f 2046/3393/1985 2058/3407/1999 2057/3406/1998
f 2045/3392/1984 2057/3406/1998 2056/3405/1997
f 2044/3391/1983 2056/3405/1997 2055/3404/1996
f 2043/3390/1982 2055/3404/1996 2054/3403/1995
f 2042/3389/1981 2054/3403/1995 2053/3402/1994
f 2041/3388/1980 2053/3402/1994 1977/3401/1993
f 1976/3400/1992 1978/3414/2006 2052/3399/1991
f 2040/3386/1978 2052/3399/1991 2051/3398/1990
f 2039/3385/1977 2051/3398/1990 2050/3397/1989
f 2038/3384/1976 2050/3397/1989 2049/3396/1988
f 2037/3383/1975 2049/3396/1988 2048/3395/1987
f 2036/3382/1974 2048/3395/1987 2047/3394/1986
f 2035/3381/1973 2047/3394/1986 2046/3393/1985
f 2034/3380/1972 2046/3393/1985 2045/3392/1984
f 2033/3379/1971 2045/3392/1984 2044/3391/1983
f 2032/3378/1970 2044/3391/1983 2043/3390/1982
f 2031/3377/1969 2043/3390/1982 2042/3389/1981
f 2030/3376/1968 2042/3389/1981 2041/3388/1980
f 2029/3375/1967 2041/3388/1980 1975/3387/1979
f 1973/3371/1963 1976/3400/1992 2040/3386/1978
f 2028/3367/1959 2040/3386/1978 2039/3385/1977
f 2027/3365/1957 2039/3385/1977 2038/3384/1976
f 2026/3361/1953 2038/3384/1976 2037/3383/1975
f 2025/3356/1948 2037/3383/1975 2036/3382/1974
f 2024/3352/1944 2036/3382/1974 2035/3381/1973
f 2023/3348/1940 2035/3381/1973 2034/3380/1972
f 2022/3346/1938 2034/3380/1972 2033/3379/1971
f 2021/3343/1935 2033/3379/1971 2032/3378/1970
f 2020/3337/1929 2032/3378/1970 2031/3377/1969
f 2019/3333/1925 2031/3377/1969 2030/3376/1968
f 2018/3331/1923 2030/3376/1968 2029/3375/1967
f 2017/3328/1920 2029/3375/1967 1974/3374/1966
f 1615/3372/1964 1614/3681/2261 1973/3371/1963
f 1617/3370/1962 1616/3373/1965 2028/3367/1959
f 1620/3364/1956 1619/3369/1961 2027/3365/1957
f 1623/3360/1952 1622/3366/1958 2026/3361/1953
f 1627/3357/1949 1625/3362/1954 2025/3356/1948
f 1628/3355/1947 1626/3358/1950 2024/3352/1944
f 1631/3350/1942 1630/3354/1946 2023/3348/1940
f 1634/3345/1937 1633/3351/1943 2022/3346/1938
f 1638/3342/1934 1636/3347/1939 2021/3343/1935
f 1639/3340/1932 1637/3341/1933 2020/3337/1929
f 1642/3336/1928 1641/3339/1931 2019/3333/1925
f 1645/3330/1922 1644/3335/1927 2018/3331/1923
f 1648/3327/1919 1647/3332/1924 2017/3328/1920
f 2281/3682/2261 1614/3683/2261 1298/3684/2261
f 1298/3684/2261 1590/3685/2261 2281/3682/2261
f 1611/3686/2262 1612/3687/2263 2339/3688/2264
f 2340/3689/2265 2339/3688/2264 2341/3690/2266
f 2342/3691/2267 2341/3690/2266 2343/3692/2268
f 2344/3693/2269 2343/3692/2268 2345/3694/2270
f 2346/3695/2271 2345/3694/2270 2347/3696/2272
f 2348/3697/2273 2347/3696/2272 2349/3698/2274
f 2350/3699/2275 2349/3698/2274 2351/3700/2276
f 2352/3701/2277 2351/3700/2276 2353/3702/2278
f 2354/3703/2279 2353/3702/2278 2355/3704/2280
f 2356/3705/2281 2355/3704/2280 2357/3706/2282
f 2358/3707/2283 2357/3706/2282 2359/3708/2284
f 2360/3709/2285 2359/3708/2284 2361/3710/2286
f 2362/3711/2287 2361/3710/2286 2282/3712/2288
f 1610/3713/2289 1611/3686/2262 2340/3689/2265
f 2363/3714/2290 2340/3689/2265 2342/3691/2267
f 2364/3715/2291 2342/3691/2267 2344/3693/2269
f 2365/3716/2292 2344/3693/2269 2346/3695/2271
f 2366/3717/2293 2346/3695/2271 2348/3697/2273
f 2367/3718/2294 2348/3697/2273 2350/3699/2275
f 2368/3719/2295 2350/3699/2275 2352/3701/2277
f 2369/3720/2296 2352/3701/2277 2354/3703/2279
f 2370/3721/2297 2354/3703/2279 2356/3705/2281
f 2371/3722/2298 2356/3705/2281 2358/3707/2283
f 2372/3723/2299 2358/3707/2283 2360/3709/2285
f 2373/3724/2300 2360/3709/2285 2362/3711/2287
f 2374/3725/2301 2362/3711/2287 2283/3726/2302
f 1609/3727/2303 1610/3713/2289 2363/3714/2290
f 2375/3728/2304 2363/3714/2290 2364/3715/2291
f 2376/3729/2305 2364/3715/2291 2365/3716/2292
f 2377/3730/2306 2365/3716/2292 2366/3717/2293
f 2378/3731/2307 2366/3717/2293 2367/3718/2294
f 2379/3732/2308 2367/3718/2294 2368/3719/2295
f 2380/3733/2309 2368/3719/2295 2369/3720/2296
f 2381/3734/2310 2369/3720/2296 2370/3721/2297
f 2382/3735/2311 2370/3721/2297 2371/3722/2298
f 2383/3736/2312 2371/3722/2298 2372/3723/2299
f 2384/3737/2313 2372/3723/2299 2373/3724/2300
f 2385/3738/2314 2373/3724/2300 2374/3725/2301
f 2386/3739/2315 2374/3725/2301 2284/3740/2316
f 1608/3741/2317 1609/3727/2303 2375/3728/2304
f 2387/3742/2318 2375/3728/2304 2376/3729/2305
f 2388/3743/2319 2376/3729/2305 2377/3730/2306
f 2389/3744/2320 2377/3730/2306 2378/3731/2307
f 2390/3745/2321 2378/3731/2307 2379/3732/2308
f 2391/3746/2322 2379/3732/2308 2380/3733/2309
f 2392/3747/2323 2380/3733/2309 2381/3734/2310
f 2393/3748/2324 2381/3734/2310 2382/3735/2311
f 2394/3749/2325 2382/3735/2311 2383/3736/2312
f 2395/3750/2326 2383/3736/2312 2384/3737/2313
f 2396/3751/2327 2384/3737/2313 2385/3738/2314
f 2397/3752/2328 2385/3738/2314 2386/3739/2315
f 2398/3753/2329 2386/3739/2315 2285/3754/2330
f 1607/3755/2331 1608/3741/2317 2387/3742/2318
f 2399/3756/2332 2387/3742/2318 2388/3743/2319
f 2400/3757/2333 2388/3743/2319 2389/3744/2320
f 2401/3758/2334 2389/3744/2320 2390/3745/2321
f 2402/3759/2335 2390/3745/2321 2391/3746/2322
f 2403/3760/2336 2391/3746/2322 2392/3747/2323
f 2404/3761/2337 2392/3747/2323 2393/3748/2324
f 2405/3762/2338 2393/3748/2324 2394/3749/2325
f 2406/3763/2339 2394/3749/2325 2395/3750/2326
f 2407/3764/2340 2395/3750/2326 2396/3751/2327
f 2408/3765/2341 2396/3751/2327 2397/3752/2328
f 2409/3766/2342 2397/3752/2328 2398/3753/2329
f 2410/3767/2343 2398/3753/2329 2286/3768/2344
f 1606/3769/2345 1607/3755/2331 2399/3756/2332
f 2411/3770/2346 2399/3756/2332 2400/3757/2333
f 2412/3771/2347 2400/3757/2333 2401/3758/2334
f 2413/3772/2348 2401/3758/2334 2402/3759/2335
f 2414/3773/2349 2402/3759/2335 2403/3760/2336
f 2415/3774/2350 2403/3760/2336 2404/3761/2337
f 2416/3775/2351 2404/3761/2337 2405/3762/2338
f 2417/3776/2352 2405/3762/2338 2406/3763/2339
f 2418/3777/2353 2406/3763/2339 2407/3764/2340
f 2419/3778/2354 2407/3764/2340 2408/3765/2341
f 2420/3779/2355 2408/3765/2341 2409/3766/2342
f 2421/3780/2356 2409/3766/2342 2410/3767/2343
f 2422/3781/2357 2410/3767/2343 2287/3782/2358
f 1605/3783/2359 1606/3769/2345 2411/3770/2346
f 2423/3784/2360 2411/3770/2346 2412/3771/2347
f 2424/3785/2361 2412/3771/2347 2413/3772/2348
f 2425/3786/2362 2413/3772/2348 2414/3773/2349
f 2426/3787/2363 2414/3773/2349 2415/3774/2350
f 2427/3788/2364 2415/3774/2350 2416/3775/2351
f 2428/3789/2365 2416/3775/2351 2417/3776/2352
f 2429/3790/2366 2417/3776/2352 2418/3777/2353
f 2430/3791/2367 2418/3777/2353 2419/3778/2354
f 2431/3792/2368 2419/3778/2354 2420/3779/2355
f 2432/3793/2369 2420/3779/2355 2421/3780/2356
f 2433/3794/2370 2421/3780/2356 2422/3781/2357
f 2434/3795/2371 2422/3781/2357 2288/3796/2372
f 1604/3797/2373 1605/3783/2359 2423/3784/2360
f 2435/3798/2374 2423/3784/2360 2424/3785/2361
f 2436/3799/2375 2424/3785/2361 2425/3786/2362
f 2437/3800/2376 2425/3786/2362 2426/3787/2363
f 2438/3801/2377 2426/3787/2363 2427/3788/2364
f 2439/3802/2378 2427/3788/2364 2428/3789/2365
f 2440/3803/2379 2428/3789/2365 2429/3790/2366
f 2441/3804/2380 2429/3790/2366 2430/3791/2367
f 2442/3805/2381 2430/3791/2367 2431/3792/2368
f 2443/3806/2382 2431/3792/2368 2432/3793/2369
f 2444/3807/2383 2432/3793/2369 2433/3794/2370
f 2445/3808/2384 2433/3794/2370 2434/3795/2371
f 2446/3809/2385 2434/3795/2371 2289/3810/2386
f 1603/3811/2387 1604/3797/2373 2435/3798/2374
f 2447/3812/2388 2435/3798/2374 2436/3799/2375
f 2448/3813/2389 2436/3799/2375 2437/3800/2376
f 2449/3814/2390 2437/3800/2376 2438/3801/2377
f 2450/3815/2391 2438/3801/2377 2439/3802/2378
f 2451/3816/2392 2439/3802/2378 2440/3803/2379
f 2452/3817/2393 2440/3803/2379 2441/3804/2380
f 2453/3818/2394 2441/3804/2380 2442/3805/2381
f 2454/3819/2395 2442/3805/2381 2443/3806/2382
f 2455/3820/2396 2443/3806/2382 2444/3807/2383
f 2456/3821/2397 2444/3807/2383 2445/3808/2384
f 2457/3822/2398 2445/3808/2384 2446/3809/2385
f 2458/3823/2399 2446/3809/2385 2290/3824/2400
f 1602/3825/2401 1603/3811/2387 2447/3812/2388
f 2459/3826/2402 2447/3812/2388 2448/3813/2389
f 2460/3827/2403 2448/3813/2389 2449/3814/2390
f 2461/3828/2404 2449/3814/2390 2450/3815/2391
f 2462/3829/2405 2450/3815/2391 2451/3816/2392
f 2463/3830/2406 2451/3816/2392 2452/3817/2393
f 2464/3831/2407 2452/3817/2393 2453/3818/2394
f 2465/3832/2408 2453/3818/2394 2454/3819/2395
f 2466/3833/2409 2454/3819/2395 2455/3820/2396
f 2467/3834/2410 2455/3820/2396 2456/3821/2397
f 2468/3835/2411 2456/3821/2397 2457/3822/2398
f 2469/3836/2412 2457/3822/2398 2458/3823/2399
f 2470/3837/2413 2458/3823/2399 2291/3838/2414
f 1601/3839/2415 1602/3825/2401 2459/3826/2402
f 2471/3840/2416 2459/3826/2402 2460/3827/2403
f 2472/3841/2417 2460/3827/2403 2461/3828/2404
f 2473/3842/2418 2461/3828/2404 2462/3829/2405
f 2474/3843/2419 2462/3829/2405 2463/3830/2406
f 2475/3844/2420 2463/3830/2406 2464/3831/2407
f 2476/3845/2421 2464/3831/2407 2465/3832/2408
f 2477/3846/2422 2465/3832/2408 2466/3833/2409
f 2478/3847/2423 2466/3833/2409 2467/3834/2410
f 2479/3848/2424 2467/3834/2410 2468/3835/2411
f 2480/3849/2425 2468/3835/2411 2469/3836/2412
f 2481/3850/2426 2469/3836/2412 2470/3837/2413
f 2482/3851/2427 2470/3837/2413 2292/3852/2428
f 1600/3853/2429 1601/3839/2415 2471/3840/2416
f 2483/3854/2430 2471/3840/2416 2472/3841/2417
f 2484/3855/2431 2472/3841/2417 2473/3842/2418
f 2485/3856/2432 2473/3842/2418 2474/3843/2419
f 2486/3857/2433 2474/3843/2419 2475/3844/2420
f 2487/3858/2434 2475/3844/2420 2476/3845/2421
f 2488/3859/2435 2476/3845/2421 2477/3846/2422
f 2489/3860/2436 2477/3846/2422 2478/3847/2423
f 2490/3861/2437 2478/3847/2423 2479/3848/2424
f 2491/3862/2438 2479/3848/2424 2480/3849/2425
f 2492/3863/2439 2480/3849/2425 2481/3850/2426
f 2493/3864/2440 2481/3850/2426 2482/3851/2427
f 2494/3865/2441 2482/3851/2427 2293/3866/2442
f 1599/3867/2443 1600/3853/2429 2483/3854/2430
f 2495/3868/2444 2483/3854/2430 2484/3855/2431
f 2496/3869/2445 2484/3855/2431 2485/3856/2432
f 2497/3870/2446 2485/3856/2432 2486/3857/2433
f 2498/3871/2447 2486/3857/2433 2487/3858/2434
f 2499/3872/2448 2487/3858/2434 2488/3859/2435
f 2500/3873/2449 2488/3859/2435 2489/3860/2436
f 2501/3874/2450 2489/3860/2436 2490/3861/2437
f 2502/3875/2451 2490/3861/2437 2491/3862/2438
f 2503/3876/2452 2491/3862/2438 2492/3863/2439
f 2504/3877/2453 2492/3863/2439 2493/3864/2440
f 2505/3878/2454 2493/3864/2440 2494/3865/2441
f 2506/3879/2455 2494/3865/2441 2294/3880/2456
f 1598/3881/2457 1599/3867/2443 2495/3868/2444
f 2507/3882/2458 2495/3868/2444 2496/3869/2445
f 2508/3883/2459 2496/3869/2445 2497/3870/2446
f 2509/3884/2460 2497/3870/2446 2498/3871/2447
f 2510/3885/2461 2498/3871/2447 2499/3872/2448
f 2511/3886/2462 2499/3872/2448 2500/3873/2449
f 2512/3887/2463 2500/3873/2449 2501/3874/2450
f 2513/3888/2464 2501/3874/2450 2502/3875/2451
f 2514/3889/2465 2502/3875/2451 2503/3876/2452
f 2515/3890/2466 2503/3876/2452 2504/3877/2453
f 2516/3891/2467 2504/3877/2453 2505/3878/2454
f 2517/3892/2468 2505/3878/2454 2506/3879/2455
f 2518/3893/2469 2506/3879/2455 2295/3894/2470
f 1597/3895/2471 1598/3881/2457 2507/3882/2458
f 2519/3896/2472 2507/3882/2458 2508/3883/2459
f 2520/3897/2473 2508/3883/2459 2509/3884/2460
f 2521/3898/2474 2509/3884/2460 2510/3885/2461
f 2522/3899/2475 2510/3885/2461 2511/3886/2462
f 2523/3900/2476 2511/3886/2462 2512/3887/2463
f 2524/3901/2477 2512/3887/2463 2513/3888/2464
f 2525/3902/2478 2513/3888/2464 2514/3889/2465
f 2526/3903/2479 2514/3889/2465 2515/3890/2466
f 2527/3904/2480 2515/3890/2466 2516/3891/2467
f 2528/3905/2481 2516/3891/2467 2517/3892/2468
f 2529/3906/2482 2517/3892/2468 2518/3893/2469
f 2530/3907/2483 2518/3893/2469 2296/3908/2484
f 1596/3909/2485 1597/3895/2471 2519/3896/2472
f 2531/3910/2486 2519/3896/2472 2520/3897/2473
f 2532/3911/2487 2520/3897/2473 2521/3898/2474
f 2533/3912/2488 2521/3898/2474 2522/3899/2475
f 2534/3913/2489 2522/3899/2475 2523/3900/2476
f 2535/3914/2490 2523/3900/2476 2524/3901/2477
f 2536/3915/2491 2524/3901/2477 2525/3902/2478
f 2537/3916/2492 2525/3902/2478 2526/3903/2479
f 2538/3917/2493 2526/3903/2479 2527/3904/2480
f 2539/3918/2494 2527/3904/2480 2528/3905/2481
f 2540/3919/2495 2528/3905/2481 2529/3906/2482
f 2541/3920/2496 2529/3906/2482 2530/3907/2483
f 2542/3921/2497 2530/3907/2483 2297/3922/2498
f 1595/3923/2499 1596/3909/2485 2531/3910/2486
f 2543/3924/2500 2531/3910/2486 2532/3911/2487
f 2544/3925/2501 2532/3911/2487 2533/3912/2488
f 2545/3926/2502 2533/3912/2488 2534/3913/2489
f 2546/3927/2503 2534/3913/2489 2535/3914/2490
f 2547/3928/2504 2535/3914/2490 2536/3915/2491
f 2548/3929/2505 2536/3915/2491 2537/3916/2492
f 2549/3930/2506 2537/3916/2492 2538/3917/2493
f 2550/3931/2507 2538/3917/2493 2539/3918/2494
f 2551/3932/2508 2539/3918/2494 2540/3919/2495
f 2552/3933/2509 2540/3919/2495 2541/3920/2496
f 2553/3934/2510 2541/3920/2496 2542/3921/2497
f 2554/3935/2511 2542/3921/2497 2298/3936/2512
f 1594/3937/2513 1595/3923/2499 2543/3924/2500
f 2555/3938/2514 2543/3924/2500 2544/3925/2501
f 2556/3939/2515 2544/3925/2501 2545/3926/2502
f 2557/3940/2516 2545/3926/2502 2546/3927/2503
f 2558/3941/2517 2546/3927/2503 2547/3928/2504
f 2559/3942/2518 2547/3928/2504 2548/3929/2505
f 2560/3943/2519 2548/3929/2505 2549/3930/2506
f 2561/3944/2520 2549/3930/2506 2550/3931/2507
f 2562/3945/2521 2550/3931/2507 2551/3932/2508
f 2563/3946/2522 2551/3932/2508 2552/3933/2509
f 2564/3947/2523 2552/3933/2509 2553/3934/2510
f 2565/3948/2524 2553/3934/2510 2554/3935/2511
f 2566/3949/2525 2554/3935/2511 2299/3950/2526
f 1593/3951/2527 1594/3937/2513 2555/3938/2514
f 2567/3952/2528 2555/3938/2514 2556/3939/2515
f 2568/3953/2529 2556/3939/2515 2557/3940/2516
f 2569/3954/2530 2557/3940/2516 2558/3941/2517
f 2570/3955/2531 2558/3941/2517 2559/3942/2518
f 2571/3956/2532 2559/3942/2518 2560/3943/2519
f 2572/3957/2533 2560/3943/2519 2561/3944/2520
f 2573/3958/2534 2561/3944/2520 2562/3945/2521
f 2574/3959/2535 2562/3945/2521 2563/3946/2522
f 2575/3960/2536 2563/3946/2522 2564/3947/2523
f 2576/3961/2537 2564/3947/2523 2565/3948/2524
f 2577/3962/2538 2565/3948/2524 2566/3949/2525
f 2578/3963/2539 2566/3949/2525 2300/3964/2540
f 1592/3965/2541 1593/3951/2527 2567/3952/2528
f 2579/3966/2542 2567/3952/2528 2568/3953/2529
f 2580/3967/2543 2568/3953/2529 2569/3954/2530
f 2581/3968/2544 2569/3954/2530 2570/3955/2531
f 2582/3969/2545 2570/3955/2531 2571/3956/2532
f 2583/3970/2546 2571/3956/2532 2572/3957/2533
f 2584/3971/2547 2572/3957/2533 2573/3958/2534
f 2585/3972/2548 2573/3958/2534 2574/3959/2535
f 2586/3973/2549 2574/3959/2535 2575/3960/2536
f 2587/3974/2550 2575/3960/2536 2576/3961/2537
f 2588/3975/2551 2576/3961/2537 2577/3962/2538
f 2589/3976/2552 2577/3962/2538 2578/3963/2539
f 2590/3977/2553 2578/3963/2539 2301/3978/2554
f 1591/3979/2555 1592/3965/2541 2579/3966/2542
f 2591/3980/2556 2579/3966/2542 2580/3967/2543
f 2592/3981/2557 2580/3967/2543 2581/3968/2544
f 2593/3982/2558 2581/3968/2544 2582/3969/2545
f 2594/3983/2559 2582/3969/2545 2583/3970/2546
f 2595/3984/2560 2583/3970/2546 2584/3971/2547
f 2596/3985/2561 2584/3971/2547 2585/3972/2548
f 2597/3986/2562 2585/3972/2548 2586/3973/2549
f 2598/3987/2563 2586/3973/2549 2587/3974/2550
f 2599/3988/2564 2587/3974/2550 2588/3975/2551
f 2600/3989/2565 2588/3975/2551 2589/3976/2552
f 2601/3990/2566 2589/3976/2552 2590/3977/2553
f 2602/3991/2567 2590/3977/2553 2302/3992/2568
f 1591/3979/2555 2591/3980/2556 2303/3993/2569
f 2591/3980/2556 2304/3994/2570 2303/3993/2569
f 2591/3980/2556 2592/3981/2557 2305/3995/2571
f 2592/3981/2557 2306/3996/2572 2305/3995/2571
f 2305/3995/2571 2307/3997/2573 2591/3980/2556
f 2593/3982/2558 2308/3998/2574 2309/3999/2575
f 2309/3999/2575 2592/3981/2557 2593/3982/2558
f 2593/3982/2558 2310/4000/2576 2308/3998/2574
f 2594/3983/2559 2311/4001/2577 2312/4002/2578
f 2312/4002/2578 2593/3982/2558 2594/3983/2559
f 2594/3983/2559 2313/4003/2579 2311/4001/2577
f 2594/3983/2559 2595/3984/2560 2314/4004/2580
f 2595/3984/2560 2315/4005/2581 2314/4004/2580
f 2595/3984/2560 2596/3985/2561 2316/4006/2582
f 2596/3985/2561 2317/4007/2583 2316/4006/2582
f 2316/4006/2582 2318/4008/2584 2595/3984/2560
f 2597/3986/2562 2319/4009/2585 2320/4010/2586
f 2320/4010/2586 2596/3985/2561 2597/3986/2562
f 2597/3986/2562 2321/4011/2587 2319/4009/2585
f 2598/3987/2563 2322/4012/2588 2323/4013/2589
f 2323/4013/2589 2597/3986/2562 2598/3987/2563
f 2598/3987/2563 2324/4014/2590 2322/4012/2588
f 2599/3988/2564 2325/4015/2591 2326/4016/2592
f 2326/4016/2592 2598/3987/2563 2599/3988/2564
f 2599/3988/2564 2600/3989/2565 2327/4017/2593
f 2600/3989/2565 2328/4018/2594 2327/4017/2593
f 2327/4017/2593 2329/4019/2595 2599/3988/2564
f 2600/3989/2565 2601/3990/2566 2330/4020/2596
f 2601/3990/2566 2331/4021/2597 2330/4020/2596
f 2330/4020/2596 2332/4022/2598 2600/3989/2565
f 2602/3991/2567 2333/4023/2599 2334/4024/2600
f 2334/4024/2600 2601/3990/2566 2602/3991/2567
f 2602/3991/2567 2335/4025/2601 2333/4023/2599
f 2336/4026/2602 2337/4027/2603 2338/4028/2604
f 2338/4028/2604 2602/3991/2567 2336/4026/2602
f 2338/4028/2604 2335/4025/2601 2602/3991/2567
f 2334/4024/2600 2331/4021/2597 2601/3990/2566
f 2332/4022/2598 2328/4018/2594 2600/3989/2565
f 2329/4019/2595 2325/4015/2591 2599/3988/2564
f 2326/4016/2592 2324/4014/2590 2598/3987/2563
f 2323/4013/2589 2321/4011/2587 2597/3986/2562
f 2320/4010/2586 2317/4007/2583 2596/3985/2561
f 2318/4008/2584 2315/4005/2581 2595/3984/2560
f 2314/4004/2580 2313/4003/2579 2594/3983/2559
f 2312/4002/2578 2310/4000/2576 2593/3982/2558
f 2309/3999/2575 2306/3996/2572 2592/3981/2557
f 2307/3997/2573 2304/3994/2570 2591/3980/2556
f 2303/3993/2569 1590/4029/2605 1591/3979/2555
f 2302/3992/2568 2336/4026/2602 2602/3991/2567
f 2590/3977/2553 2602/3991/2567 2601/3990/2566
f 2589/3976/2552 2601/3990/2566 2600/3989/2565
f 2588/3975/2551 2600/3989/2565 2599/3988/2564
f 2587/3974/2550 2599/3988/2564 2598/3987/2563
f 2586/3973/2549 2598/3987/2563 2597/3986/2562
f 2585/3972/2548 2597/3986/2562 2596/3985/2561
f 2584/3971/2547 2596/3985/2561 2595/3984/2560
f 2583/3970/2546 2595/3984/2560 2594/3983/2559
f 2582/3969/2545 2594/3983/2559 2593/3982/2558
f 2581/3968/2544 2593/3982/2558 2592/3981/2557
f 2580/3967/2543 2592/3981/2557 2591/3980/2556
f 2579/3966/2542 2591/3980/2556 1591/3979/2555
f 2301/3978/2554 2302/3992/2568 2590/3977/2553
f 2578/3963/2539 2590/3977/2553 2589/3976/2552
f 2577/3962/2538 2589/3976/2552 2588/3975/2551
f 2576/3961/2537 2588/3975/2551 2587/3974/2550
f 2575/3960/2536 2587/3974/2550 2586/3973/2549
f 2574/3959/2535 2586/3973/2549 2585/3972/2548
f 2573/3958/2534 2585/3972/2548 2584/3971/2547
f 2572/3957/2533 2584/3971/2547 2583/3970/2546
f 2571/3956/2532 2583/3970/2546 2582/3969/2545
f 2570/3955/2531 2582/3969/2545 2581/3968/2544
f 2569/3954/2530 2581/3968/2544 2580/3967/2543
f 2568/3953/2529 2580/3967/2543 2579/3966/2542
f 2567/3952/2528 2579/3966/2542 1592/3965/2541
f 2300/3964/2540 2301/3978/2554 2578/3963/2539
f 2566/3949/2525 2578/3963/2539 2577/3962/2538
f 2565/3948/2524 2577/3962/2538 2576/3961/2537
f 2564/3947/2523 2576/3961/2537 2575/3960/2536
f 2563/3946/2522 2575/3960/2536 2574/3959/2535
f 2562/3945/2521 2574/3959/2535 2573/3958/2534
f 2561/3944/2520 2573/3958/2534 2572/3957/2533
f 2560/3943/2519 2572/3957/2533 2571/3956/2532
f 2559/3942/2518 2571/3956/2532 2570/3955/2531
f 2558/3941/2517 2570/3955/2531 2569/3954/2530
f 2557/3940/2516 2569/3954/2530 2568/3953/2529
f 2556/3939/2515 2568/3953/2529 2567/3952/2528
f 2555/3938/2514 2567/3952/2528 1593/3951/2527
f 2299/3950/2526 2300/3964/2540 2566/3949/2525
f 2554/3935/2511 2566/3949/2525 2565/3948/2524
f 2553/3934/2510 2565/3948/2524 2564/3947/2523
f 2552/3933/2509 2564/3947/2523 2563/3946/2522
f 2551/3932/2508 2563/3946/2522 2562/3945/2521
f 2550/3931/2507 2562/3945/2521 2561/3944/2520
f 2549/3930/2506 2561/3944/2520 2560/3943/2519
f 2548/3929/2505 2560/3943/2519 2559/3942/2518
f 2547/3928/2504 2559/3942/2518 2558/3941/2517
f 2546/3927/2503 2558/3941/2517 2557/3940/2516
f 2545/3926/2502 2557/3940/2516 2556/3939/2515
f 2544/3925/2501 2556/3939/2515 2555/3938/2514
f 2543/3924/2500 2555/3938/2514 1594/3937/2513
f 2298/3936/2512 2299/3950/2526 2554/3935/2511
f 2542/3921/2497 2554/3935/2511 2553/3934/2510
f 2541/3920/2496 2553/3934/2510 2552/3933/2509
f 2540/3919/2495 2552/3933/2509 2551/3932/2508
f 2539/3918/2494 2551/3932/2508 2550/3931/2507
f 2538/3917/2493 2550/3931/2507 2549/3930/2506
f 2537/3916/2492 2549/3930/2506 2548/3929/2505
f 2536/3915/2491 2548/3929/2505 2547/3928/2504
f 2535/3914/2490 2547/3928/2504 2546/3927/2503
f 2534/3913/2489 2546/3927/2503 2545/3926/2502
f 2533/3912/2488 2545/3926/2502 2544/3925/2501
f 2532/3911/2487 2544/3925/2501 2543/3924/2500
f 2531/3910/2486 2543/3924/2500 1595/3923/2499
f 2297/3922/2498 2298/3936/2512 2542/3921/2497
f 2530/3907/2483 2542/3921/2497 2541/3920/2496
f 2529/3906/2482 2541/3920/2496 2540/3919/2495
f 2528/3905/2481 2540/3919/2495 2539/3918/2494
f 2527/3904/2480 2539/3918/2494 2538/3917/2493
f 2526/3903/2479 2538/3917/2493 2537/3916/2492
f 2525/3902/2478 2537/3916/2492 2536/3915/2491
f 2524/3901/2477 2536/3915/2491 2535/3914/2490
f 2523/3900/2476 2535/3914/2490 2534/3913/2489
f 2522/3899/2475 2534/3913/2489 2533/3912/2488
f 2521/3898/2474 2533/3912/2488 2532/3911/2487
f 2520/3897/2473 2532/3911/2487 2531/3910/2486
f 2519/3896/2472 2531/3910/2486 1596/3909/2485
f 2296/3908/2484 2297/3922/2498 2530/3907/2483
f 2518/3893/2469 2530/3907/2483 2529/3906/2482
f 2517/3892/2468 2529/3906/2482 2528/3905/2481
f 2516/3891/2467 2528/3905/2481 2527/3904/2480
f 2515/3890/2466 2527/3904/2480 2526/3903/2479
f 2514/3889/2465 2526/3903/2479 2525/3902/2478
f 2513/3888/2464 2525/3902/2478 2524/3901/2477
f 2512/3887/2463 2524/3901/2477 2523/3900/2476
f 2511/3886/2462 2523/3900/2476 2522/3899/2475
f 2510/3885/2461 2522/3899/2475 2521/3898/2474
f 2509/3884/2460 2521/3898/2474 2520/3897/2473
f 2508/3883/2459 2520/3897/2473 2519/3896/2472
f 2507/3882/2458 2519/3896/2472 1597/3895/2471
f 2295/3894/2470 2296/3908/2484 2518/3893/2469
f 2506/3879/2455 2518/3893/2469 2517/3892/2468
f 2505/3878/2454 2517/3892/2468 2516/3891/2467
f 2504/3877/2453 2516/3891/2467 2515/3890/2466
f 2503/3876/2452 2515/3890/2466 2514/3889/2465
f 2502/3875/2451 2514/3889/2465 2513/3888/2464
f 2501/3874/2450 2513/3888/2464 2512/3887/2463
f 2500/3873/2449 2512/3887/2463 2511/3886/2462
f 2499/3872/2448 2511/3886/2462 2510/3885/2461
f 2498/3871/2447 2510/3885/2461 2509/3884/2460
f 2497/3870/2446 2509/3884/2460 2508/3883/2459
f 2496/3869/2445 2508/3883/2459 2507/3882/2458
f 2495/3868/2444 2507/3882/2458 1598/3881/2457
f 2294/3880/2456 2295/3894/2470 2506/3879/2455
f 2494/3865/2441 2506/3879/2455 2505/3878/2454
f 2493/3864/2440 2505/3878/2454 2504/3877/2453
f 2492/3863/2439 2504/3877/2453 2503/3876/2452
f 2491/3862/2438 2503/3876/2452 2502/3875/2451
f 2490/3861/2437 2502/3875/2451 2501/3874/2450
f 2489/3860/2436 2501/3874/2450 2500/3873/2449
f 2488/3859/2435 2500/3873/2449 2499/3872/2448
f 2487/3858/2434 2499/3872/2448 2498/3871/2447
f 2486/3857/2433 2498/3871/2447 2497/3870/2446
f 2485/3856/2432 2497/3870/2446 2496/3869/2445
f 2484/3855/2431 2496/3869/2445 2495/3868/2444
f 2483/3854/2430 2495/3868/2444 1599/3867/2443
f 2293/3866/2442 2294/3880/2456 2494/3865/2441
f 2482/3851/2427 2494/3865/2441 2493/3864/2440
f 2481/3850/2426 2493/3864/2440 2492/3863/2439
f 2480/3849/2425 2492/3863/2439 2491/3862/2438
f 2479/3848/2424 2491/3862/2438 2490/3861/2437
f 2478/3847/2423 2490/3861/2437 2489/3860/2436
f 2477/3846/2422 2489/3860/2436 2488/3859/2435
f 2476/3845/2421 2488/3859/2435 2487/3858/2434
f 2475/3844/2420 2487/3858/2434 2486/3857/2433
f 2474/3843/2419 2486/3857/2433 2485/3856/2432
f 2473/3842/2418 2485/3856/2432 2484/3855/2431
f 2472/3841/2417 2484/3855/2431 2483/3854/2430
f 2471/3840/2416 2483/3854/2430 1600/3853/2429
f 2292/3852/2428 2293/3866/2442 2482/3851/2427
f 2470/3837/2413 2482/3851/2427 2481/3850/2426
f 2469/3836/2412 2481/3850/2426 2480/3849/2425
f 2468/3835/2411 2480/3849/2425 2479/3848/2424
f 2467/3834/2410 2479/3848/2424 2478/3847/2423
f 2466/3833/2409 2478/3847/2423 2477/3846/2422
f 2465/3832/2408 2477/3846/2422 2476/3845/2421
f 2464/3831/2407 2476/3845/2421 2475/3844/2420
f 2463/3830/2406 2475/3844/2420 2474/3843/2419
f 2462/3829/2405 2474/3843/2419 2473/3842/2418
f 2461/3828/2404 2473/3842/2418 2472/3841/2417
f 2460/3827/2403 2472/3841/2417 2471/3840/2416
f 2459/3826/2402 2471/3840/2416 1601/3839/2415
f 2291/3838/2414 2292/3852/2428 2470/3837/2413
f 2458/3823/2399 2470/3837/2413 2469/3836/2412
f 2457/3822/2398 2469/3836/2412 2468/3835/2411
f 2456/3821/2397 2468/3835/2411 2467/3834/2410
f 2455/3820/2396 2467/3834/2410 2466/3833/2409
f 2454/3819/2395 2466/3833/2409 2465/3832/2408
f 2453/3818/2394 2465/3832/2408 2464/3831/2407
f 2452/3817/2393 2464/3831/2407 2463/3830/2406
f 2451/3816/2392 2463/3830/2406 2462/3829/2405
f 2450/3815/2391 2462/3829/2405 2461/3828/2404
f 2449/3814/2390 2461/3828/2404 2460/3827/2403
f 2448/3813/2389 2460/3827/2403 2459/3826/2402
f 2447/3812/2388 2459/3826/2402 1602/3825/2401
f 2290/3824/2400 2291/3838/2414 2458/3823/2399
f 2446/3809/2385 2458/3823/2399 2457/3822/2398
f 2445/3808/2384 2457/3822/2398 2456/3821/2397
f 2444/3807/2383 2456/3821/2397 2455/3820/2396
f 2443/3806/2382 2455/3820/2396 2454/3819/2395
f 2442/3805/2381 2454/3819/2395 2453/3818/2394
f 2441/3804/2380 2453/3818/2394 2452/3817/2393
f 2440/3803/2379 2452/3817/2393 2451/3816/2392
f 2439/3802/2378 2451/3816/2392 2450/3815/2391
f 2438/3801/2377 2450/3815/2391 2449/3814/2390
f 2437/3800/2376 2449/3814/2390 2448/3813/2389
f 2436/3799/2375 2448/3813/2389 2447/3812/2388
f 2435/3798/2374 2447/3812/2388 1603/3811/2387
f 2289/3810/2386 2290/3824/2400 2446/3809/2385
f 2434/3795/2371 2446/3809/2385 2445/3808/2384
f 2433/3794/2370 2445/3808/2384 2444/3807/2383
f 2432/3793/2369 2444/3807/2383 2443/3806/2382
f 2431/3792/2368 2443/3806/2382 2442/3805/2381
f 2430/3791/2367 2442/3805/2381 2441/3804/2380
f 2429/3790/2366 2441/3804/2380 2440/3803/2379
f 2428/3789/2365 2440/3803/2379 2439/3802/2378
f 2427/3788/2364 2439/3802/2378 2438/3801/2377
f 2426/3787/2363 2438/3801/2377 2437/3800/2376
f 2425/3786/2362 2437/3800/2376 2436/3799/2375
f 2424/3785/2361 2436/3799/2375 2435/3798/2374
f 2423/3784/2360 2435/3798/2374 1604/3797/2373
f 2288/3796/2372 2289/3810/2386 2434/3795/2371
f 2422/3781/2357 2434/3795/2371 2433/3794/2370
f 2421/3780/2356 2433/3794/2370 2432/3793/2369
f 2420/3779/2355 2432/3793/2369 2431/3792/2368
f 2419/3778/2354 2431/3792/2368 2430/3791/2367
f 2418/3777/2353 2430/3791/2367 2429/3790/2366
f 2417/3776/2352 2429/3790/2366 2428/3789/2365
f 2416/3775/2351 2428/3789/2365 2427/3788/2364
f 2415/3774/2350 2427/3788/2364 2426/3787/2363
f 2414/3773/2349 2426/3787/2363 2425/3786/2362
f 2413/3772/2348 2425/3786/2362 2424/3785/2361
f 2412/3771/2347 2424/3785/2361 2423/3784/2360
f 2411/3770/2346 2423/3784/2360 1605/3783/2359
f 2287/3782/2358 2288/3796/2372 2422/3781/2357
f 2410/3767/2343 2422/3781/2357 2421/3780/2356
f 2409/3766/2342 2421/3780/2356 2420/3779/2355
f 2408/3765/2341 2420/3779/2355 2419/3778/2354
f 2407/3764/2340 2419/3778/2354 2418/3777/2353
f 2406/3763/2339 2418/3777/2353 2417/3776/2352
f 2405/3762/2338 2417/3776/2352 2416/3775/2351
f 2404/3761/2337 2416/3775/2351 2415/3774/2350
f 2403/3760/2336 2415/3774/2350 2414/3773/2349
f 2402/3759/2335 2414/3773/2349 2413/3772/2348
f 2401/3758/2334 2413/3772/2348 2412/3771/2347
f 2400/3757/2333 2412/3771/2347 2411/3770/2346
f 2399/3756/2332 2411/3770/2346 1606/3769/2345
f 2286/3768/2344 2287/3782/2358 2410/3767/2343
f 2398/3753/2329 2410/3767/2343 2409/3766/2342
f 2397/3752/2328 2409/3766/2342 2408/3765/2341
f 2396/3751/2327 2408/3765/2341 2407/3764/2340
f 2395/3750/2326 2407/3764/2340 2406/3763/2339
f 2394/3749/2325 2406/3763/2339 2405/3762/2338
f 2393/3748/2324 2405/3762/2338 2404/3761/2337
f 2392/3747/2323 2404/3761/2337 2403/3760/2336
f 2391/3746/2322 2403/3760/2336 2402/3759/2335
f 2390/3745/2321 2402/3759/2335 2401/3758/2334
f 2389/3744/2320 2401/3758/2334 2400/3757/2333
f 2388/3743/2319 2400/3757/2333 2399/3756/2332
f 2387/3742/2318 2399/3756/2332 1607/3755/2331
f 2285/3754/2330 2286/3768/2344 2398/3753/2329
f 2386/3739/2315 2398/3753/2329 2397/3752/2328
f 2385/3738/2314 2397/3752/2328 2396/3751/2327
f 2384/3737/2313 2396/3751/2327 2395/3750/2326
f 2383/3736/2312 2395/3750/2326 2394/3749/2325
f 2382/3735/2311 2394/3749/2325 2393/3748/2324
f 2381/3734/2310 2393/3748/2324 2392/3747/2323
f 2380/3733/2309 2392/3747/2323 2391/3746/2322
f 2379/3732/2308 2391/3746/2322 2390/3745/2321
f 2378/3731/2307 2390/3745/2321 2389/3744/2320
f 2377/3730/2306 2389/3744/2320 2388/3743/2319
f 2376/3729/2305 2388/3743/2319 2387/3742/2318
f 2375/3728/2304 2387/3742/2318 1608/3741/2317
f 2284/3740/2316 2285/3754/2330 2386/3739/2315
f 2374/3725/2301 2386/3739/2315 2385/3738/2314
f 2373/3724/2300 2385/3738/2314 2384/3737/2313
f 2372/3723/2299 2384/3737/2313 2383/3736/2312
f 2371/3722/2298 2383/3736/2312 2382/3735/2311
f 2370/3721/2297 2382/3735/2311 2381/3734/2310
f 2369/3720/2296 2381/3734/2310 2380/3733/2309
f 2368/3719/2295 2380/3733/2309 2379/3732/2308
f 2367/3718/2294 2379/3732/2308 2378/3731/2307
f 2366/3717/2293 2378/3731/2307 2377/3730/2306
f 2365/3716/2292 2377/3730/2306 2376/3729/2305
f 2364/3715/2291 2376/3729/2305 2375/3728/2304
f 2363/3714/2290 2375/3728/2304 1609/3727/2303
f 2283/3726/2302 2284/3740/2316 2374/3725/2301
f 2362/3711/2287 2374/3725/2301 2373/3724/2300
f 2360/3709/2285 2373/3724/2300 2372/3723/2299
f 2358/3707/2283 2372/3723/2299 2371/3722/2298
f 2356/3705/2281 2371/3722/2298 2370/3721/2297
f 2354/3703/2279 2370/3721/2297 2369/3720/2296
f 2352/3701/2277 2369/3720/2296 2368/3719/2295
f 2350/3699/2275 2368/3719/2295 2367/3718/2294
f 2348/3697/2273 2367/3718/2294 2366/3717/2293
f 2346/3695/2271 2366/3717/2293 2365/3716/2292
f 2344/3693/2269 2365/3716/2292 2364/3715/2291
f 2342/3691/2267 2364/3715/2291 2363/3714/2290
f 2340/3689/2265 2363/3714/2290 1610/3713/2289
f 2282/3712/2288 2283/3726/2302 2362/3711/2287
f 2361/3710/2286 2362/3711/2287 2360/3709/2285
f 2359/3708/2284 2360/3709/2285 2358/3707/2283
f 2357/3706/2282 2358/3707/2283 2356/3705/2281
f 2355/3704/2280 2356/3705/2281 2354/3703/2279
f 2353/3702/2278 2354/3703/2279 2352/3701/2277
f 2351/3700/2276 2352/3701/2277 2350/3699/2275
f 2349/3698/2274 2350/3699/2275 2348/3697/2273
f 2347/3696/2272 2348/3697/2273 2346/3695/2271
f 2345/3694/2270 2346/3695/2271 2344/3693/2269
f 2343/3692/2268 2344/3693/2269 2342/3691/2267
f 2341/3690/2266 2342/3691/2267 2340/3689/2265
f 2339/3688/2264 2340/3689/2265 1611/3686/2262
f 2282/3712/2288 2361/3710/2286 1613/4030/2606
f 2361/3710/2286 2359/3708/2284 1613/4031/2606
f 2359/3708/2284 2357/3706/2282 1613/4032/2606
f 2357/3706/2282 2355/3704/2280 1613/4033/2606
f 2355/3704/2280 2353/3702/2278 1613/4034/2606
f 2353/3702/2278 2351/3700/2276 1613/4035/2606
f 2351/3700/2276 2349/3698/2274 1613/4036/2606
f 2349/3698/2274 2347/3696/2272 1613/4037/2606
f 2347/3696/2272 2345/3694/2270 1613/4038/2606
f 2345/3694/2270 2343/3692/2268 1613/4039/2606
f 2343/3692/2268 2341/3690/2266 1613/4040/2606
f 2341/3690/2266 2339/3688/2264 1613/4041/2606
f 2339/3688/2264 1612/3687/2263 1613/4042/2606
f 2603/4043/2607 2337/4044/2607 2336/4045/2608
f 2604/4046/2608 2336/4045/2608 2302/4047/2609
f 2605/4048/2609 2302/4047/2609 2301/4049/2610
f 2606/4050/2610 2301/4049/2610 2300/4051/2611
f 2607/4052/2611 2300/4051/2611 2299/4053/2612
f 2608/4054/2612 2299/4053/2612 2298/4055/2613
f 2609/4056/2613 2298/4055/2613 2297/4057/2614
f 2610/4058/2614 2297/4057/2614 2296/4059/2615
f 2611/4060/2615 2296/4059/2615 2295/4061/2616
f 2612/4062/2616 2295/4061/2616 2294/4063/2617
f 2613/4064/2617 2294/4063/2617 2293/4065/2618
f 2614/4066/2618 2293/4065/2618 2292/4067/2619
f 2615/4068/2619 2292/4067/2619 2291/4069/2620
f 2616/4070/2620 2291/4069/2620 2290/4071/2621
f 2617/4072/2621 2290/4071/2621 2289/4073/2622
f 2618/4074/2622 2289/4073/2622 2288/4075/2623
f 2619/4076/2623 2288/4075/2623 2287/4077/2624
f 2620/4078/2624 2287/4077/2624 2286/4079/2625
f 2621/4080/2625 2286/4079/2625 2285/4081/2626
f 2622/4082/2626 2285/4081/2626 2284/4083/2627
f 2623/4084/2627 2284/4083/2627 2283/4085/2628
f 2624/4086/2628 2283/4085/2628 2282/4087/2629
f 2625/4088/2629 2282/4087/2629 1613/4089/2630
f 1613/4089/2630 2626/4090/2630 2625/4088/2629
f 2282/4087/2629 2625/4088/2629 2624/4086/2628
f 2283/4085/2628 2624/4086/2628 2623/4084/2627
f 2284/4083/2627 2623/4084/2627 2622/4082/2626
f 2285/4081/2626 2622/4082/2626 2621/4080/2625
f 2286/4079/2625 2621/4080/2625 2620/4078/2624
f 2287/4077/2624 2620/4078/2624 2619/4076/2623
f 2288/4075/2623 2619/4076/2623 2618/4074/2622
f 2289/4073/2622 2618/4074/2622 2617/4072/2621
f 2290/4071/2621 2617/4072/2621 2616/4070/2620
f 2291/4069/2620 2616/4070/2620 2615/4068/2619
f 2292/4067/2619 2615/4068/2619 2614/4066/2618
f 2293/4065/2618 2614/4066/2618 2613/4064/2617
f 2294/4063/2617 2613/4064/2617 2612/4062/2616
f 2295/4061/2616 2612/4062/2616 2611/4060/2615
f 2296/4059/2615 2611/4060/2615 2610/4058/2614
f 2297/4057/2614 2610/4058/2614 2609/4056/2613
f 2298/4055/2613 2609/4056/2613 2608/4054/2612
f 2299/4053/2612 2608/4054/2612 2607/4052/2611
f 2300/4051/2611 2607/4052/2611 2606/4050/2610
f 2301/4049/2610 2606/4050/2610 2605/4048/2609
f 2302/4047/2609 2605/4048/2609 2604/4046/2608
f 2336/4045/2608 2604/4046/2608 2603/4043/2607
f 2337/4091/2631 2627/4092/2631 2628/4093/2632
f 2333/4094/2633 2335/4095/2634 2629/4096/2634
f 2628/4093/2632 2629/4096/2634 2335/4095/2634
f 2335/4095/2634 2338/4097/2635 2628/4093/2632
f 2333/4094/2633 2630/4098/2636 2631/4099/2637
f 2330/4100/2638 2331/4101/2639 2632/4102/2639
f 2631/4099/2637 2632/4102/2639 2331/4101/2639
f 2331/4101/2639 2334/4103/2640 2631/4099/2637
f 2330/4100/2638 2633/4104/2641 2634/4105/2642
f 2327/4106/2643 2328/4107/2644 2635/4108/2644
f 2634/4105/2642 2635/4108/2644 2328/4107/2644
f 2328/4107/2644 2332/4109/2645 2634/4105/2642
f 2327/4106/2643 2636/4110/2646 2637/4111/2647
f 2326/4112/2648 2325/4113/2649 2638/4114/2649
f 2637/4111/2647 2638/4114/2649 2325/4113/2649
f 2325/4113/2649 2329/4115/2650 2637/4111/2647
f 2322/4116/2651 2324/4117/2652 2639/4118/2652
f 2640/4119/2653 2639/4118/2652 2324/4117/2652
f 2324/4117/2652 2326/4112/2648 2640/4119/2653
f 2322/4116/2651 2641/4120/2654 2642/4121/2655
f 2319/4122/2656 2321/4123/2657 2643/4124/2657
f 2642/4121/2655 2643/4124/2657 2321/4123/2657
f 2321/4123/2657 2323/4125/2658 2642/4121/2655
f 2319/4122/2656 2644/4126/2659 2645/4127/2660
f 2316/4128/2661 2317/4129/2662 2646/4130/2662
f 2646/4130/2662 2317/4129/2662 2320/4131/2663
f 2320/4131/2663 2645/4127/2660 2646/4130/2662
f 2316/4128/2661 2647/4132/2664 2648/4133/2665
f 2314/4134/2666 2315/4135/2667 2649/4136/2667
f 2648/4133/2665 2649/4136/2667 2315/4135/2667
f 2315/4135/2667 2318/4137/2668 2648/4133/2665
f 2311/4138/2669 2313/4139/2670 2650/4140/2670
f 2651/4141/2671 2650/4140/2670 2313/4139/2670
f 2313/4139/2670 2314/4134/2666 2651/4141/2671
f 2311/4138/2669 2652/4142/2672 2653/4143/2673
f 2308/4144/2674 2310/4145/2675 2654/4146/2675
f 2653/4143/2673 2654/4146/2675 2310/4145/2675
f 2310/4145/2675 2312/4147/2676 2653/4143/2673
f 2308/4144/2674 2655/4148/2677 2656/4149/2678
f 2305/4150/2679 2306/4151/2680 2657/4152/2680
f 2656/4149/2678 2657/4152/2680 2306/4151/2680
f 2306/4151/2680 2309/4153/2681 2656/4149/2678
f 2305/4150/2679 2658/4154/2682 2659/4155/2683
f 2303/4156/2684 2304/4157/2685 2660/4158/2685
f 2659/4155/2683 2660/4158/2685 2304/4157/2685
f 2304/4157/2685 2307/4159/2686 2659/4155/2683
f 2303/4156/2684 2661/4160/2687 2281/4161/2688
f 2281/4161/2688 1590/4162/2688 2303/4156/2684
f 2660/4158/2685 2661/4160/2687 2303/4156/2684
f 2659/4155/2683 2307/4159/2686 2305/4150/2679
f 2657/4152/2680 2658/4154/2682 2305/4150/2679
f 2656/4149/2678 2309/4153/2681 2308/4144/2674
f 2654/4146/2675 2655/4148/2677 2308/4144/2674
f 2653/4143/2673 2312/4147/2676 2311/4138/2669
f 2650/4140/2670 2652/4142/2672 2311/4138/2669
f 2649/4136/2667 2651/4141/2671 2314/4134/2666
f 2648/4133/2665 2318/4137/2668 2316/4128/2661
f 2646/4130/2662 2647/4132/2664 2316/4128/2661
f 2645/4127/2660 2320/4131/2663 2319/4122/2656
f 2643/4124/2657 2644/4126/2659 2319/4122/2656
f 2642/4121/2655 2323/4125/2658 2322/4116/2651
f 2639/4118/2652 2641/4120/2654 2322/4116/2651
f 2638/4114/2649 2640/4119/2653 2326/4112/2648
f 2637/4111/2647 2329/4115/2650 2327/4106/2643
f 2635/4108/2644 2636/4110/2646 2327/4106/2643
f 2634/4105/2642 2332/4109/2645 2330/4100/2638
f 2632/4102/2639 2633/4104/2641 2330/4100/2638
f 2631/4099/2637 2334/4103/2640 2333/4094/2633
f 2629/4096/2634 2630/4098/2636 2333/4094/2633
f 2628/4093/2632 2338/4097/2635 2337/4091/2631
f 1614/4163/2688 2281/4164/2688 2662/4165/2689
f 1973/4166/2689 2662/4165/2689 2663/4167/2690
f 1976/4168/2690 2663/4167/2690 2664/4169/2691
f 1978/4170/2691 2664/4169/2691 2665/4171/2692
f 1980/4172/2692 2665/4171/2692 2666/4173/2693
f 1982/4174/2693 2666/4173/2693 2667/4175/2694
f 1984/4176/2694 2667/4175/2694 2668/4177/2695
f 1986/4178/2695 2668/4177/2695 2669/4179/2696
f 1988/4180/2696 2669/4179/2696 2670/4181/2697
f 1990/4182/2697 2670/4181/2697 2671/4183/2698
f 1992/4184/2698 2671/4183/2698 2672/4185/2699
f 1994/4186/2699 2672/4185/2699 2673/4187/2700
f 1996/4188/2700 2673/4187/2700 2674/4189/2701
f 1998/4190/2701 2674/4189/2701 2675/4191/2702
f 2000/4192/2702 2675/4191/2702 2676/4193/2703
f 2002/4194/2703 2676/4193/2703 2677/4195/2704
f 2004/4196/2704 2677/4195/2704 2678/4197/2705
f 2006/4198/2705 2678/4197/2705 2679/4199/2706
f 2008/4200/2706 2679/4199/2706 2680/4201/2707
f 2010/4202/2707 2680/4201/2707 2681/4203/2708
f 2012/4204/2708 2681/4203/2708 2682/4205/2709
f 2014/4206/2709 2682/4205/2709 2683/4207/2710
f 2016/4208/2710 2683/4207/2710 2684/4209/2711
f 2684/4209/2711 2015/4210/2711 2016/4208/2710
f 2683/4207/2710 2016/4208/2710 2014/4206/2709
f 2682/4205/2709 2014/4206/2709 2012/4204/2708
f 2681/4203/2708 2012/4204/2708 2010/4202/2707
f 2680/4201/2707 2010/4202/2707 2008/4200/2706
f 2679/4199/2706 2008/4200/2706 2006/4198/2705
f 2678/4197/2705 2006/4198/2705 2004/4196/2704
f 2677/4195/2704 2004/4196/2704 2002/4194/2703
f 2676/4193/2703 2002/4194/2703 2000/4192/2702
f 2675/4191/2702 2000/4192/2702 1998/4190/2701
f 2674/4189/2701 1998/4190/2701 1996/4188/2700
f 2673/4187/2700 1996/4188/2700 1994/4186/2699
f 2672/4185/2699 1994/4186/2699 1992/4184/2698
f 2671/4183/2698 1992/4184/2698 1990/4182/2697
f 2670/4181/2697 1990/4182/2697 1988/4180/2696
f 2669/4179/2696 1988/4180/2696 1986/4178/2695
f 2668/4177/2695 1986/4178/2695 1984/4176/2694
f 2667/4175/2694 1984/4176/2694 1982/4174/2693
f 2666/4173/2693 1982/4174/2693 1980/4172/2692
f 2665/4171/2692 1980/4172/2692 1978/4170/2691
f 2664/4169/2691 1978/4170/2691 1976/4168/2690
f 2663/4167/2690 1976/4168/2690 1973/4166/2689
f 2662/4165/2689 1973/4166/2689 1614/4163/2688
f 1650/4211/2712 1649/4212/2712 1972/4213/2713
f 2685/4214/2713 1972/4213/2713 1974/4215/2714
f 2686/4216/2714 1974/4215/2714 1975/4217/2715
f 2687/4218/2715 1975/4217/2715 1977/4219/2716
f 2688/4220/2716 1977/4219/2716 1979/4221/2717
f 2689/4222/2717 1979/4221/2717 1981/4223/2718
f 2690/4224/2718 1981/4223/2718 1983/4225/2719
f 2691/4226/2719 1983/4225/2719 1985/4227/2720
f 2692/4228/2720 1985/4227/2720 1987/4229/2721
f 2693/4230/2721 1987/4229/2721 1989/4231/2722
f 2694/4232/2722 1989/4231/2722 1991/4233/2723
f 2695/4234/2723 1991/4233/2723 1993/4235/2724
f 2696/4236/2724 1993/4235/2724 1995/4237/2725
f 2697/4238/2725 1995/4237/2725 1997/4239/2726
f 2698/4240/2726 1997/4239/2726 1999/4241/2727
f 2699/4242/2727 1999/4241/2727 2001/4243/2728
f 2700/4244/2728 2001/4243/2728 2003/4245/2729
f 2701/4246/2729 2003/4245/2729 2005/4247/2730
f 2702/4248/2730 2005/4247/2730 2007/4249/2731
f 2703/4250/2731 2007/4249/2731 2009/4251/2732
f 2704/4252/2732 2009/4251/2732 2011/4253/2733
f 2705/4254/2733 2011/4253/2733 2013/4255/2734
f 2706/4256/2734 2013/4255/2734 2015/4257/2735
f 2015/4257/2735 2707/4258/2735 2706/4256/2734
f 2013/4255/2734 2706/4256/2734 2705/4254/2733
f 2011/4253/2733 2705/4254/2733 2704/4252/2732
f 2009/4251/2732 2704/4252/2732 2703/4250/2731
f 2007/4249/2731 2703/4250/2731 2702/4248/2730
f 2005/4247/2730 2702/4248/2730 2701/4246/2729
f 2003/4245/2729 2701/4246/2729 2700/4244/2728
f 2001/4243/2728 2700/4244/2728 2699/4242/2727
f 1999/4241/2727 2699/4242/2727 2698/4240/2726
f 1997/4239/2726 2698/4240/2726 2697/4238/2725
f 1995/4237/2725 2697/4238/2725 2696/4236/2724
f 1993/4235/2724 2696/4236/2724 2695/4234/2723
f 1991/4233/2723 2695/4234/2723 2694/4232/2722
f 1989/4231/2722 2694/4232/2722 2693/4230/2721
f 1987/4229/2721 2693/4230/2721 2692/4228/2720
f 1985/4227/2720 2692/4228/2720 2691/4226/2719
f 1983/4225/2719 2691/4226/2719 2690/4224/2718
f 1981/4223/2718 2690/4224/2718 2689/4222/2717
f 1979/4221/2717 2689/4222/2717 2688/4220/2716
f 1977/4219/2716 2688/4220/2716 2687/4218/2715
f 1975/4217/2715 2687/4218/2715 2686/4216/2714
f 1974/4215/2714 2686/4216/2714 2685/4214/2713
f 1972/4213/2713 2685/4214/2713 1650/4211/2712
f 1566/4259/2736 1650/4260/2736 2708/4261/2737
f 1703/4262/2738 1705/4263/2739 2709/4264/2739
f 2708/4261/2737 2709/4264/2739 1705/4263/2739
f 1705/4263/2739 1706/4265/2740 2708/4261/2737
f 1703/4262/2738 2710/4266/2741 2711/4267/2742
f 1700/4268/2743 1701/4269/2744 2712/4270/2744
f 2711/4267/2742 2712/4270/2744 1701/4269/2744
f 1701/4269/2744 1704/4271/2745 2711/4267/2742
f 1700/4268/2743 2713/4272/2746 2714/4273/2747
f 1697/4274/2748 1698/4275/2749 2715/4276/2749
f 2714/4273/2747 2715/4276/2749 1698/4275/2749
f 1698/4275/2749 1702/4277/2750 2714/4273/2747
f 1697/4274/2748 2716/4278/2751 2717/4279/2752
f 1696/4280/2753 1695/4281/2754 2718/4282/2754
f 2717/4279/2752 2718/4282/2754 1695/4281/2754
f 1695/4281/2754 1699/4283/2755 2717/4279/2752
f 1692/4284/2756 1694/4285/2757 2719/4286/2757
f 2720/4287/2758 2719/4286/2757 1694/4285/2757
f 1694/4285/2757 1696/4280/2753 2720/4287/2758
f 1692/4284/2756 2721/4288/2759 2722/4289/2760
f 1689/4290/2761 1691/4291/2762 2723/4292/2762
f 2722/4289/2760 2723/4292/2762 1691/4291/2762
f 1691/4291/2762 1693/4293/2763 2722/4289/2760
f 1689/4290/2761 2724/4294/2764 2725/4295/2765
f 1686/4296/2766 1687/4297/2767 2726/4298/2767
f 2725/4295/2765 2726/4298/2767 1687/4297/2767
f 1687/4297/2767 1690/4299/2768 2725/4295/2765
f 1686/4296/2766 2727/4300/2769 2728/4301/2770
f 1684/4302/2771 1685/4303/2772 2729/4304/2772
f 2728/4301/2770 2729/4304/2772 1685/4303/2772
f 1685/4303/2772 1688/4305/2773 2728/4301/2770
f 1681/4306/2774 1683/4307/2775 2730/4308/2775
f 2731/4309/2776 2730/4308/2775 1683/4307/2775
f 1683/4307/2775 1684/4302/2771 2731/4309/2776
f 1681/4306/2774 2732/4310/2777 2733/4311/2778
f 1678/4312/2779 1680/4313/2780 2734/4314/2780
f 2733/4311/2778 2734/4314/2780 1680/4313/2780
f 1680/4313/2780 1682/4315/2781 2733/4311/2778
f 1678/4312/2779 2735/4316/2782 2736/4317/2783
f 1675/4318/2784 1676/4319/2785 2737/4320/2785
f 2736/4317/2783 2737/4320/2785 1676/4319/2785
f 1676/4319/2785 1679/4321/2786 2736/4317/2783
f 1675/4318/2784 2738/4322/2787 2739/4323/2788
f 1673/4324/2789 1674/4325/2790 2740/4326/2790
f 2739/4323/2788 2740/4326/2790 1674/4325/2790
f 1674/4325/2790 1677/4327/2791 2739/4323/2788
f 1673/4324/2789 2741/4328/2792 2742/4329/2793
f 2742/4329/2793 1707/4330/2793 1673/4324/2789
f 2740/4326/2790 2741/4328/2792 1673/4324/2789
f 2739/4323/2788 1677/4327/2791 1675/4318/2784
f 2737/4320/2785 2738/4322/2787 1675/4318/2784
f 2736/4317/2783 1679/4321/2786 1678/4312/2779
f 2734/4314/2780 2735/4316/2782 1678/4312/2779
f 2733/4311/2778 1682/4315/2781 1681/4306/2774
f 2730/4308/2775 2732/4310/2777 1681/4306/2774
f 2729/4304/2772 2731/4309/2776 1684/4302/2771
f 2728/4301/2770 1688/4305/2773 1686/4296/2766
f 2726/4298/2767 2727/4300/2769 1686/4296/2766
f 2725/4295/2765 1690/4299/2768 1689/4290/2761
f 2723/4292/2762 2724/4294/2764 1689/4290/2761
f 2722/4289/2760 1693/4293/2763 1692/4284/2756
f 2719/4286/2757 2721/4288/2759 1692/4284/2756
f 2718/4282/2754 2720/4287/2758 1696/4280/2753
f 2717/4279/2752 1699/4283/2755 1697/4274/2748
f 2715/4276/2749 2716/4278/2751 1697/4274/2748
f 2714/4273/2747 1702/4277/2750 1700/4268/2743
f 2712/4270/2744 2713/4272/2746 1700/4268/2743
f 2711/4267/2742 1704/4271/2745 1703/4262/2738
f 2709/4264/2739 2710/4266/2741 1703/4262/2738
f 2708/4261/2737 1706/4265/2740 1566/4259/2736
f 1672/4331/2794 2743/4332/2793 2744/4333/2793
f 2744/4333/2793 2745/4334/2794 1672/4331/2794
f 1672/4331/2794 1707/4335/2793 2743/4332/2793
f 1672/4331/2794 2745/4334/2794 2746/4336/2795
f 1671/4337/2795 2746/4336/2795 2747/4338/2796
f 1670/4339/2796 2747/4338/2796 2748/4340/2797
f 1669/4341/2797 2748/4340/2797 2749/4342/2798
f 1668/4343/2798 2749/4342/2798 2750/4344/2799
f 1667/4345/2799 2750/4344/2799 2751/4346/2800
f 1666/4347/2800 2751/4346/2800 2752/4348/2801
f 1665/4349/2801 2752/4348/2801 2753/4350/2802
f 1664/4351/2802 2753/4350/2802 2754/4352/2803
f 1663/4353/2803 2754/4352/2803 2755/4354/2804
f 1662/4355/2804 2755/4354/2804 2756/4356/2805
f 1661/4357/2805 2756/4356/2805 2757/4358/2806
f 1660/4359/2806 2757/4358/2806 2758/4360/2807
f 1659/4361/2807 2758/4360/2807 2759/4362/2808
f 1658/4363/2808 2759/4362/2808 2760/4364/2809
f 1657/4365/2809 2760/4364/2809 2761/4366/2810
f 1656/4367/2810 2761/4366/2810 2762/4368/2811
f 1655/4369/2811 2762/4368/2811 2763/4370/2812
f 1654/4371/2812 2763/4370/2812 2764/4372/2813
f 1653/4373/2813 2764/4372/2813 2765/4374/2814
f 1651/4375/2814 2765/4374/2814 2766/4376/2815
f 1652/4377/2815 2766/4376/2815 2626/4378/2816
f 2626/4378/2816 1589/4379/2816 1652/4377/2815
f 2766/4376/2815 1652/4377/2815 1651/4375/2814
f 2765/4374/2814 1651/4375/2814 1653/4373/2813
f 2764/4372/2813 1653/4373/2813 1654/4371/2812
f 2763/4370/2812 1654/4371/2812 1655/4369/2811
f 2762/4368/2811 1655/4369/2811 1656/4367/2810
f 2761/4366/2810 1656/4367/2810 1657/4365/2809
f 2760/4364/2809 1657/4365/2809 1658/4363/2808
f 2759/4362/2808 1658/4363/2808 1659/4361/2807
f 2758/4360/2807 1659/4361/2807 1660/4359/2806
f 2757/4358/2806 1660/4359/2806 1661/4357/2805
f 2756/4356/2805 1661/4357/2805 1662/4355/2804
f 2755/4354/2804 1662/4355/2804 1663/4353/2803
f 2754/4352/2803 1663/4353/2803 1664/4351/2802
f 2753/4350/2802 1664/4351/2802 1665/4349/2801
f 2752/4348/2801 1665/4349/2801 1666/4347/2800
f 2751/4346/2800 1666/4347/2800 1667/4345/2799
f 2750/4344/2799 1667/4345/2799 1668/4343/2798
f 2749/4342/2798 1668/4343/2798 1669/4341/2797
f 2748/4340/2797 1669/4341/2797 1670/4339/2796
f 2747/4338/2796 1670/4339/2796 1671/4337/2795
f 2746/4336/2795 1671/4337/2795 1672/4331/2794
f 2744/4333/2793 2767/4380/2817 2745/4334/2794
f 2624/4381/2818 2625/4382/2819 2802/4383/2820
f 2803/4384/2821 2802/4383/2820 2804/4385/2822
f 2805/4386/2823 2804/4385/2822 2806/4387/2824
f 2807/4388/2825 2806/4387/2824 2808/4389/2826
f 2809/4390/2827 2808/4389/2826 2810/4391/2828
f 2811/4392/2829 2810/4391/2828 2812/4393/2830
f 2813/4394/2831 2812/4393/2830 2814/4395/2832
f 2815/4396/2833 2814/4395/2832 2816/4397/2834
f 2817/4398/2835 2816/4397/2834 2818/4399/2836
f 2819/4400/2837 2818/4399/2836 2820/4401/2838
f 2821/4402/2839 2820/4401/2838 2822/4403/2840
f 2823/4404/2841 2822/4403/2840 2824/4405/2842
f 2825/4406/2843 2824/4405/2842 2766/4407/2844
f 2623/4408/2845 2624/4381/2818 2803/4384/2821
f 2826/4409/2846 2803/4384/2821 2805/4386/2823
f 2827/4410/2847 2805/4386/2823 2807/4388/2825
f 2828/4411/2848 2807/4388/2825 2809/4390/2827
f 2829/4412/2849 2809/4390/2827 2811/4392/2829
f 2830/4413/2850 2811/4392/2829 2813/4394/2831
f 2831/4414/2851 2813/4394/2831 2815/4396/2833
f 2832/4415/2852 2815/4396/2833 2817/4398/2835
f 2833/4416/2853 2817/4398/2835 2819/4400/2837
f 2834/4417/2854 2819/4400/2837 2821/4402/2839
f 2835/4418/2855 2821/4402/2839 2823/4404/2841
f 2836/4419/2856 2823/4404/2841 2825/4406/2843
f 2837/4420/2857 2825/4406/2843 2765/4421/2858
f 2622/4422/2859 2623/4408/2845 2826/4409/2846
f 2838/4423/2860 2826/4409/2846 2827/4410/2847
f 2839/4424/2861 2827/4410/2847 2828/4411/2848
f 2840/4425/2862 2828/4411/2848 2829/4412/2849
f 2841/4426/2863 2829/4412/2849 2830/4413/2850
f 2842/4427/2864 2830/4413/2850 2831/4414/2851
f 2843/4428/2865 2831/4414/2851 2832/4415/2852
f 2844/4429/2866 2832/4415/2852 2833/4416/2853
f 2845/4430/2867 2833/4416/2853 2834/4417/2854
f 2846/4431/2868 2834/4417/2854 2835/4418/2855
f 2847/4432/2869 2835/4418/2855 2836/4419/2856
f 2848/4433/2870 2836/4419/2856 2837/4420/2857
f 2849/4434/2871 2837/4420/2857 2764/4435/2872
f 2621/4436/2873 2622/4422/2859 2838/4423/2860
f 2850/4437/2874 2838/4423/2860 2839/4424/2861
f 2851/4438/2875 2839/4424/2861 2840/4425/2862
f 2852/4439/2876 2840/4425/2862 2841/4426/2863
f 2853/4440/2877 2841/4426/2863 2842/4427/2864
f 2854/4441/2878 2842/4427/2864 2843/4428/2865
f 2855/4442/2879 2843/4428/2865 2844/4429/2866
f 2856/4443/2880 2844/4429/2866 2845/4430/2867
f 2857/4444/2881 2845/4430/2867 2846/4431/2868
f 2858/4445/2882 2846/4431/2868 2847/4432/2869
f 2859/4446/2883 2847/4432/2869 2848/4433/2870
f 2860/4447/2884 2848/4433/2870 2849/4434/2871
f 2861/4448/2885 2849/4434/2871 2763/4449/2886
f 2620/4450/2887 2621/4436/2873 2850/4437/2874
f 2862/4451/2888 2850/4437/2874 2851/4438/2875
f 2863/4452/2889 2851/4438/2875 2852/4439/2876
f 2864/4453/2890 2852/4439/2876 2853/4440/2877
f 2865/4454/2891 2853/4440/2877 2854/4441/2878
f 2866/4455/2892 2854/4441/2878 2855/4442/2879
f 2867/4456/2893 2855/4442/2879 2856/4443/2880
f 2868/4457/2894 2856/4443/2880 2857/4444/2881
f 2869/4458/2895 2857/4444/2881 2858/4445/2882
f 2870/4459/2896 2858/4445/2882 2859/4446/2883
f 2871/4460/2897 2859/4446/2883 2860/4447/2884
f 2872/4461/2898 2860/4447/2884 2861/4448/2885
f 2873/4462/2899 2861/4448/2885 2762/4463/2900
f 2619/4464/2901 2620/4450/2887 2862/4451/2888
f 2874/4465/2902 2862/4451/2888 2863/4452/2889
f 2875/4466/2903 2863/4452/2889 2864/4453/2890
f 2876/4467/2904 2864/4453/2890 2865/4454/2891
f 2877/4468/2905 2865/4454/2891 2866/4455/2892
f 2878/4469/2906 2866/4455/2892 2867/4456/2893
f 2879/4470/2907 2867/4456/2893 2868/4457/2894
f 2880/4471/2908 2868/4457/2894 2869/4458/2895
f 2881/4472/2909 2869/4458/2895 2870/4459/2896
f 2882/4473/2910 2870/4459/2896 2871/4460/2897
f 2883/4474/2911 2871/4460/2897 2872/4461/2898
f 2884/4475/2912 2872/4461/2898 2873/4462/2899
f 2885/4476/2913 2873/4462/2899 2761/4477/2914
f 2618/4478/2915 2619/4464/2901 2874/4465/2902
f 2886/4479/2916 2874/4465/2902 2875/4466/2903
f 2887/4480/2917 2875/4466/2903 2876/4467/2904
f 2888/4481/2918 2876/4467/2904 2877/4468/2905
f 2889/4482/2919 2877/4468/2905 2878/4469/2906
f 2890/4483/2920 2878/4469/2906 2879/4470/2907
f 2891/4484/2921 2879/4470/2907 2880/4471/2908
f 2892/4485/2922 2880/4471/2908 2881/4472/2909
f 2893/4486/2923 2881/4472/2909 2882/4473/2910
f 2894/4487/2924 2882/4473/2910 2883/4474/2911
f 2895/4488/2925 2883/4474/2911 2884/4475/2912
f 2896/4489/2926 2884/4475/2912 2885/4476/2913
f 2897/4490/2927 2885/4476/2913 2760/4491/2928
f 2617/4492/2929 2618/4478/2915 2886/4479/2916
f 2898/4493/2930 2886/4479/2916 2887/4480/2917
f 2899/4494/2931 2887/4480/2917 2888/4481/2918
f 2900/4495/2932 2888/4481/2918 2889/4482/2919
f 2901/4496/2933 2889/4482/2919 2890/4483/2920
f 2902/4497/2934 2890/4483/2920 2891/4484/2921
f 2903/4498/2935 2891/4484/2921 2892/4485/2922
f 2904/4499/2936 2892/4485/2922 2893/4486/2923
f 2905/4500/2937 2893/4486/2923 2894/4487/2924
f 2906/4501/2938 2894/4487/2924 2895/4488/2925
f 2907/4502/2939 2895/4488/2925 2896/4489/2926
f 2908/4503/2940 2896/4489/2926 2897/4490/2927
f 2909/4504/2941 2897/4490/2927 2759/4505/2942
f 2616/4506/2943 2617/4492/2929 2898/4493/2930
f 2910/4507/2944 2898/4493/2930 2899/4494/2931
f 2911/4508/2945 2899/4494/2931 2900/4495/2932
f 2912/4509/2946 2900/4495/2932 2901/4496/2933
f 2913/4510/2947 2901/4496/2933 2902/4497/2934
f 2914/4511/2948 2902/4497/2934 2903/4498/2935
f 2915/4512/2949 2903/4498/2935 2904/4499/2936
f 2916/4513/2950 2904/4499/2936 2905/4500/2937
f 2917/4514/2951 2905/4500/2937 2906/4501/2938
f 2918/4515/2952 2906/4501/2938 2907/4502/2939
f 2919/4516/2953 2907/4502/2939 2908/4503/2940
f 2920/4517/2954 2908/4503/2940 2909/4504/2941
f 2921/4518/2955 2909/4504/2941 2758/4519/2956
f 2615/4520/2957 2616/4506/2943 2910/4507/2944
f 2922/4521/2958 2910/4507/2944 2911/4508/2945
f 2923/4522/2959 2911/4508/2945 2912/4509/2946
f 2924/4523/2960 2912/4509/2946 2913/4510/2947
f 2925/4524/2961 2913/4510/2947 2914/4511/2948
f 2926/4525/2962 2914/4511/2948 2915/4512/2949
f 2927/4526/2963 2915/4512/2949 2916/4513/2950
f 2928/4527/2964 2916/4513/2950 2917/4514/2951
f 2929/4528/2965 2917/4514/2951 2918/4515/2952
f 2930/4529/2966 2918/4515/2952 2919/4516/2953
f 2931/4530/2967 2919/4516/2953 2920/4517/2954
f 2932/4531/2968 2920/4517/2954 2921/4518/2955
f 2933/4532/2969 2921/4518/2955 2757/4533/2970
f 2614/4534/2971 2615/4520/2957 2922/4521/2958
f 2934/4535/2972 2922/4521/2958 2923/4522/2959
f 2935/4536/2973 2923/4522/2959 2924/4523/2960
f 2936/4537/2974 2924/4523/2960 2925/4524/2961
f 2937/4538/2975 2925/4524/2961 2926/4525/2962
f 2938/4539/2976 2926/4525/2962 2927/4526/2963
f 2939/4540/2977 2927/4526/2963 2928/4527/2964
f 2940/4541/2978 2928/4527/2964 2929/4528/2965
f 2941/4542/2979 2929/4528/2965 2930/4529/2966
f 2942/4543/2980 2930/4529/2966 2931/4530/2967
f 2943/4544/2981 2931/4530/2967 2932/4531/2968
f 2944/4545/2982 2932/4531/2968 2933/4532/2969
f 2945/4546/2983 2933/4532/2969 2756/4547/2984
f 2613/4548/2985 2614/4534/2971 2934/4535/2972
f 2946/4549/2986 2934/4535/2972 2935/4536/2973
f 2947/4550/2987 2935/4536/2973 2936/4537/2974
f 2948/4551/2988 2936/4537/2974 2937/4538/2975
f 2949/4552/2989 2937/4538/2975 2938/4539/2976
f 2950/4553/2990 2938/4539/2976 2939/4540/2977
f 2951/4554/2991 2939/4540/2977 2940/4541/2978
f 2952/4555/2992 2940/4541/2978 2941/4542/2979
f 2953/4556/2993 2941/4542/2979 2942/4543/2980
f 2954/4557/2994 2942/4543/2980 2943/4544/2981
f 2955/4558/2995 2943/4544/2981 2944/4545/2982
f 2956/4559/2996 2944/4545/2982 2945/4546/2983
f 2957/4560/2997 2945/4546/2983 2755/4561/2998
f 2612/4562/2999 2613/4548/2985 2946/4549/2986
f 2958/4563/3000 2946/4549/2986 2947/4550/2987
f 2959/4564/3001 2947/4550/2987 2948/4551/2988
f 2960/4565/3002 2948/4551/2988 2949/4552/2989
f 2961/4566/3003 2949/4552/2989 2950/4553/2990
f 2962/4567/3004 2950/4553/2990 2951/4554/2991
f 2963/4568/3005 2951/4554/2991 2952/4555/2992
f 2964/4569/3006 2952/4555/2992 2953/4556/2993
f 2965/4570/3007 2953/4556/2993 2954/4557/2994
f 2966/4571/3008 2954/4557/2994 2955/4558/2995
f 2967/4572/3009 2955/4558/2995 2956/4559/2996
f 2968/4573/3010 2956/4559/2996 2957/4560/2997
f 2969/4574/3011 2957/4560/2997 2754/4575/3012
f 2611/4576/3013 2612/4562/2999 2958/4563/3000
f 2970/4577/3014 2958/4563/3000 2959/4564/3001
f 2971/4578/3015 2959/4564/3001 2960/4565/3002
f 2972/4579/3016 2960/4565/3002 2961/4566/3003
f 2973/4580/3017 2961/4566/3003 2962/4567/3004
f 2974/4581/3018 2962/4567/3004 2963/4568/3005
f 2975/4582/3019 2963/4568/3005 2964/4569/3006
f 2976/4583/3020 2964/4569/3006 2965/4570/3007
f 2977/4584/3021 2965/4570/3007 2966/4571/3008
f 2978/4585/3022 2966/4571/3008 2967/4572/3009
f 2979/4586/3023 2967/4572/3009 2968/4573/3010
f 2980/4587/3024 2968/4573/3010 2969/4574/3011
f 2981/4588/3025 2969/4574/3011 2753/4589/3026
f 2610/4590/3027 2611/4576/3013 2970/4577/3014
f 2982/4591/3028 2970/4577/3014 2971/4578/3015
f 2983/4592/3029 2971/4578/3015 2972/4579/3016
f 2984/4593/3030 2972/4579/3016 2973/4580/3017
f 2985/4594/3031 2973/4580/3017 2974/4581/3018
f 2986/4595/3032 2974/4581/3018 2975/4582/3019
f 2987/4596/3033 2975/4582/3019 2976/4583/3020
f 2988/4597/3034 2976/4583/3020 2977/4584/3021
f 2989/4598/3035 2977/4584/3021 2978/4585/3022
f 2990/4599/3036 2978/4585/3022 2979/4586/3023
f 2991/4600/3037 2979/4586/3023 2980/4587/3024
f 2992/4601/3038 2980/4587/3024 2981/4588/3025
f 2993/4602/3039 2981/4588/3025 2752/4603/3040
f 2609/4604/3041 2610/4590/3027 2982/4591/3028
f 2994/4605/3042 2982/4591/3028 2983/4592/3029
f 2995/4606/3043 2983/4592/3029 2984/4593/3030
f 2996/4607/3044 2984/4593/3030 2985/4594/3031
f 2997/4608/3045 2985/4594/3031 2986/4595/3032
f 2998/4609/3046 2986/4595/3032 2987/4596/3033
f 2999/4610/3047 2987/4596/3033 2988/4597/3034
f 3000/4611/3048 2988/4597/3034 2989/4598/3035
f 3001/4612/3049 2989/4598/3035 2990/4599/3036
f 3002/4613/3050 2990/4599/3036 2991/4600/3037
f 3003/4614/3051 2991/4600/3037 2992/4601/3038
f 3004/4615/3052 2992/4601/3038 2993/4602/3039
f 3005/4616/3053 2993/4602/3039 2751/4617/3054
f 2608/4618/3055 2609/4604/3041 2994/4605/3042
f 3006/4619/3056 2994/4605/3042 2995/4606/3043
f 3007/4620/3057 2995/4606/3043 2996/4607/3044
f 3008/4621/3058 2996/4607/3044 2997/4608/3045
f 3009/4622/3059 2997/4608/3045 2998/4609/3046
f 3010/4623/3060 2998/4609/3046 2999/4610/3047
f 3011/4624/3061 2999/4610/3047 3000/4611/3048
f 3012/4625/3062 3000/4611/3048 3001/4612/3049
f 3013/4626/3063 3001/4612/3049 3002/4613/3050
f 3014/4627/3064 3002/4613/3050 3003/4614/3051
f 3015/4628/3065 3003/4614/3051 3004/4615/3052
f 3016/4629/3066 3004/4615/3052 3005/4616/3053
f 3017/4630/3067 3005/4616/3053 2750/4631/3068
f 2607/4632/3069 2608/4618/3055 3006/4619/3056
f 3018/4633/3070 3006/4619/3056 3007/4620/3057
f 3019/4634/3071 3007/4620/3057 3008/4621/3058
f 3020/4635/3072 3008/4621/3058 3009/4622/3059
f 3021/4636/3073 3009/4622/3059 3010/4623/3060
f 3022/4637/3074 3010/4623/3060 3011/4624/3061
f 3023/4638/3075 3011/4624/3061 3012/4625/3062
f 3024/4639/3076 3012/4625/3062 3013/4626/3063
f 3025/4640/3077 3013/4626/3063 3014/4627/3064
f 3026/4641/3078 3014/4627/3064 3015/4628/3065
f 3027/4642/3079 3015/4628/3065 3016/4629/3066
f 3028/4643/3080 3016/4629/3066 3017/4630/3067
f 3029/4644/3081 3017/4630/3067 2749/4645/3082
f 2606/4646/3083 2607/4632/3069 3018/4633/3070
f 3030/4647/3084 3018/4633/3070 3019/4634/3071
f 3031/4648/3085 3019/4634/3071 3020/4635/3072
f 3032/4649/3086 3020/4635/3072 3021/4636/3073
f 3033/4650/3087 3021/4636/3073 3022/4637/3074
f 3034/4651/3088 3022/4637/3074 3023/4638/3075
f 3035/4652/3089 3023/4638/3075 3024/4639/3076
f 3036/4653/3090 3024/4639/3076 3025/4640/3077
f 3037/4654/3091 3025/4640/3077 3026/4641/3078
f 3038/4655/3092 3026/4641/3078 3027/4642/3079
f 3039/4656/3093 3027/4642/3079 3028/4643/3080
f 3040/4657/3094 3028/4643/3080 3029/4644/3081
f 3041/4658/3095 3029/4644/3081 2748/4659/3096
f 2605/4660/3097 2606/4646/3083 3030/4647/3084
f 3042/4661/3098 3030/4647/3084 3031/4648/3085
f 3043/4662/3099 3031/4648/3085 3032/4649/3086
f 3044/4663/3100 3032/4649/3086 3033/4650/3087
f 3045/4664/3101 3033/4650/3087 3034/4651/3088
f 3046/4665/3102 3034/4651/3088 3035/4652/3089
f 3047/4666/3103 3035/4652/3089 3036/4653/3090
f 3048/4667/3104 3036/4653/3090 3037/4654/3091
f 3049/4668/3105 3037/4654/3091 3038/4655/3092
f 3050/4669/3106 3038/4655/3092 3039/4656/3093
f 3051/4670/3107 3039/4656/3093 3040/4657/3094
f 3052/4671/3108 3040/4657/3094 3041/4658/3095
f 3053/4672/3109 3041/4658/3095 2747/4673/3110
f 2604/4674/3111 2605/4660/3097 3042/4661/3098
f 3054/4675/3112 3042/4661/3098 3043/4662/3099
f 3055/4676/3113 3043/4662/3099 3044/4663/3100
f 3056/4677/3114 3044/4663/3100 3045/4664/3101
f 3057/4678/3115 3045/4664/3101 3046/4665/3102
f 3058/4679/3116 3046/4665/3102 3047/4666/3103
f 3059/4680/3117 3047/4666/3103 3048/4667/3104
f 3060/4681/3118 3048/4667/3104 3049/4668/3105
f 3061/4682/3119 3049/4668/3105 3050/4669/3106
f 3062/4683/3120 3050/4669/3106 3051/4670/3107
f 3063/4684/3121 3051/4670/3107 3052/4671/3108
f 3064/4685/3122 3052/4671/3108 3053/4672/3109
f 3065/4686/3123 3053/4672/3109 2746/4687/3124
f 2604/4674/3111 3054/4675/3112 2768/4688/3125
f 3054/4675/3112 2769/4689/3126 2768/4688/3125
f 3054/4675/3112 3055/4676/3113 2770/4690/3127
f 3055/4676/3113 2771/4691/3128 2770/4690/3127
f 2770/4690/3127 2772/4692/3129 3054/4675/3112
f 3056/4677/3114 2773/4693/3130 2774/4694/3131
f 2774/4694/3131 3055/4676/3113 3056/4677/3114
f 3056/4677/3114 2775/4695/3132 2773/4693/3130
f 3057/4678/3115 2776/4696/3133 2777/4697/3134
f 2777/4697/3134 3056/4677/3114 3057/4678/3115
f 3057/4678/3115 2778/4698/3135 2776/4696/3133
f 3057/4678/3115 3058/4679/3116 2779/4699/3136
f 3058/4679/3116 2780/4700/3137 2779/4699/3136
f 3058/4679/3116 3059/4680/3117 2781/4701/3138
f 3059/4680/3117 2782/4702/3139 2781/4701/3138
f 2781/4701/3138 2783/4703/3140 3058/4679/3116
f 3059/4680/3117 3060/4681/3118 2784/4704/3141
f 3060/4681/3118 2785/4705/3142 2784/4704/3141
f 2784/4704/3141 2786/4706/3143 3059/4680/3117
f 3061/4682/3119 2787/4707/3144 2788/4708/3145
f 2788/4708/3145 3060/4681/3118 3061/4682/3119
f 3061/4682/3119 2789/4709/3146 2787/4707/3144
f 3062/4683/3120 2790/4710/3147 2791/4711/3148
f 2791/4711/3148 3061/4682/3119 3062/4683/3120
f 3062/4683/3120 3063/4684/3121 2792/4712/3149
f 3063/4684/3121 2793/4713/3150 2792/4712/3149
f 2792/4712/3149 2794/4714/3151 3062/4683/3120
f 3063/4684/3121 3064/4685/3122 2795/4715/3152
f 3064/4685/3122 2796/4716/3153 2795/4715/3152
f 2795/4715/3152 2797/4717/3154 3063/4684/3121
f 3065/4686/3123 2798/4718/3155 2799/4719/3156
f 2799/4719/3156 3064/4685/3122 3065/4686/3123
f 3065/4686/3123 2800/4720/3157 2798/4718/3155
f 2745/4721/3158 2767/4722/3159 2801/4723/3160
f 2801/4723/3160 3065/4686/3123 2745/4721/3158
f 2801/4723/3160 2800/4720/3157 3065/4686/3123
f 2799/4719/3156 2796/4716/3153 3064/4685/3122
f 2797/4717/3154 2793/4713/3150 3063/4684/3121
f 2794/4714/3151 2790/4710/3147 3062/4683/3120
f 2791/4711/3148 2789/4709/3146 3061/4682/3119
f 2788/4708/3145 2785/4705/3142 3060/4681/3118
f 2786/4706/3143 2782/4702/3139 3059/4680/3117
f 2783/4703/3140 2780/4700/3137 3058/4679/3116
f 2779/4699/3136 2778/4698/3135 3057/4678/3115
f 2777/4697/3134 2775/4695/3132 3056/4677/3114
f 2774/4694/3131 2771/4691/3128 3055/4676/3113
f 2772/4692/3129 2769/4689/3126 3054/4675/3112
f 2768/4688/3125 2603/4724/3161 2604/4674/3111
f 2746/4687/3124 2745/4721/3158 3065/4686/3123
f 3053/4672/3109 3065/4686/3123 3064/4685/3122
f 3052/4671/3108 3064/4685/3122 3063/4684/3121
f 3051/4670/3107 3063/4684/3121 3062/4683/3120
f 3050/4669/3106 3062/4683/3120 3061/4682/3119
f 3049/4668/3105 3061/4682/3119 3060/4681/3118
f 3048/4667/3104 3060/4681/3118 3059/4680/3117
f 3047/4666/3103 3059/4680/3117 3058/4679/3116
f 3046/4665/3102 3058/4679/3116 3057/4678/3115
f 3045/4664/3101 3057/4678/3115 3056/4677/3114
f 3044/4663/3100 3056/4677/3114 3055/4676/3113
f 3043/4662/3099 3055/4676/3113 3054/4675/3112
f 3042/4661/3098 3054/4675/3112 2604/4674/3111
f 2747/4673/3110 2746/4687/3124 3053/4672/3109
f 3041/4658/3095 3053/4672/3109 3052/4671/3108
f 3040/4657/3094 3052/4671/3108 3051/4670/3107
f 3039/4656/3093 3051/4670/3107 3050/4669/3106
f 3038/4655/3092 3050/4669/3106 3049/4668/3105
f 3037/4654/3091 3049/4668/3105 3048/4667/3104
f 3036/4653/3090 3048/4667/3104 3047/4666/3103
f 3035/4652/3089 3047/4666/3103 3046/4665/3102
f 3034/4651/3088 3046/4665/3102 3045/4664/3101
f 3033/4650/3087 3045/4664/3101 3044/4663/3100
f 3032/4649/3086 3044/4663/3100 3043/4662/3099
f 3031/4648/3085 3043/4662/3099 3042/4661/3098
f 3030/4647/3084 3042/4661/3098 2605/4660/3097
f 2748/4659/3096 2747/4673/3110 3041/4658/3095
f 3029/4644/3081 3041/4658/3095 3040/4657/3094
f 3028/4643/3080 3040/4657/3094 3039/4656/3093
f 3027/4642/3079 3039/4656/3093 3038/4655/3092
f 3026/4641/3078 3038/4655/3092 3037/4654/3091
f 3025/4640/3077 3037/4654/3091 3036/4653/3090
f 3024/4639/3076 3036/4653/3090 3035/4652/3089
f 3023/4638/3075 3035/4652/3089 3034/4651/3088
f 3022/4637/3074 3034/4651/3088 3033/4650/3087
f 3021/4636/3073 3033/4650/3087 3032/4649/3086
f 3020/4635/3072 3032/4649/3086 3031/4648/3085
f 3019/4634/3071 3031/4648/3085 3030/4647/3084
f 3018/4633/3070 3030/4647/3084 2606/4646/3083
f 2749/4645/3082 2748/4659/3096 3029/4644/3081
f 3017/4630/3067 3029/4644/3081 3028/4643/3080
f 3016/4629/3066 3028/4643/3080 3027/4642/3079
f 3015/4628/3065 3027/4642/3079 3026/4641/3078
f 3014/4627/3064 3026/4641/3078 3025/4640/3077
f 3013/4626/3063 3025/4640/3077 3024/4639/3076
f 3012/4625/3062 3024/4639/3076 3023/4638/3075
f 3011/4624/3061 3023/4638/3075 3022/4637/3074
f 3010/4623/3060 3022/4637/3074 3021/4636/3073
f 3009/4622/3059 3021/4636/3073 3020/4635/3072
f 3008/4621/3058 3020/4635/3072 3019/4634/3071
f 3007/4620/3057 3019/4634/3071 3018/4633/3070
f 3006/4619/3056 3018/4633/3070 2607/4632/3069
f 2750/4631/3068 2749/4645/3082 3017/4630/3067
f 3005/4616/3053 3017/4630/3067 3016/4629/3066
f 3004/4615/3052 3016/4629/3066 3015/4628/3065
f 3003/4614/3051 3015/4628/3065 3014/4627/3064
f 3002/4613/3050 3014/4627/3064 3013/4626/3063
f 3001/4612/3049 3013/4626/3063 3012/4625/3062
f 3000/4611/3048 3012/4625/3062 3011/4624/3061
f 2999/4610/3047 3011/4624/3061 3010/4623/3060
f 2998/4609/3046 3010/4623/3060 3009/4622/3059
f 2997/4608/3045 3009/4622/3059 3008/4621/3058
f 2996/4607/3044 3008/4621/3058 3007/4620/3057
f 2995/4606/3043 3007/4620/3057 3006/4619/3056
f 2994/4605/3042 3006/4619/3056 2608/4618/3055
f 2751/4617/3054 2750/4631/3068 3005/4616/3053
f 2993/4602/3039 3005/4616/3053 3004/4615/3052
f 2992/4601/3038 3004/4615/3052 3003/4614/3051
f 2991/4600/3037 3003/4614/3051 3002/4613/3050
f 2990/4599/3036 3002/4613/3050 3001/4612/3049
f 2989/4598/3035 3001/4612/3049 3000/4611/3048
f 2988/4597/3034 3000/4611/3048 2999/4610/3047
f 2987/4596/3033 2999/4610/3047 2998/4609/3046
f 2986/4595/3032 2998/4609/3046 2997/4608/3045
f 2985/4594/3031 2997/4608/3045 2996/4607/3044
f 2984/4593/3030 2996/4607/3044 2995/4606/3043
f 2983/4592/3029 2995/4606/3043 2994/4605/3042
f 2982/4591/3028 2994/4605/3042 2609/4604/3041
f 2752/4603/3040 2751/4617/3054 2993/4602/3039
f 2981/4588/3025 2993/4602/3039 2992/4601/3038
f 2980/4587/3024 2992/4601/3038 2991/4600/3037
f 2979/4586/3023 2991/4600/3037 2990/4599/3036
f 2978/4585/3022 2990/4599/3036 2989/4598/3035
f 2977/4584/3021 2989/4598/3035 2988/4597/3034
f 2976/4583/3020 2988/4597/3034 2987/4596/3033
f 2975/4582/3019 2987/4596/3033 2986/4595/3032
f 2974/4581/3018 2986/4595/3032 2985/4594/3031
f 2973/4580/3017 2985/4594/3031 2984/4593/3030
f 2972/4579/3016 2984/4593/3030 2983/4592/3029
f 2971/4578/3015 2983/4592/3029 2982/4591/3028
f 2970/4577/3014 2982/4591/3028 2610/4590/3027
f 2753/4589/3026 2752/4603/3040 2981/4588/3025
f 2969/4574/3011 2981/4588/3025 2980/4587/3024
f 2968/4573/3010 2980/4587/3024 2979/4586/3023
f 2967/4572/3009 2979/4586/3023 2978/4585/3022
f 2966/4571/3008 2978/4585/3022 2977/4584/3021
f 2965/4570/3007 2977/4584/3021 2976/4583/3020
f 2964/4569/3006 2976/4583/3020 2975/4582/3019
f 2963/4568/3005 2975/4582/3019 2974/4581/3018
f 2962/4567/3004 2974/4581/3018 2973/4580/3017
f 2961/4566/3003 2973/4580/3017 2972/4579/3016
f 2960/4565/3002 2972/4579/3016 2971/4578/3015
f 2959/4564/3001 2971/4578/3015 2970/4577/3014
f 2958/4563/3000 2970/4577/3014 2611/4576/3013
f 2754/4575/3012 2753/4589/3026 2969/4574/3011
f 2957/4560/2997 2969/4574/3011 2968/4573/3010
f 2956/4559/2996 2968/4573/3010 2967/4572/3009
f 2955/4558/2995 2967/4572/3009 2966/4571/3008
f 2954/4557/2994 2966/4571/3008 2965/4570/3007
f 2953/4556/2993 2965/4570/3007 2964/4569/3006
f 2952/4555/2992 2964/4569/3006 2963/4568/3005
f 2951/4554/2991 2963/4568/3005 2962/4567/3004
f 2950/4553/2990 2962/4567/3004 2961/4566/3003
f 2949/4552/2989 2961/4566/3003 2960/4565/3002
f 2948/4551/2988 2960/4565/3002 2959/4564/3001
f 2947/4550/2987 2959/4564/3001 2958/4563/3000
f 2946/4549/2986 2958/4563/3000 2612/4562/2999
f 2755/4561/2998 2754/4575/3012 2957/4560/2997
f 2945/4546/2983 2957/4560/2997 2956/4559/2996
f 2944/4545/2982 2956/4559/2996 2955/4558/2995
f 2943/4544/2981 2955/4558/2995 2954/4557/2994
f 2942/4543/2980 2954/4557/2994 2953/4556/2993
f 2941/4542/2979 2953/4556/2993 2952/4555/2992
f 2940/4541/2978 2952/4555/2992 2951/4554/2991
f 2939/4540/2977 2951/4554/2991 2950/4553/2990
f 2938/4539/2976 2950/4553/2990 2949/4552/2989
f 2937/4538/2975 2949/4552/2989 2948/4551/2988
f 2936/4537/2974 2948/4551/2988 2947/4550/2987
f 2935/4536/2973 2947/4550/2987 2946/4549/2986
f 2934/4535/2972 2946/4549/2986 2613/4548/2985
f 2756/4547/2984 2755/4561/2998 2945/4546/2983
f 2933/4532/2969 2945/4546/2983 2944/4545/2982
f 2932/4531/2968 2944/4545/2982 2943/4544/2981
f 2931/4530/2967 2943/4544/2981 2942/4543/2980
f 2930/4529/2966 2942/4543/2980 2941/4542/2979
f 2929/4528/2965 2941/4542/2979 2940/4541/2978
f 2928/4527/2964 2940/4541/2978 2939/4540/2977
f 2927/4526/2963 2939/4540/2977 2938/4539/2976
f 2926/4525/2962 2938/4539/2976 2937/4538/2975
f 2925/4524/2961 2937/4538/2975 2936/4537/2974
f 2924/4523/2960 2936/4537/2974 2935/4536/2973
f 2923/4522/2959 2935/4536/2973 2934/4535/2972
f 2922/4521/2958 2934/4535/2972 2614/4534/2971
f 2757/4533/2970 2756/4547/2984 2933/4532/2969
f 2921/4518/2955 2933/4532/2969 2932/4531/2968
f 2920/4517/2954 2932/4531/2968 2931/4530/2967
f 2919/4516/2953 2931/4530/2967 2930/4529/2966
f 2918/4515/2952 2930/4529/2966 2929/4528/2965
f 2917/4514/2951 2929/4528/2965 2928/4527/2964
f 2916/4513/2950 2928/4527/2964 2927/4526/2963
f 2915/4512/2949 2927/4526/2963 2926/4525/2962
f 2914/4511/2948 2926/4525/2962 2925/4524/2961
f 2913/4510/2947 2925/4524/2961 2924/4523/2960
f 2912/4509/2946 2924/4523/2960 2923/4522/2959
f 2911/4508/2945 2923/4522/2959 2922/4521/2958
f 2910/4507/2944 2922/4521/2958 2615/4520/2957
f 2758/4519/2956 2757/4533/2970 2921/4518/2955
f 2909/4504/2941 2921/4518/2955 2920/4517/2954
f 2908/4503/2940 2920/4517/2954 2919/4516/2953
f 2907/4502/2939 2919/4516/2953 2918/4515/2952
f 2906/4501/2938 2918/4515/2952 2917/4514/2951
f 2905/4500/2937 2917/4514/2951 2916/4513/2950
f 2904/4499/2936 2916/4513/2950 2915/4512/2949
f 2903/4498/2935 2915/4512/2949 2914/4511/2948
f 2902/4497/2934 2914/4511/2948 2913/4510/2947
f 2901/4496/2933 2913/4510/2947 2912/4509/2946
f 2900/4495/2932 2912/4509/2946 2911/4508/2945
f 2899/4494/2931 2911/4508/2945 2910/4507/2944
f 2898/4493/2930 2910/4507/2944 2616/4506/2943
f 2759/4505/2942 2758/4519/2956 2909/4504/2941
f 2897/4490/2927 2909/4504/2941 2908/4503/2940
f 2896/4489/2926 2908/4503/2940 2907/4502/2939
f 2895/4488/2925 2907/4502/2939 2906/4501/2938
f 2894/4487/2924 2906/4501/2938 2905/4500/2937
f 2893/4486/2923 2905/4500/2937 2904/4499/2936
f 2892/4485/2922 2904/4499/2936 2903/4498/2935
f 2891/4484/2921 2903/4498/2935 2902/4497/2934
f 2890/4483/2920 2902/4497/2934 2901/4496/2933
f 2889/4482/2919 2901/4496/2933 2900/4495/2932
f 2888/4481/2918 2900/4495/2932 2899/4494/2931
f 2887/4480/2917 2899/4494/2931 2898/4493/2930
f 2886/4479/2916 2898/4493/2930 2617/4492/2929
f 2760/4491/2928 2759/4505/2942 2897/4490/2927
f 2885/4476/2913 2897/4490/2927 2896/4489/2926
f 2884/4475/2912 2896/4489/2926 2895/4488/2925
f 2883/4474/2911 2895/4488/2925 2894/4487/2924
f 2882/4473/2910 2894/4487/2924 2893/4486/2923
f 2881/4472/2909 2893/4486/2923 2892/4485/2922
f 2880/4471/2908 2892/4485/2922 2891/4484/2921
f 2879/4470/2907 2891/4484/2921 2890/4483/2920
f 2878/4469/2906 2890/4483/2920 2889/4482/2919
f 2877/4468/2905 2889/4482/2919 2888/4481/2918
f 2876/4467/2904 2888/4481/2918 2887/4480/2917
f 2875/4466/2903 2887/4480/2917 2886/4479/2916
f 2874/4465/2902 2886/4479/2916 2618/4478/2915
f 2761/4477/2914 2760/4491/2928 2885/4476/2913
f 2873/4462/2899 2885/4476/2913 2884/4475/2912
f 2872/4461/2898 2884/4475/2912 2883/4474/2911
f 2871/4460/2897 2883/4474/2911 2882/4473/2910
f 2870/4459/2896 2882/4473/2910 2881/4472/2909
f 2869/4458/2895 2881/4472/2909 2880/4471/2908
f 2868/4457/2894 2880/4471/2908 2879/4470/2907
f 2867/4456/2893 2879/4470/2907 2878/4469/2906
f 2866/4455/2892 2878/4469/2906 2877/4468/2905
f 2865/4454/2891 2877/4468/2905 2876/4467/2904
f 2864/4453/2890 2876/4467/2904 2875/4466/2903
f 2863/4452/2889 2875/4466/2903 2874/4465/2902
f 2862/4451/2888 2874/4465/2902 2619/4464/2901
f 2762/4463/2900 2761/4477/2914 2873/4462/2899
f 2861/4448/2885 2873/4462/2899 2872/4461/2898
f 2860/4447/2884 2872/4461/2898 2871/4460/2897
f 2859/4446/2883 2871/4460/2897 2870/4459/2896
f 2858/4445/2882 2870/4459/2896 2869/4458/2895
f 2857/4444/2881 2869/4458/2895 2868/4457/2894
f 2856/4443/2880 2868/4457/2894 2867/4456/2893
f 2855/4442/2879 2867/4456/2893 2866/4455/2892
f 2854/4441/2878 2866/4455/2892 2865/4454/2891
f 2853/4440/2877 2865/4454/2891 2864/4453/2890
f 2852/4439/2876 2864/4453/2890 2863/4452/2889
f 2851/4438/2875 2863/4452/2889 2862/4451/2888
f 2850/4437/2874 2862/4451/2888 2620/4450/2887
f 2763/4449/2886 2762/4463/2900 2861/4448/2885
f 2849/4434/2871 2861/4448/2885 2860/4447/2884
f 2848/4433/2870 2860/4447/2884 2859/4446/2883
f 2847/4432/2869 2859/4446/2883 2858/4445/2882
f 2846/4431/2868 2858/4445/2882 2857/4444/2881
f 2845/4430/2867 2857/4444/2881 2856/4443/2880
f 2844/4429/2866 2856/4443/2880 2855/4442/2879
f 2843/4428/2865 2855/4442/2879 2854/4441/2878
f 2842/4427/2864 2854/4441/2878 2853/4440/2877
f 2841/4426/2863 2853/4440/2877 2852/4439/2876
f 2840/4425/2862 2852/4439/2876 2851/4438/2875
f 2839/4424/2861 2851/4438/2875 2850/4437/2874
f 2838/4423/2860 2850/4437/2874 2621/4436/2873
f 2764/4435/2872 2763/4449/2886 2849/4434/2871
f 2837/4420/2857 2849/4434/2871 2848/4433/2870
f 2836/4419/2856 2848/4433/2870 2847/4432/2869
f 2835/4418/2855 2847/4432/2869 2846/4431/2868
f 2834/4417/2854 2846/4431/2868 2845/4430/2867
f 2833/4416/2853 2845/4430/2867 2844/4429/2866
f 2832/4415/2852 2844/4429/2866 2843/4428/2865
f 2831/4414/2851 2843/4428/2865 2842/4427/2864
f 2830/4413/2850 2842/4427/2864 2841/4426/2863
f 2829/4412/2849 2841/4426/2863 2840/4425/2862
f 2828/4411/2848 2840/4425/2862 2839/4424/2861
f 2827/4410/2847 2839/4424/2861 2838/4423/2860
f 2826/4409/2846 2838/4423/2860 2622/4422/2859
f 2765/4421/2858 2764/4435/2872 2837/4420/2857
f 2825/4406/2843 2837/4420/2857 2836/4419/2856
f 2823/4404/2841 2836/4419/2856 2835/4418/2855
f 2821/4402/2839 2835/4418/2855 2834/4417/2854
f 2819/4400/2837 2834/4417/2854 2833/4416/2853
f 2817/4398/2835 2833/4416/2853 2832/4415/2852
f 2815/4396/2833 2832/4415/2852 2831/4414/2851
f 2813/4394/2831 2831/4414/2851 2830/4413/2850
f 2811/4392/2829 2830/4413/2850 2829/4412/2849
f 2809/4390/2827 2829/4412/2849 2828/4411/2848
f 2807/4388/2825 2828/4411/2848 2827/4410/2847
f 2805/4386/2823 2827/4410/2847 2826/4409/2846
f 2803/4384/2821 2826/4409/2846 2623/4408/2845
f 2766/4407/2844 2765/4421/2858 2825/4406/2843
f 2824/4405/2842 2825/4406/2843 2823/4404/2841
f 2822/4403/2840 2823/4404/2841 2821/4402/2839
f 2820/4401/2838 2821/4402/2839 2819/4400/2837
f 2818/4399/2836 2819/4400/2837 2817/4398/2835
f 2816/4397/2834 2817/4398/2835 2815/4396/2833
f 2814/4395/2832 2815/4396/2833 2813/4394/2831
f 2812/4393/2830 2813/4394/2831 2811/4392/2829
f 2810/4391/2828 2811/4392/2829 2809/4390/2827
f 2808/4389/2826 2809/4390/2827 2807/4388/2825
f 2806/4387/2824 2807/4388/2825 2805/4386/2823
f 2804/4385/2822 2805/4386/2823 2803/4384/2821
f 2802/4383/2820 2803/4384/2821 2624/4381/2818
f 2766/4407/2844 2824/4405/2842 2626/4725/3162
f 2824/4405/2842 2822/4403/2840 2626/4726/3162
f 2822/4403/2840 2820/4401/2838 2626/4727/3162
f 2820/4401/2838 2818/4399/2836 2626/4728/3162
f 2818/4399/2836 2816/4397/2834 2626/4729/3162
f 2816/4397/2834 2814/4395/2832 2626/4730/3162
f 2814/4395/2832 2812/4393/2830 2626/4731/3162
f 2812/4393/2830 2810/4391/2828 2626/4732/3162
f 2810/4391/2828 2808/4389/2826 2626/4733/3162
f 2808/4389/2826 2806/4387/2824 2626/4734/3162
f 2806/4387/2824 2804/4385/2822 2626/4735/3162
f 2804/4385/2822 2802/4383/2820 2626/4736/3162
f 2802/4383/2820 2625/4382/2819 2626/4737/3162
f 2767/4738/3163 3066/4739/3163 3067/4740/3164
f 2798/4741/3165 2800/4742/3166 3068/4743/3166
f 3067/4740/3164 3068/4743/3166 2800/4742/3166
f 2800/4742/3166 2801/4744/3167 3067/4740/3164
f 2798/4741/3165 3069/4745/3168 3070/4746/3169
f 2795/4747/3170 2796/4748/3171 3071/4749/3171
f 3070/4746/3169 3071/4749/3171 2796/4748/3171
f 2796/4748/3171 2799/4750/3172 3070/4746/3169
f 2795/4747/3170 3072/4751/3173 3073/4752/3174
f 2792/4753/3175 2793/4754/3176 3074/4755/3176
f 3073/4752/3174 3074/4755/3176 2793/4754/3176
f 2793/4754/3176 2797/4756/3177 3073/4752/3174
f 2792/4753/3175 3075/4757/3178 3076/4758/3179
f 2791/4759/3180 2790/4760/3181 3077/4761/3181
f 3076/4758/3179 3077/4761/3181 2790/4760/3181
f 2790/4760/3181 2794/4762/3182 3076/4758/3179
f 2787/4763/3183 2789/4764/3184 3078/4765/3184
f 3079/4766/3185 3078/4765/3184 2789/4764/3184
f 2789/4764/3184 2791/4759/3180 3079/4766/3185
f 2787/4763/3183 3080/4767/3186 3081/4768/3187
f 2784/4769/3188 2785/4770/3189 3082/4771/3189
f 3081/4768/3187 3082/4771/3189 2785/4770/3189
f 2785/4770/3189 2788/4772/3190 3081/4768/3187
f 2784/4769/3188 3083/4773/3191 3084/4774/3192
f 2781/4775/3193 2782/4776/3194 3085/4777/3194
f 3084/4774/3192 3085/4777/3194 2782/4776/3194
f 2782/4776/3194 2786/4778/3195 3084/4774/3192
f 2781/4775/3193 3086/4779/3196 3087/4780/3197
f 2779/4781/3198 2780/4782/3199 3088/4783/3199
f 3087/4780/3197 3088/4783/3199 2780/4782/3199
f 2780/4782/3199 2783/4784/3200 3087/4780/3197
f 2776/4785/3201 2778/4786/3202 3089/4787/3202
f 3090/4788/3203 3089/4787/3202 2778/4786/3202
f 2778/4786/3202 2779/4781/3198 3090/4788/3203
f 2776/4785/3201 3091/4789/3204 3092/4790/3205
f 2773/4791/3206 2775/4792/3207 3093/4793/3207
f 3092/4790/3205 3093/4793/3207 2775/4792/3207
f 2775/4792/3207 2777/4794/3208 3092/4790/3205
f 2773/4791/3206 3094/4795/3209 3095/4796/3210
f 2770/4797/3211 2771/4798/3212 3096/4799/3212
f 3095/4796/3210 3096/4799/3212 2771/4798/3212
f 2771/4798/3212 2774/4800/3213 3095/4796/3210
f 2770/4797/3211 3097/4801/3214 3098/4802/3215
f 2768/4803/3216 2769/4804/3217 3099/4805/3217
f 3098/4802/3215 3099/4805/3217 2769/4804/3217
f 2769/4804/3217 2772/4806/3218 3098/4802/3215
f 2768/4803/3216 3100/4807/3219 3101/4808/3220
f 3101/4808/3220 2603/4809/3220 2768/4803/3216
f 3099/4805/3217 3100/4807/3219 2768/4803/3216
f 3098/4802/3215 2772/4806/3218 2770/4797/3211
f 3096/4799/3212 3097/4801/3214 2770/4797/3211
f 3095/4796/3210 2774/4800/3213 2773/4791/3206
f 3093/4793/3207 3094/4795/3209 2773/4791/3206
f 3092/4790/3205 2777/4794/3208 2776/4785/3201
f 3089/4787/3202 3091/4789/3204 2776/4785/3201
f 3088/4783/3199 3090/4788/3203 2779/4781/3198
f 3087/4780/3197 2783/4784/3200 2781/4775/3193
f 3085/4777/3194 3086/4779/3196 2781/4775/3193
f 3084/4774/3192 2786/4778/3195 2784/4769/3188
f 3082/4771/3189 3083/4773/3191 2784/4769/3188
f 3081/4768/3187 2788/4772/3190 2787/4763/3183
f 3078/4765/3184 3080/4767/3186 2787/4763/3183
f 3077/4761/3181 3079/4766/3185 2791/4759/3180
f 3076/4758/3179 2794/4762/3182 2792/4753/3175
f 3074/4755/3176 3075/4757/3178 2792/4753/3175
f 3073/4752/3174 2797/4756/3177 2795/4747/3170
f 3071/4749/3171 3072/4751/3173 2795/4747/3170
f 3070/4746/3169 2799/4750/3172 2798/4741/3165
f 3068/4743/3166 3069/4745/3168 2798/4741/3165
f 3067/4740/3164 2801/4744/3167 2767/4738/3163
f 3101/4810/3220 2627/4811/3220 2337/4812/3220
f 2337/4812/3220 2603/4813/3220 3101/4810/3220
f 2627/4814/3220 3101/4815/3220 3102/4816/3221
f 3103/4817/3221 3102/4816/3221 3104/4818/3222
f 3105/4819/3222 3104/4818/3222 3106/4820/3223
f 3107/4821/3223 3106/4820/3223 3108/4822/3224
f 3109/4823/3224 3108/4822/3224 3110/4824/3225
f 3111/4825/3225 3110/4824/3225 3112/4826/3226
f 3113/4827/3226 3112/4826/3226 3114/4828/3227
f 3115/4829/3227 3114/4828/3227 3116/4830/3228
f 3117/4831/3228 3116/4830/3228 3118/4832/3229
f 3119/4833/3229 3118/4832/3229 3120/4834/3230
f 3121/4835/3230 3120/4834/3230 3122/4836/3231
f 3123/4837/3231 3122/4836/3231 3124/4838/3232
f 3125/4839/3232 3124/4838/3232 3126/4840/3233
f 3127/4841/3233 3126/4840/3233 3128/4842/3234
f 3129/4843/3234 3128/4842/3234 3130/4844/3235
f 3131/4845/3235 3130/4844/3235 3132/4846/3236
f 3133/4847/3236 3132/4846/3236 3134/4848/3237
f 3135/4849/3237 3134/4848/3237 3136/4850/3238
f 3137/4851/3238 3136/4850/3238 3138/4852/3239
f 3139/4853/3239 3138/4852/3239 3140/4854/3240
f 3141/4855/3240 3140/4854/3240 3142/4856/3241
f 3143/4857/3241 3142/4856/3241 3144/4858/3242
f 3145/4859/3242 3144/4858/3242 3146/4860/3243
f 3146/4860/3243 2684/4861/3243 3145/4859/3242
f 3144/4858/3242 3145/4859/3242 3143/4857/3241
f 3142/4856/3241 3143/4857/3241 3141/4855/3240
f 3140/4854/3240 3141/4855/3240 3139/4853/3239
f 3138/4852/3239 3139/4853/3239 3137/4851/3238
f 3136/4850/3238 3137/4851/3238 3135/4849/3237
f 3134/4848/3237 3135/4849/3237 3133/4847/3236
f 3132/4846/3236 3133/4847/3236 3131/4845/3235
f 3130/4844/3235 3131/4845/3235 3129/4843/3234
f 3128/4842/3234 3129/4843/3234 3127/4841/3233
f 3126/4840/3233 3127/4841/3233 3125/4839/3232
f 3124/4838/3232 3125/4839/3232 3123/4837/3231
f 3122/4836/3231 3123/4837/3231 3121/4835/3230
f 3120/4834/3230 3121/4835/3230 3119/4833/3229
f 3118/4832/3229 3119/4833/3229 3117/4831/3228
f 3116/4830/3228 3117/4831/3228 3115/4829/3227
f 3114/4828/3227 3115/4829/3227 3113/4827/3226
f 3112/4826/3226 3113/4827/3226 3111/4825/3225
f 3110/4824/3225 3111/4825/3225 3109/4823/3224
f 3108/4822/3224 3109/4823/3224 3107/4821/3223
f 3106/4820/3223 3107/4821/3223 3105/4819/3222
f 3104/4818/3222 3105/4819/3222 3103/4817/3221
f 3102/4816/3221 3103/4817/3221 2627/4814/3220
f 2662/4862/3244 2281/4863/3245 2661/4864/3246
f 2661/4864/3246 3147/4865/3247 2662/4862/3244
f 3147/4865/3247 2659/4866/3248 2658/4867/3249
f 2658/4867/3249 3148/4868/3250 3147/4865/3247
f 3147/4865/3247 2660/4869/3251 2659/4866/3248
f 3149/4870/3252 3148/4868/3250 2656/4871/3253
f 3148/4868/3250 2657/4872/3254 2656/4871/3253
f 2656/4871/3253 2655/4873/3255 3149/4870/3252
f 3150/4874/3256 3149/4870/3252 2653/4875/3257
f 3149/4870/3252 2654/4876/3258 2653/4875/3257
f 2653/4875/3257 2652/4877/3259 3150/4874/3256
f 3150/4874/3256 2650/4878/3260 2651/4879/3261
f 2651/4879/3261 3151/4880/3262 3150/4874/3256
f 3151/4880/3262 2648/4881/3263 2647/4882/3264
f 2647/4882/3264 3152/4883/3265 3151/4880/3262
f 3151/4880/3262 2649/4884/3266 2648/4881/3263
f 3153/4885/3267 3152/4883/3265 2645/4886/3268
f 2645/4886/3268 2644/4887/3269 3153/4885/3267
f 3152/4883/3265 2646/4888/3270 2645/4886/3268
f 3154/4889/3271 3153/4885/3267 2642/4890/3272
f 3153/4885/3267 2643/4891/3273 2642/4890/3272
f 2642/4890/3272 2641/4892/3274 3154/4889/3271
f 3155/4893/3275 3154/4889/3271 2640/4894/3276
f 3154/4889/3271 2639/4895/3277 2640/4894/3276
f 3155/4893/3275 2637/4896/3278 2636/4897/3279
f 2636/4897/3279 3156/4898/3280 3155/4893/3275
f 3155/4893/3275 2638/4899/3281 2637/4896/3278
f 3156/4898/3280 2634/4900/3282 2633/4901/3283
f 2633/4901/3283 3157/4902/3284 3156/4898/3280
f 3156/4898/3280 2635/4903/3285 2634/4900/3282
f 3158/4904/3286 3157/4902/3284 2631/4905/3287
f 3157/4902/3284 2632/4906/3288 2631/4905/3287
f 2631/4905/3287 2630/4907/3289 3158/4904/3286
f 3103/4908/3290 3158/4904/3286 2628/4909/3291
f 3158/4904/3286 2629/4910/3292 2628/4909/3291
f 2663/4911/3293 2662/4862/3244 3147/4865/3247
f 3159/4912/3294 3147/4865/3247 3148/4868/3250
f 3160/4913/3295 3148/4868/3250 3149/4870/3252
f 3161/4914/3296 3149/4870/3252 3150/4874/3256
f 3162/4915/3297 3150/4874/3256 3151/4880/3262
f 3163/4916/3298 3151/4880/3262 3152/4883/3265
f 3164/4917/3299 3152/4883/3265 3153/4885/3267
f 3165/4918/3300 3153/4885/3267 3154/4889/3271
f 3166/4919/3301 3154/4889/3271 3155/4893/3275
f 3167/4920/3302 3155/4893/3275 3156/4898/3280
f 3168/4921/3303 3156/4898/3280 3157/4902/3284
f 3169/4922/3304 3157/4902/3284 3158/4904/3286
f 3170/4923/3305 3158/4904/3286 3103/4908/3290
f 2664/4924/3306 2663/4911/3293 3159/4912/3294
f 3171/4925/3307 3159/4912/3294 3160/4913/3295
f 3172/4926/3308 3160/4913/3295 3161/4914/3296
f 3173/4927/3309 3161/4914/3296 3162/4915/3297
f 3174/4928/3310 3162/4915/3297 3163/4916/3298
f 3175/4929/3311 3163/4916/3298 3164/4917/3299
f 3176/4930/3312 3164/4917/3299 3165/4918/3300
f 3177/4931/3313 3165/4918/3300 3166/4919/3301
f 3178/4932/3314 3166/4919/3301 3167/4920/3302
f 3179/4933/3315 3167/4920/3302 3168/4921/3303
f 3180/4934/3316 3168/4921/3303 3169/4922/3304
f 3181/4935/3317 3169/4922/3304 3170/4923/3305
f 3182/4936/3318 3170/4923/3305 3105/4937/3319
f 2665/4938/3320 2664/4924/3306 3171/4925/3307
f 3183/4939/3321 3171/4925/3307 3172/4926/3308
f 3184/4940/3322 3172/4926/3308 3173/4927/3309
f 3185/4941/3323 3173/4927/3309 3174/4928/3310
f 3186/4942/3324 3174/4928/3310 3175/4929/3311
f 3187/4943/3325 3175/4929/3311 3176/4930/3312
f 3188/4944/3326 3176/4930/3312 3177/4931/3313
f 3189/4945/3327 3177/4931/3313 3178/4932/3314
f 3190/4946/3328 3178/4932/3314 3179/4933/3315
f 3191/4947/3329 3179/4933/3315 3180/4934/3316
f 3192/4948/3330 3180/4934/3316 3181/4935/3317
f 3193/4949/3331 3181/4935/3317 3182/4936/3318
f 3194/4950/3332 3182/4936/3318 3107/4951/3333
f 2666/4952/3334 2665/4938/3320 3183/4939/3321
f 3195/4953/3335 3183/4939/3321 3184/4940/3322
f 3196/4954/3336 3184/4940/3322 3185/4941/3323
f 3197/4955/3337 3185/4941/3323 3186/4942/3324
f 3198/4956/3338 3186/4942/3324 3187/4943/3325
f 3199/4957/3339 3187/4943/3325 3188/4944/3326
f 3200/4958/3340 3188/4944/3326 3189/4945/3327
f 3201/4959/3341 3189/4945/3327 3190/4946/3328
f 3202/4960/3342 3190/4946/3328 3191/4947/3329
f 3203/4961/3343 3191/4947/3329 3192/4948/3330
f 3204/4962/3344 3192/4948/3330 3193/4949/3331
f 3205/4963/3345 3193/4949/3331 3194/4950/3332
f 3206/4964/3346 3194/4950/3332 3109/4965/3347
f 2667/4966/3348 2666/4952/3334 3195/4953/3335
f 3207/4967/3349 3195/4953/3335 3196/4954/3336
f 3208/4968/3350 3196/4954/3336 3197/4955/3337
f 3209/4969/3351 3197/4955/3337 3198/4956/3338
f 3210/4970/3352 3198/4956/3338 3199/4957/3339
f 3211/4971/3353 3199/4957/3339 3200/4958/3340
f 3212/4972/3354 3200/4958/3340 3201/4959/3341
f 3213/4973/3355 3201/4959/3341 3202/4960/3342
f 3214/4974/3356 3202/4960/3342 3203/4961/3343
f 3215/4975/3357 3203/4961/3343 3204/4962/3344
f 3216/4976/3358 3204/4962/3344 3205/4963/3345
f 3217/4977/3359 3205/4963/3345 3206/4964/3346
f 3218/4978/3360 3206/4964/3346 3111/4979/3361
f 2668/4980/3362 2667/4966/3348 3207/4967/3349
f 3219/4981/3363 3207/4967/3349 3208/4968/3350
f 3220/4982/3364 3208/4968/3350 3209/4969/3351
f 3221/4983/3365 3209/4969/3351 3210/4970/3352
f 3222/4984/3366 3210/4970/3352 3211/4971/3353
f 3223/4985/3367 3211/4971/3353 3212/4972/3354
f 3224/4986/3368 3212/4972/3354 3213/4973/3355
f 3225/4987/3369 3213/4973/3355 3214/4974/3356
f 3226/4988/3370 3214/4974/3356 3215/4975/3357
f 3227/4989/3371 3215/4975/3357 3216/4976/3358
f 3228/4990/3372 3216/4976/3358 3217/4977/3359
f 3229/4991/3373 3217/4977/3359 3218/4978/3360
f 3230/4992/3374 3218/4978/3360 3113/4993/3375
f 2669/4994/3376 2668/4980/3362 3219/4981/3363
f 3231/4995/3377 3219/4981/3363 3220/4982/3364
f 3232/4996/3378 3220/4982/3364 3221/4983/3365
f 3233/4997/3379 3221/4983/3365 3222/4984/3366
f 3234/4998/3380 3222/4984/3366 3223/4985/3367
f 3235/4999/3381 3223/4985/3367 3224/4986/3368
f 3236/5000/3382 3224/4986/3368 3225/4987/3369
f 3237/5001/3383 3225/4987/3369 3226/4988/3370
f 3238/5002/3384 3226/4988/3370 3227/4989/3371
f 3239/5003/3385 3227/4989/3371 3228/4990/3372
f 3240/5004/3386 3228/4990/3372 3229/4991/3373
f 3241/5005/3387 3229/4991/3373 3230/4992/3374
f 3242/5006/3388 3230/4992/3374 3115/5007/3389
f 2670/5008/3390 2669/4994/3376 3231/4995/3377
f 3243/5009/3391 3231/4995/3377 3232/4996/3378
f 3244/5010/3392 3232/4996/3378 3233/4997/3379
f 3245/5011/3393 3233/4997/3379 3234/4998/3380
f 3246/5012/3394 3234/4998/3380 3235/4999/3381
f 3247/5013/3395 3235/4999/3381 3236/5000/3382
f 3248/5014/3396 3236/5000/3382 3237/5001/3383
f 3249/5015/3397 3237/5001/3383 3238/5002/3384
f 3250/5016/3398 3238/5002/3384 3239/5003/3385
f 3251/5017/3399 3239/5003/3385 3240/5004/3386
f 3252/5018/3400 3240/5004/3386 3241/5005/3387
f 3253/5019/3401 3241/5005/3387 3242/5006/3388
f 3254/5020/3402 3242/5006/3388 3117/5021/3403
f 2671/5022/3404 2670/5008/3390 3243/5009/3391
f 3255/5023/3405 3243/5009/3391 3244/5010/3392
f 3256/5024/3406 3244/5010/3392 3245/5011/3393
f 3257/5025/3407 3245/5011/3393 3246/5012/3394
f 3258/5026/3408 3246/5012/3394 3247/5013/3395
f 3259/5027/3409 3247/5013/3395 3248/5014/3396
f 3260/5028/3410 3248/5014/3396 3249/5015/3397
f 3261/5029/3411 3249/5015/3397 3250/5016/3398
f 3262/5030/3412 3250/5016/3398 3251/5017/3399
f 3263/5031/3413 3251/5017/3399 3252/5018/3400
f 3264/5032/3414 3252/5018/3400 3253/5019/3401
f 3265/5033/3415 3253/5019/3401 3254/5020/3402
f 3266/5034/3416 3254/5020/3402 3119/5035/3417
f 2672/5036/3418 2671/5022/3404 3255/5023/3405
f 3267/5037/3419 3255/5023/3405 3256/5024/3406
f 3268/5038/3420 3256/5024/3406 3257/5025/3407
f 3269/5039/3421 3257/5025/3407 3258/5026/3408
f 3270/5040/3422 3258/5026/3408 3259/5027/3409
f 3271/5041/3423 3259/5027/3409 3260/5028/3410
f 3272/5042/3424 3260/5028/3410 3261/5029/3411
f 3273/5043/3425 3261/5029/3411 3262/5030/3412
f 3274/5044/3426 3262/5030/3412 3263/5031/3413
f 3275/5045/3427 3263/5031/3413 3264/5032/3414
f 3276/5046/3428 3264/5032/3414 3265/5033/3415
f 3277/5047/3429 3265/5033/3415 3266/5034/3416
f 3278/5048/3430 3266/5034/3416 3121/5049/3431
f 2673/5050/3432 2672/5036/3418 3267/5037/3419
f 3279/5051/3433 3267/5037/3419 3268/5038/3420
f 3280/5052/3434 3268/5038/3420 3269/5039/3421
f 3281/5053/3435 3269/5039/3421 3270/5040/3422
f 3282/5054/3436 3270/5040/3422 3271/5041/3423
f 3283/5055/3437 3271/5041/3423 3272/5042/3424
f 3284/5056/3438 3272/5042/3424 3273/5043/3425
f 3285/5057/3439 3273/5043/3425 3274/5044/3426
f 3286/5058/3440 3274/5044/3426 3275/5045/3427
f 3287/5059/3441 3275/5045/3427 3276/5046/3428
f 3288/5060/3442 3276/5046/3428 3277/5047/3429
f 3289/5061/3443 3277/5047/3429 3278/5048/3430
f 3290/5062/3444 3278/5048/3430 3123/5063/3445
f 2674/5064/3446 2673/5050/3432 3279/5051/3433
f 3291/5065/3447 3279/5051/3433 3280/5052/3434
f 3292/5066/3448 3280/5052/3434 3281/5053/3435
f 3293/5067/3449 3281/5053/3435 3282/5054/3436
f 3294/5068/3450 3282/5054/3436 3283/5055/3437
f 3295/5069/3451 3283/5055/3437 3284/5056/3438
f 3296/5070/3452 3284/5056/3438 3285/5057/3439
f 3297/5071/3453 3285/5057/3439 3286/5058/3440
f 3298/5072/3454 3286/5058/3440 3287/5059/3441
f 3299/5073/3455 3287/5059/3441 3288/5060/3442
f 3300/5074/3456 3288/5060/3442 3289/5061/3443
f 3301/5075/3457 3289/5061/3443 3290/5062/3444
f 3302/5076/3458 3290/5062/3444 3125/5077/3459
f 2675/5078/3460 2674/5064/3446 3291/5065/3447
f 3303/5079/3461 3291/5065/3447 3292/5066/3448
f 3304/5080/3462 3292/5066/3448 3293/5067/3449
f 3305/5081/3463 3293/5067/3449 3294/5068/3450
f 3306/5082/3464 3294/5068/3450 3295/5069/3451
f 3307/5083/3465 3295/5069/3451 3296/5070/3452
f 3308/5084/3466 3296/5070/3452 3297/5071/3453
f 3309/5085/3467 3297/5071/3453 3298/5072/3454
f 3310/5086/3468 3298/5072/3454 3299/5073/3455
f 3311/5087/3469 3299/5073/3455 3300/5074/3456
f 3312/5088/3470 3300/5074/3456 3301/5075/3457
f 3313/5089/3471 3301/5075/3457 3302/5076/3458
f 3314/5090/3472 3302/5076/3458 3127/5091/3473
f 2676/5092/3474 2675/5078/3460 3303/5079/3461
f 3315/5093/3475 3303/5079/3461 3304/5080/3462
f 3316/5094/3476 3304/5080/3462 3305/5081/3463
f 3317/5095/3477 3305/5081/3463 3306/5082/3464
f 3318/5096/3478 3306/5082/3464 3307/5083/3465
f 3319/5097/3479 3307/5083/3465 3308/5084/3466
f 3320/5098/3480 3308/5084/3466 3309/5085/3467
f 3321/5099/3481 3309/5085/3467 3310/5086/3468
f 3322/5100/3482 3310/5086/3468 3311/5087/3469
f 3323/5101/3483 3311/5087/3469 3312/5088/3470
f 3324/5102/3484 3312/5088/3470 3313/5089/3471
f 3325/5103/3485 3313/5089/3471 3314/5090/3472
f 3326/5104/3486 3314/5090/3472 3129/5105/3487
f 2677/5106/3488 2676/5092/3474 3315/5093/3475
f 3327/5107/3489 3315/5093/3475 3316/5094/3476
f 3328/5108/3490 3316/5094/3476 3317/5095/3477
f 3329/5109/3491 3317/5095/3477 3318/5096/3478
f 3330/5110/3492 3318/5096/3478 3319/5097/3479
f 3331/5111/3493 3319/5097/3479 3320/5098/3480
f 3332/5112/3494 3320/5098/3480 3321/5099/3481
f 3333/5113/3495 3321/5099/3481 3322/5100/3482
f 3334/5114/3496 3322/5100/3482 3323/5101/3483
f 3335/5115/3497 3323/5101/3483 3324/5102/3484
f 3336/5116/3498 3324/5102/3484 3325/5103/3485
f 3337/5117/3499 3325/5103/3485 3326/5104/3486
f 3338/5118/3500 3326/5104/3486 3131/5119/3501
f 2678/5120/3502 2677/5106/3488 3327/5107/3489
f 3339/5121/3503 3327/5107/3489 3328/5108/3490
f 3340/5122/3504 3328/5108/3490 3329/5109/3491
f 3341/5123/3505 3329/5109/3491 3330/5110/3492
f 3342/5124/3506 3330/5110/3492 3331/5111/3493
f 3343/5125/3507 3331/5111/3493 3332/5112/3494
f 3344/5126/3508 3332/5112/3494 3333/5113/3495
f 3345/5127/3509 3333/5113/3495 3334/5114/3496
f 3346/5128/3510 3334/5114/3496 3335/5115/3497
f 3347/5129/3511 3335/5115/3497 3336/5116/3498
f 3348/5130/3512 3336/5116/3498 3337/5117/3499
f 3349/5131/3513 3337/5117/3499 3338/5118/3500
f 3350/5132/3514 3338/5118/3500 3133/5133/3515
f 2679/5134/3516 2678/5120/3502 3339/5121/3503
f 3351/5135/3517 3339/5121/3503 3340/5122/3504
f 3352/5136/3518 3340/5122/3504 3341/5123/3505
f 3353/5137/3519 3341/5123/3505 3342/5124/3506
f 3354/5138/3520 3342/5124/3506 3343/5125/3507
f 3355/5139/3521 3343/5125/3507 3344/5126/3508
f 3356/5140/3522 3344/5126/3508 3345/5127/3509
f 3357/5141/3523 3345/5127/3509 3346/5128/3510
f 3358/5142/3524 3346/5128/3510 3347/5129/3511
f 3359/5143/3525 3347/5129/3511 3348/5130/3512
f 3360/5144/3526 3348/5130/3512 3349/5131/3513
f 3361/5145/3527 3349/5131/3513 3350/5132/3514
f 3362/5146/3528 3350/5132/3514 3135/5147/3529
f 2680/5148/3530 2679/5134/3516 3351/5135/3517
f 3363/5149/3531 3351/5135/3517 3352/5136/3518
f 3364/5150/3532 3352/5136/3518 3353/5137/3519
f 3365/5151/3533 3353/5137/3519 3354/5138/3520
f 3366/5152/3534 3354/5138/3520 3355/5139/3521
f 3367/5153/3535 3355/5139/3521 3356/5140/3522
f 3368/5154/3536 3356/5140/3522 3357/5141/3523
f 3369/5155/3537 3357/5141/3523 3358/5142/3524
f 3370/5156/3538 3358/5142/3524 3359/5143/3525
f 3371/5157/3539 3359/5143/3525 3360/5144/3526
f 3372/5158/3540 3360/5144/3526 3361/5145/3527
f 3373/5159/3541 3361/5145/3527 3362/5146/3528
f 3374/5160/3542 3362/5146/3528 3137/5161/3543
f 2681/5162/3544 2680/5148/3530 3363/5149/3531
f 3375/5163/3545 3363/5149/3531 3364/5150/3532
f 3376/5164/3546 3364/5150/3532 3365/5151/3533
f 3377/5165/3547 3365/5151/3533 3366/5152/3534
f 3378/5166/3548 3366/5152/3534 3367/5153/3535
f 3379/5167/3549 3367/5153/3535 3368/5154/3536
f 3380/5168/3550 3368/5154/3536 3369/5155/3537
f 3381/5169/3551 3369/5155/3537 3370/5156/3538
f 3382/5170/3552 3370/5156/3538 3371/5157/3539
f 3383/5171/3553 3371/5157/3539 3372/5158/3540
f 3384/5172/3554 3372/5158/3540 3373/5159/3541
f 3385/5173/3555 3373/5159/3541 3374/5160/3542
f 3386/5174/3556 3374/5160/3542 3139/5175/3557
f 2682/5176/3558 2681/5162/3544 3375/5163/3545
f 3387/5177/3559 3375/5163/3545 3376/5164/3546
f 3388/5178/3560 3376/5164/3546 3377/5165/3547
f 3389/5179/3561 3377/5165/3547 3378/5166/3548
f 3390/5180/3562 3378/5166/3548 3379/5167/3549
f 3391/5181/3563 3379/5167/3549 3380/5168/3550
f 3392/5182/3564 3380/5168/3550 3381/5169/3551
f 3393/5183/3565 3381/5169/3551 3382/5170/3552
f 3394/5184/3566 3382/5170/3552 3383/5171/3553
f 3395/5185/3567 3383/5171/3553 3384/5172/3554
f 3396/5186/3568 3384/5172/3554 3385/5173/3555
f 3397/5187/3569 3385/5173/3555 3386/5174/3556
f 3398/5188/3570 3386/5174/3556 3141/5189/3571
f 2683/5190/3572 2682/5176/3558 3387/5177/3559
f 3399/5191/3573 3387/5177/3559 3388/5178/3560
f 3400/5192/3574 3388/5178/3560 3389/5179/3561
f 3401/5193/3575 3389/5179/3561 3390/5180/3562
f 3402/5194/3576 3390/5180/3562 3391/5181/3563
f 3403/5195/3577 3391/5181/3563 3392/5182/3564
f 3404/5196/3578 3392/5182/3564 3393/5183/3565
f 3405/5197/3579 3393/5183/3565 3394/5184/3566
f 3406/5198/3580 3394/5184/3566 3395/5185/3567
f 3407/5199/3581 3395/5185/3567 3396/5186/3568
f 3408/5200/3582 3396/5186/3568 3397/5187/3569
f 3409/5201/3583 3397/5187/3569 3398/5188/3570
f 3410/5202/3584 3398/5188/3570 3143/5203/3585
f 2684/5204/3586 3410/5202/3584 3145/5205/3587
f 2684/5206/3586 3409/5201/3583 3410/5202/3584
f 2684/5207/3586 3408/5200/3582 3409/5201/3583
f 2684/5208/3586 3407/5199/3581 3408/5200/3582
f 2684/5209/3586 3406/5198/3580 3407/5199/3581
f 2684/5210/3586 3405/5197/3579 3406/5198/3580
f 2684/5211/3586 3404/5196/3578 3405/5197/3579
f 2684/5212/3586 3403/5195/3577 3404/5196/3578
f 2684/5213/3586 3402/5194/3576 3403/5195/3577
f 2684/5214/3586 3401/5193/3575 3402/5194/3576
f 2684/5215/3586 3400/5192/3574 3401/5193/3575
f 2684/5216/3586 3399/5191/3573 3400/5192/3574
f 2684/5217/3586 2683/5190/3572 3399/5191/3573
f 3143/5203/3585 3145/5205/3587 3410/5202/3584
f 3398/5188/3570 3410/5202/3584 3409/5201/3583
f 3397/5187/3569 3409/5201/3583 3408/5200/3582
f 3396/5186/3568 3408/5200/3582 3407/5199/3581
f 3395/5185/3567 3407/5199/3581 3406/5198/3580
f 3394/5184/3566 3406/5198/3580 3405/5197/3579
f 3393/5183/3565 3405/5197/3579 3404/5196/3578
f 3392/5182/3564 3404/5196/3578 3403/5195/3577
f 3391/5181/3563 3403/5195/3577 3402/5194/3576
f 3390/5180/3562 3402/5194/3576 3401/5193/3575
f 3389/5179/3561 3401/5193/3575 3400/5192/3574
f 3388/5178/3560 3400/5192/3574 3399/5191/3573
f 3387/5177/3559 3399/5191/3573 2683/5190/3572
f 3141/5189/3571 3143/5203/3585 3398/5188/3570
f 3386/5174/3556 3398/5188/3570 3397/5187/3569
f 3385/5173/3555 3397/5187/3569 3396/5186/3568
f 3384/5172/3554 3396/5186/3568 3395/5185/3567
f 3383/5171/3553 3395/5185/3567 3394/5184/3566
f 3382/5170/3552 3394/5184/3566 3393/5183/3565
f 3381/5169/3551 3393/5183/3565 3392/5182/3564
f 3380/5168/3550 3392/5182/3564 3391/5181/3563
f 3379/5167/3549 3391/5181/3563 3390/5180/3562
f 3378/5166/3548 3390/5180/3562 3389/5179/3561
f 3377/5165/3547 3389/5179/3561 3388/5178/3560
f 3376/5164/3546 3388/5178/3560 3387/5177/3559
f 3375/5163/3545 3387/5177/3559 2682/5176/3558
f 3139/5175/3557 3141/5189/3571 3386/5174/3556
f 3374/5160/3542 3386/5174/3556 3385/5173/3555
f 3373/5159/3541 3385/5173/3555 3384/5172/3554
f 3372/5158/3540 3384/5172/3554 3383/5171/3553
f 3371/5157/3539 3383/5171/3553 3382/5170/3552
f 3370/5156/3538 3382/5170/3552 3381/5169/3551
f 3369/5155/3537 3381/5169/3551 3380/5168/3550
f 3368/5154/3536 3380/5168/3550 3379/5167/3549
f 3367/5153/3535 3379/5167/3549 3378/5166/3548
f 3366/5152/3534 3378/5166/3548 3377/5165/3547
f 3365/5151/3533 3377/5165/3547 3376/5164/3546
f 3364/5150/3532 3376/5164/3546 3375/5163/3545
f 3363/5149/3531 3375/5163/3545 2681/5162/3544
f 3137/5161/3543 3139/5175/3557 3374/5160/3542
f 3362/5146/3528 3374/5160/3542 3373/5159/3541
f 3361/5145/3527 3373/5159/3541 3372/5158/3540
f 3360/5144/3526 3372/5158/3540 3371/5157/3539
f 3359/5143/3525 3371/5157/3539 3370/5156/3538
f 3358/5142/3524 3370/5156/3538 3369/5155/3537
f 3357/5141/3523 3369/5155/3537 3368/5154/3536
f 3356/5140/3522 3368/5154/3536 3367/5153/3535
f 3355/5139/3521 3367/5153/3535 3366/5152/3534
f 3354/5138/3520 3366/5152/3534 3365/5151/3533
f 3353/5137/3519 3365/5151/3533 3364/5150/3532
f 3352/5136/3518 3364/5150/3532 3363/5149/3531
f 3351/5135/3517 3363/5149/3531 2680/5148/3530
f 3135/5147/3529 3137/5161/3543 3362/5146/3528
f 3350/5132/3514 3362/5146/3528 3361/5145/3527
f 3349/5131/3513 3361/5145/3527 3360/5144/3526
f 3348/5130/3512 3360/5144/3526 3359/5143/3525
f 3347/5129/3511 3359/5143/3525 3358/5142/3524
f 3346/5128/3510 3358/5142/3524 3357/5141/3523
f 3345/5127/3509 3357/5141/3523 3356/5140/3522
f 3344/5126/3508 3356/5140/3522 3355/5139/3521
f 3343/5125/3507 3355/5139/3521 3354/5138/3520
f 3342/5124/3506 3354/5138/3520 3353/5137/3519
f 3341/5123/3505 3353/5137/3519 3352/5136/3518
f 3340/5122/3504 3352/5136/3518 3351/5135/3517
f 3339/5121/3503 3351/5135/3517 2679/5134/3516
f 3133/5133/3515 3135/5147/3529 3350/5132/3514
f 3338/5118/3500 3350/5132/3514 3349/5131/3513
f 3337/5117/3499 3349/5131/3513 3348/5130/3512
f 3336/5116/3498 3348/5130/3512 3347/5129/3511
f 3335/5115/3497 3347/5129/3511 3346/5128/3510
f 3334/5114/3496 3346/5128/3510 3345/5127/3509
f 3333/5113/3495 3345/5127/3509 3344/5126/3508
f 3332/5112/3494 3344/5126/3508 3343/5125/3507
f 3331/5111/3493 3343/5125/3507 3342/5124/3506
f 3330/5110/3492 3342/5124/3506 3341/5123/3505
f 3329/5109/3491 3341/5123/3505 3340/5122/3504
f 3328/5108/3490 3340/5122/3504 3339/5121/3503
f 3327/5107/3489 3339/5121/3503 2678/5120/3502
f 3131/5119/3501 3133/5133/3515 3338/5118/3500
f 3326/5104/3486 3338/5118/3500 3337/5117/3499
f 3325/5103/3485 3337/5117/3499 3336/5116/3498
f 3324/5102/3484 3336/5116/3498 3335/5115/3497
f 3323/5101/3483 3335/5115/3497 3334/5114/3496
f 3322/5100/3482 3334/5114/3496 3333/5113/3495
f 3321/5099/3481 3333/5113/3495 3332/5112/3494
f 3320/5098/3480 3332/5112/3494 3331/5111/3493
f 3319/5097/3479 3331/5111/3493 3330/5110/3492
f 3318/5096/3478 3330/5110/3492 3329/5109/3491
f 3317/5095/3477 3329/5109/3491 3328/5108/3490
f 3316/5094/3476 3328/5108/3490 3327/5107/3489
f 3315/5093/3475 3327/5107/3489 2677/5106/3488
f 3129/5105/3487 3131/5119/3501 3326/5104/3486
f 3314/5090/3472 3326/5104/3486 3325/5103/3485
f 3313/5089/3471 3325/5103/3485 3324/5102/3484
f 3312/5088/3470 3324/5102/3484 3323/5101/3483
f 3311/5087/3469 3323/5101/3483 3322/5100/3482
f 3310/5086/3468 3322/5100/3482 3321/5099/3481
f 3309/5085/3467 3321/5099/3481 3320/5098/3480
f 3308/5084/3466 3320/5098/3480 3319/5097/3479
f 3307/5083/3465 3319/5097/3479 3318/5096/3478
f 3306/5082/3464 3318/5096/3478 3317/5095/3477
f 3305/5081/3463 3317/5095/3477 3316/5094/3476
f 3304/5080/3462 3316/5094/3476 3315/5093/3475
f 3303/5079/3461 3315/5093/3475 2676/5092/3474
f 3127/5091/3473 3129/5105/3487 3314/5090/3472
f 3302/5076/3458 3314/5090/3472 3313/5089/3471
f 3301/5075/3457 3313/5089/3471 3312/5088/3470
f 3300/5074/3456 3312/5088/3470 3311/5087/3469
f 3299/5073/3455 3311/5087/3469 3310/5086/3468
f 3298/5072/3454 3310/5086/3468 3309/5085/3467
f 3297/5071/3453 3309/5085/3467 3308/5084/3466
f 3296/5070/3452 3308/5084/3466 3307/5083/3465
f 3295/5069/3451 3307/5083/3465 3306/5082/3464
f 3294/5068/3450 3306/5082/3464 3305/5081/3463
f 3293/5067/3449 3305/5081/3463 3304/5080/3462
f 3292/5066/3448 3304/5080/3462 3303/5079/3461
f 3291/5065/3447 3303/5079/3461 2675/5078/3460
f 3125/5077/3459 3127/5091/3473 3302/5076/3458
f 3290/5062/3444 3302/5076/3458 3301/5075/3457
f 3289/5061/3443 3301/5075/3457 3300/5074/3456
f 3288/5060/3442 3300/5074/3456 3299/5073/3455
f 3287/5059/3441 3299/5073/3455 3298/5072/3454
f 3286/5058/3440 3298/5072/3454 3297/5071/3453
f 3285/5057/3439 3297/5071/3453 3296/5070/3452
f 3284/5056/3438 3296/5070/3452 3295/5069/3451
f 3283/5055/3437 3295/5069/3451 3294/5068/3450
f 3282/5054/3436 3294/5068/3450 3293/5067/3449
f 3281/5053/3435 3293/5067/3449 3292/5066/3448
f 3280/5052/3434 3292/5066/3448 3291/5065/3447
f 3279/5051/3433 3291/5065/3447 2674/5064/3446
f 3123/5063/3445 3125/5077/3459 3290/5062/3444
f 3278/5048/3430 3290/5062/3444 3289/5061/3443
f 3277/5047/3429 3289/5061/3443 3288/5060/3442
f 3276/5046/3428 3288/5060/3442 3287/5059/3441
f 3275/5045/3427 3287/5059/3441 3286/5058/3440
f 3274/5044/3426 3286/5058/3440 3285/5057/3439
f 3273/5043/3425 3285/5057/3439 3284/5056/3438
f 3272/5042/3424 3284/5056/3438 3283/5055/3437
f 3271/5041/3423 3283/5055/3437 3282/5054/3436
f 3270/5040/3422 3282/5054/3436 3281/5053/3435
f 3269/5039/3421 3281/5053/3435 3280/5052/3434
f 3268/5038/3420 3280/5052/3434 3279/5051/3433
f 3267/5037/3419 3279/5051/3433 2673/5050/3432
f 3121/5049/3431 3123/5063/3445 3278/5048/3430
f 3266/5034/3416 3278/5048/3430 3277/5047/3429
f 3265/5033/3415 3277/5047/3429 3276/5046/3428
f 3264/5032/3414 3276/5046/3428 3275/5045/3427
f 3263/5031/3413 3275/5045/3427 3274/5044/3426
f 3262/5030/3412 3274/5044/3426 3273/5043/3425
f 3261/5029/3411 3273/5043/3425 3272/5042/3424
f 3260/5028/3410 3272/5042/3424 3271/5041/3423
f 3259/5027/3409 3271/5041/3423 3270/5040/3422
f 3258/5026/3408 3270/5040/3422 3269/5039/3421
f 3257/5025/3407 3269/5039/3421 3268/5038/3420
f 3256/5024/3406 3268/5038/3420 3267/5037/3419
f 3255/5023/3405 3267/5037/3419 2672/5036/3418
f 3119/5035/3417 3121/5049/3431 3266/5034/3416
f 3254/5020/3402 3266/5034/3416 3265/5033/3415
f 3253/5019/3401 3265/5033/3415 3264/5032/3414
f 3252/5018/3400 3264/5032/3414 3263/5031/3413
f 3251/5017/3399 3263/5031/3413 3262/5030/3412
f 3250/5016/3398 3262/5030/3412 3261/5029/3411
f 3249/5015/3397 3261/5029/3411 3260/5028/3410
f 3248/5014/3396 3260/5028/3410 3259/5027/3409
f 3247/5013/3395 3259/5027/3409 3258/5026/3408
f 3246/5012/3394 3258/5026/3408 3257/5025/3407
f 3245/5011/3393 3257/5025/3407 3256/5024/3406
f 3244/5010/3392 3256/5024/3406 3255/5023/3405
f 3243/5009/3391 3255/5023/3405 2671/5022/3404
f 3117/5021/3403 3119/5035/3417 3254/5020/3402
f 3242/5006/3388 3254/5020/3402 3253/5019/3401
f 3241/5005/3387 3253/5019/3401 3252/5018/3400
f 3240/5004/3386 3252/5018/3400 3251/5017/3399
f 3239/5003/3385 3251/5017/3399 3250/5016/3398
f 3238/5002/3384 3250/5016/3398 3249/5015/3397
f 3237/5001/3383 3249/5015/3397 3248/5014/3396
f 3236/5000/3382 3248/5014/3396 3247/5013/3395
f 3235/4999/3381 3247/5013/3395 3246/5012/3394
f 3234/4998/3380 3246/5012/3394 3245/5011/3393
f 3233/4997/3379 3245/5011/3393 3244/5010/3392
f 3232/4996/3378 3244/5010/3392 3243/5009/3391
f 3231/4995/3377 3243/5009/3391 2670/5008/3390
f 3115/5007/3389 3117/5021/3403 3242/5006/3388
f 3230/4992/3374 3242/5006/3388 3241/5005/3387
f 3229/4991/3373 3241/5005/3387 3240/5004/3386
f 3228/4990/3372 3240/5004/3386 3239/5003/3385
f 3227/4989/3371 3239/5003/3385 3238/5002/3384
f 3226/4988/3370 3238/5002/3384 3237/5001/3383
f 3225/4987/3369 3237/5001/3383 3236/5000/3382
f 3224/4986/3368 3236/5000/3382 3235/4999/3381
f 3223/4985/3367 3235/4999/3381 3234/4998/3380
f 3222/4984/3366 3234/4998/3380 3233/4997/3379
f 3221/4983/3365 3233/4997/3379 3232/4996/3378
f 3220/4982/3364 3232/4996/3378 3231/4995/3377
f 3219/4981/3363 3231/4995/3377 2669/4994/3376
f 3113/4993/3375 3115/5007/3389 3230/4992/3374
f 3218/4978/3360 3230/4992/3374 3229/4991/3373
f 3217/4977/3359 3229/4991/3373 3228/4990/3372
f 3216/4976/3358 3228/4990/3372 3227/4989/3371
f 3215/4975/3357 3227/4989/3371 3226/4988/3370
f 3214/4974/3356 3226/4988/3370 3225/4987/3369
f 3213/4973/3355 3225/4987/3369 3224/4986/3368
f 3212/4972/3354 3224/4986/3368 3223/4985/3367
f 3211/4971/3353 3223/4985/3367 3222/4984/3366
f 3210/4970/3352 3222/4984/3366 3221/4983/3365
f 3209/4969/3351 3221/4983/3365 3220/4982/3364
f 3208/4968/3350 3220/4982/3364 3219/4981/3363
f 3207/4967/3349 3219/4981/3363 2668/4980/3362
f 3111/4979/3361 3113/4993/3375 3218/4978/3360
f 3206/4964/3346 3218/4978/3360 3217/4977/3359
f 3205/4963/3345 3217/4977/3359 3216/4976/3358
f 3204/4962/3344 3216/4976/3358 3215/4975/3357
f 3203/4961/3343 3215/4975/3357 3214/4974/3356
f 3202/4960/3342 3214/4974/3356 3213/4973/3355
f 3201/4959/3341 3213/4973/3355 3212/4972/3354
f 3200/4958/3340 3212/4972/3354 3211/4971/3353
f 3199/4957/3339 3211/4971/3353 3210/4970/3352
f 3198/4956/3338 3210/4970/3352 3209/4969/3351
f 3197/4955/3337 3209/4969/3351 3208/4968/3350
f 3196/4954/3336 3208/4968/3350 3207/4967/3349
f 3195/4953/3335 3207/4967/3349 2667/4966/3348
f 3109/4965/3347 3111/4979/3361 3206/4964/3346
f 3194/4950/3332 3206/4964/3346 3205/4963/3345
f 3193/4949/3331 3205/4963/3345 3204/4962/3344
f 3192/4948/3330 3204/4962/3344 3203/4961/3343
f 3191/4947/3329 3203/4961/3343 3202/4960/3342
f 3190/4946/3328 3202/4960/3342 3201/4959/3341
f 3189/4945/3327 3201/4959/3341 3200/4958/3340
f 3188/4944/3326 3200/4958/3340 3199/4957/3339
f 3187/4943/3325 3199/4957/3339 3198/4956/3338
f 3186/4942/3324 3198/4956/3338 3197/4955/3337
f 3185/4941/3323 3197/4955/3337 3196/4954/3336
f 3184/4940/3322 3196/4954/3336 3195/4953/3335
f 3183/4939/3321 3195/4953/3335 2666/4952/3334
f 3107/4951/3333 3109/4965/3347 3194/4950/3332
f 3182/4936/3318 3194/4950/3332 3193/4949/3331
f 3181/4935/3317 3193/4949/3331 3192/4948/3330
f 3180/4934/3316 3192/4948/3330 3191/4947/3329
f 3179/4933/3315 3191/4947/3329 3190/4946/3328
f 3178/4932/3314 3190/4946/3328 3189/4945/3327
f 3177/4931/3313 3189/4945/3327 3188/4944/3326
f 3176/4930/3312 3188/4944/3326 3187/4943/3325
f 3175/4929/3311 3187/4943/3325 3186/4942/3324
f 3174/4928/3310 3186/4942/3324 3185/4941/3323
f 3173/4927/3309 3185/4941/3323 3184/4940/3322
f 3172/4926/3308 3184/4940/3322 3183/4939/3321
f 3171/4925/3307 3183/4939/3321 2665/4938/3320
f 3105/4937/3319 3107/4951/3333 3182/4936/3318
f 3170/4923/3305 3182/4936/3318 3181/4935/3317
f 3169/4922/3304 3181/4935/3317 3180/4934/3316
f 3168/4921/3303 3180/4934/3316 3179/4933/3315
f 3167/4920/3302 3179/4933/3315 3178/4932/3314
f 3166/4919/3301 3178/4932/3314 3177/4931/3313
f 3165/4918/3300 3177/4931/3313 3176/4930/3312
f 3164/4917/3299 3176/4930/3312 3175/4929/3311
f 3163/4916/3298 3175/4929/3311 3174/4928/3310
f 3162/4915/3297 3174/4928/3310 3173/4927/3309
f 3161/4914/3296 3173/4927/3309 3172/4926/3308
f 3160/4913/3295 3172/4926/3308 3171/4925/3307
f 3159/4912/3294 3171/4925/3307 2664/4924/3306
f 3103/4908/3290 3105/4937/3319 3170/4923/3305
f 3158/4904/3286 3170/4923/3305 3169/4922/3304
f 3157/4902/3284 3169/4922/3304 3168/4921/3303
f 3156/4898/3280 3168/4921/3303 3167/4920/3302
f 3155/4893/3275 3167/4920/3302 3166/4919/3301
f 3154/4889/3271 3166/4919/3301 3165/4918/3300
f 3153/4885/3267 3165/4918/3300 3164/4917/3299
f 3152/4883/3265 3164/4917/3299 3163/4916/3298
f 3151/4880/3262 3163/4916/3298 3162/4915/3297
f 3150/4874/3256 3162/4915/3297 3161/4914/3296
f 3149/4870/3252 3161/4914/3296 3160/4913/3295
f 3148/4868/3250 3160/4913/3295 3159/4912/3294
f 3147/4865/3247 3159/4912/3294 2663/4911/3293
f 2628/4909/3291 2627/5218/3588 3103/4908/3290
f 2630/4907/3289 2629/4910/3292 3158/4904/3286
f 2633/4901/3283 2632/4906/3288 3157/4902/3284
f 2636/4897/3279 2635/4903/3285 3156/4898/3280
f 2640/4894/3276 2638/4899/3281 3155/4893/3275
f 2641/4892/3274 2639/4895/3277 3154/4889/3271
f 2644/4887/3269 2643/4891/3273 3153/4885/3267
f 2647/4882/3264 2646/4888/3270 3152/4883/3265
f 2651/4879/3261 2649/4884/3266 3151/4880/3262
f 2652/4877/3259 2650/4878/3260 3150/4874/3256
f 2655/4873/3255 2654/4876/3258 3149/4870/3252
f 2658/4867/3249 2657/4872/3254 3148/4868/3250
f 2661/4864/3246 2660/4869/3251 3147/4865/3247
f 3102/5219/3589 3101/5220/3588 3100/5221/3590
f 3100/5221/3590 3433/5222/3591 3102/5219/3589
f 3433/5222/3591 3098/5223/3592 3097/5224/3593
f 3097/5224/3593 3434/5225/3594 3433/5222/3591
f 3433/5222/3591 3099/5226/3595 3098/5223/3592
f 3435/5227/3596 3434/5225/3594 3095/5228/3597
f 3434/5225/3594 3096/5229/3598 3095/5228/3597
f 3095/5228/3597 3094/5230/3599 3435/5227/3596
f 3436/5231/3600 3435/5227/3596 3092/5232/3601
f 3435/5227/3596 3093/5233/3602 3092/5232/3601
f 3092/5232/3601 3091/5234/3603 3436/5231/3600
f 3436/5231/3600 3089/5235/3604 3090/5236/3605
f 3090/5236/3605 3437/5237/3606 3436/5231/3600
f 3437/5237/3606 3087/5238/3607 3086/5239/3608
f 3086/5239/3608 3438/5240/3609 3437/5237/3606
f 3437/5237/3606 3088/5241/3610 3087/5238/3607
f 3438/5240/3609 3084/5242/3611 3083/5243/3612
f 3083/5243/3612 3439/5244/3613 3438/5240/3609
f 3438/5240/3609 3085/5245/3614 3084/5242/3611
f 3440/5246/3615 3439/5244/3613 3081/5247/3616
f 3439/5244/3613 3082/5248/3617 3081/5247/3616
f 3081/5247/3616 3080/5249/3618 3440/5246/3615
f 3441/5250/3619 3440/5246/3615 3079/5251/3620
f 3440/5246/3615 3078/5252/3621 3079/5251/3620
f 3441/5250/3619 3076/5253/3622 3075/5254/3623
f 3075/5254/3623 3442/5255/3624 3441/5250/3619
f 3441/5250/3619 3077/5256/3625 3076/5253/3622
f 3442/5255/3624 3073/5257/3626 3072/5258/3627
f 3072/5258/3627 3443/5259/3628 3442/5255/3624
f 3442/5255/3624 3074/5260/3629 3073/5257/3626
f 3444/5261/3630 3443/5259/3628 3070/5262/3631
f 3443/5259/3628 3071/5263/3632 3070/5262/3631
f 3070/5262/3631 3069/5264/3633 3444/5261/3630
f 3411/5265/3634 3444/5261/3630 3067/5266/3635
f 3444/5261/3630 3068/5267/3636 3067/5266/3635
f 3104/5268/3637 3102/5219/3589 3433/5222/3591
f 3445/5269/3638 3433/5222/3591 3434/5225/3594
f 3446/5270/3639 3434/5225/3594 3435/5227/3596
f 3447/5271/3640 3435/5227/3596 3436/5231/3600
f 3448/5272/3641 3436/5231/3600 3437/5237/3606
f 3449/5273/3642 3437/5237/3606 3438/5240/3609
f 3450/5274/3643 3438/5240/3609 3439/5244/3613
f 3451/5275/3644 3439/5244/3613 3440/5246/3615
f 3452/5276/3645 3440/5246/3615 3441/5250/3619
f 3453/5277/3646 3441/5250/3619 3442/5255/3624
f 3454/5278/3647 3442/5255/3624 3443/5259/3628
f 3455/5279/3648 3443/5259/3628 3444/5261/3630
f 3456/5280/3649 3444/5261/3630 3411/5265/3634
f 3106/5281/3650 3104/5268/3637 3445/5269/3638
f 3457/5282/3651 3445/5269/3638 3446/5270/3639
f 3458/5283/3652 3446/5270/3639 3447/5271/3640
f 3459/5284/3653 3447/5271/3640 3448/5272/3641
f 3460/5285/3654 3448/5272/3641 3449/5273/3642
f 3461/5286/3655 3449/5273/3642 3450/5274/3643
f 3462/5287/3656 3450/5274/3643 3451/5275/3644
f 3463/5288/3657 3451/5275/3644 3452/5276/3645
f 3464/5289/3658 3452/5276/3645 3453/5277/3646
f 3465/5290/3659 3453/5277/3646 3454/5278/3647
f 3466/5291/3660 3454/5278/3647 3455/5279/3648
f 3467/5292/3661 3455/5279/3648 3456/5280/3649
f 3468/5293/3662 3456/5280/3649 3412/5294/3663
f 3108/5295/3664 3106/5281/3650 3457/5282/3651
f 3469/5296/3665 3457/5282/3651 3458/5283/3652
f 3470/5297/3666 3458/5283/3652 3459/5284/3653
f 3471/5298/3667 3459/5284/3653 3460/5285/3654
f 3472/5299/3668 3460/5285/3654 3461/5286/3655
f 3473/5300/3669 3461/5286/3655 3462/5287/3656
f 3474/5301/3670 3462/5287/3656 3463/5288/3657
f 3475/5302/3671 3463/5288/3657 3464/5289/3658
f 3476/5303/3672 3464/5289/3658 3465/5290/3659
f 3477/5304/3673 3465/5290/3659 3466/5291/3660
f 3478/5305/3674 3466/5291/3660 3467/5292/3661
f 3479/5306/3675 3467/5292/3661 3468/5293/3662
f 3480/5307/3676 3468/5293/3662 3413/5308/3677
f 3110/5309/3678 3108/5295/3664 3469/5296/3665
f 3481/5310/3679 3469/5296/3665 3470/5297/3666
f 3482/5311/3680 3470/5297/3666 3471/5298/3667
f 3483/5312/3681 3471/5298/3667 3472/5299/3668
f 3484/5313/3682 3472/5299/3668 3473/5300/3669
f 3485/5314/3683 3473/5300/3669 3474/5301/3670
f 3486/5315/3684 3474/5301/3670 3475/5302/3671
f 3487/5316/3685 3475/5302/3671 3476/5303/3672
f 3488/5317/3686 3476/5303/3672 3477/5304/3673
f 3489/5318/3687 3477/5304/3673 3478/5305/3674
f 3490/5319/3688 3478/5305/3674 3479/5306/3675
f 3491/5320/3689 3479/5306/3675 3480/5307/3676
f 3492/5321/3690 3480/5307/3676 3414/5322/3691
f 3112/5323/3692 3110/5309/3678 3481/5310/3679
f 3493/5324/3693 3481/5310/3679 3482/5311/3680
f 3494/5325/3694 3482/5311/3680 3483/5312/3681
f 3495/5326/3695 3483/5312/3681 3484/5313/3682
f 3496/5327/3696 3484/5313/3682 3485/5314/3683
f 3497/5328/3697 3485/5314/3683 3486/5315/3684
f 3498/5329/3698 3486/5315/3684 3487/5316/3685
f 3499/5330/3699 3487/5316/3685 3488/5317/3686
f 3500/5331/3700 3488/5317/3686 3489/5318/3687
f 3501/5332/3701 3489/5318/3687 3490/5319/3688
f 3502/5333/3702 3490/5319/3688 3491/5320/3689
f 3503/5334/3703 3491/5320/3689 3492/5321/3690
f 3504/5335/3704 3492/5321/3690 3415/5336/3705
f 3114/5337/3706 3112/5323/3692 3493/5324/3693
f 3505/5338/3707 3493/5324/3693 3494/5325/3694
f 3506/5339/3708 3494/5325/3694 3495/5326/3695
f 3507/5340/3709 3495/5326/3695 3496/5327/3696
f 3508/5341/3710 3496/5327/3696 3497/5328/3697
f 3509/5342/3711 3497/5328/3697 3498/5329/3698
f 3510/5343/3712 3498/5329/3698 3499/5330/3699
f 3511/5344/3713 3499/5330/3699 3500/5331/3700
f 3512/5345/3714 3500/5331/3700 3501/5332/3701
f 3513/5346/3715 3501/5332/3701 3502/5333/3702
f 3514/5347/3716 3502/5333/3702 3503/5334/3703
f 3515/5348/3717 3503/5334/3703 3504/5335/3704
f 3516/5349/3718 3504/5335/3704 3416/5350/3719
f 3116/5351/3720 3114/5337/3706 3505/5338/3707
f 3517/5352/3721 3505/5338/3707 3506/5339/3708
f 3518/5353/3722 3506/5339/3708 3507/5340/3709
f 3519/5354/3723 3507/5340/3709 3508/5341/3710
f 3520/5355/3724 3508/5341/3710 3509/5342/3711
f 3521/5356/3725 3509/5342/3711 3510/5343/3712
f 3522/5357/3726 3510/5343/3712 3511/5344/3713
f 3523/5358/3727 3511/5344/3713 3512/5345/3714
f 3524/5359/3728 3512/5345/3714 3513/5346/3715
f 3525/5360/3729 3513/5346/3715 3514/5347/3716
f 3526/5361/3730 3514/5347/3716 3515/5348/3717
f 3527/5362/3731 3515/5348/3717 3516/5349/3718
f 3528/5363/3732 3516/5349/3718 3417/5364/3733
f 3118/5365/3734 3116/5351/3720 3517/5352/3721
f 3529/5366/3735 3517/5352/3721 3518/5353/3722
f 3530/5367/3736 3518/5353/3722 3519/5354/3723
f 3531/5368/3737 3519/5354/3723 3520/5355/3724
f 3532/5369/3738 3520/5355/3724 3521/5356/3725
f 3533/5370/3739 3521/5356/3725 3522/5357/3726
f 3534/5371/3740 3522/5357/3726 3523/5358/3727
f 3535/5372/3741 3523/5358/3727 3524/5359/3728
f 3536/5373/3742 3524/5359/3728 3525/5360/3729
f 3537/5374/3743 3525/5360/3729 3526/5361/3730
f 3538/5375/3744 3526/5361/3730 3527/5362/3731
f 3539/5376/3745 3527/5362/3731 3528/5363/3732
f 3540/5377/3746 3528/5363/3732 3418/5378/3747
f 3120/5379/3748 3118/5365/3734 3529/5366/3735
f 3541/5380/3749 3529/5366/3735 3530/5367/3736
f 3542/5381/3750 3530/5367/3736 3531/5368/3737
f 3543/5382/3751 3531/5368/3737 3532/5369/3738
f 3544/5383/3752 3532/5369/3738 3533/5370/3739
f 3545/5384/3753 3533/5370/3739 3534/5371/3740
f 3546/5385/3754 3534/5371/3740 3535/5372/3741
f 3547/5386/3755 3535/5372/3741 3536/5373/3742
f 3548/5387/3756 3536/5373/3742 3537/5374/3743
f 3549/5388/3757 3537/5374/3743 3538/5375/3744
f 3550/5389/3758 3538/5375/3744 3539/5376/3745
f 3551/5390/3759 3539/5376/3745 3540/5377/3746
f 3552/5391/3760 3540/5377/3746 3419/5392/3761
f 3122/5393/3762 3120/5379/3748 3541/5380/3749
f 3553/5394/3763 3541/5380/3749 3542/5381/3750
f 3554/5395/3764 3542/5381/3750 3543/5382/3751
f 3555/5396/3765 3543/5382/3751 3544/5383/3752
f 3556/5397/3766 3544/5383/3752 3545/5384/3753
f 3557/5398/3767 3545/5384/3753 3546/5385/3754
f 3558/5399/3768 3546/5385/3754 3547/5386/3755
f 3559/5400/3769 3547/5386/3755 3548/5387/3756
f 3560/5401/3770 3548/5387/3756 3549/5388/3757
f 3561/5402/3771 3549/5388/3757 3550/5389/3758
f 3562/5403/3772 3550/5389/3758 3551/5390/3759
f 3563/5404/3773 3551/5390/3759 3552/5391/3760
f 3564/5405/3774 3552/5391/3760 3420/5406/3775
f 3124/5407/3776 3122/5393/3762 3553/5394/3763
f 3565/5408/3777 3553/5394/3763 3554/5395/3764
f 3566/5409/3778 3554/5395/3764 3555/5396/3765
f 3567/5410/3779 3555/5396/3765 3556/5397/3766
f 3568/5411/3780 3556/5397/3766 3557/5398/3767
f 3569/5412/3781 3557/5398/3767 3558/5399/3768
f 3570/5413/3782 3558/5399/3768 3559/5400/3769
f 3571/5414/3783 3559/5400/3769 3560/5401/3770
f 3572/5415/3784 3560/5401/3770 3561/5402/3771
f 3573/5416/3785 3561/5402/3771 3562/5403/3772
f 3574/5417/3786 3562/5403/3772 3563/5404/3773
f 3575/5418/3787 3563/5404/3773 3564/5405/3774
f 3576/5419/3788 3564/5405/3774 3421/5420/3789
f 3126/5421/3790 3124/5407/3776 3565/5408/3777
f 3577/5422/3791 3565/5408/3777 3566/5409/3778
f 3578/5423/3792 3566/5409/3778 3567/5410/3779
f 3579/5424/3793 3567/5410/3779 3568/5411/3780
f 3580/5425/3794 3568/5411/3780 3569/5412/3781
f 3581/5426/3795 3569/5412/3781 3570/5413/3782
f 3582/5427/3796 3570/5413/3782 3571/5414/3783
f 3583/5428/3797 3571/5414/3783 3572/5415/3784
f 3584/5429/3798 3572/5415/3784 3573/5416/3785
f 3585/5430/3799 3573/5416/3785 3574/5417/3786
f 3586/5431/3800 3574/5417/3786 3575/5418/3787
f 3587/5432/3801 3575/5418/3787 3576/5419/3788
f 3588/5433/3802 3576/5419/3788 3422/5434/3803
f 3128/5435/3804 3126/5421/3790 3577/5422/3791
f 3589/5436/3805 3577/5422/3791 3578/5423/3792
f 3590/5437/3806 3578/5423/3792 3579/5424/3793
f 3591/5438/3807 3579/5424/3793 3580/5425/3794
f 3592/5439/3808 3580/5425/3794 3581/5426/3795
f 3593/5440/3809 3581/5426/3795 3582/5427/3796
f 3594/5441/3810 3582/5427/3796 3583/5428/3797
f 3595/5442/3811 3583/5428/3797 3584/5429/3798
f 3596/5443/3812 3584/5429/3798 3585/5430/3799
f 3597/5444/3813 3585/5430/3799 3586/5431/3800
f 3598/5445/3814 3586/5431/3800 3587/5432/3801
f 3599/5446/3815 3587/5432/3801 3588/5433/3802
f 3600/5447/3816 3588/5433/3802 3423/5448/3817
f 3130/5449/3818 3128/5435/3804 3589/5436/3805
f 3601/5450/3819 3589/5436/3805 3590/5437/3806
f 3602/5451/3820 3590/5437/3806 3591/5438/3807
f 3603/5452/3821 3591/5438/3807 3592/5439/3808
f 3604/5453/3822 3592/5439/3808 3593/5440/3809
f 3605/5454/3823 3593/5440/3809 3594/5441/3810
f 3606/5455/3824 3594/5441/3810 3595/5442/3811
f 3607/5456/3825 3595/5442/3811 3596/5443/3812
f 3608/5457/3826 3596/5443/3812 3597/5444/3813
f 3609/5458/3827 3597/5444/3813 3598/5445/3814
f 3610/5459/3828 3598/5445/3814 3599/5446/3815
f 3611/5460/3829 3599/5446/3815 3600/5447/3816
f 3612/5461/3830 3600/5447/3816 3424/5462/3831
f 3132/5463/3832 3130/5449/3818 3601/5450/3819
f 3613/5464/3833 3601/5450/3819 3602/5451/3820
f 3614/5465/3834 3602/5451/3820 3603/5452/3821
f 3615/5466/3835 3603/5452/3821 3604/5453/3822
f 3616/5467/3836 3604/5453/3822 3605/5454/3823
f 3617/5468/3837 3605/5454/3823 3606/5455/3824
f 3618/5469/3838 3606/5455/3824 3607/5456/3825
f 3619/5470/3839 3607/5456/3825 3608/5457/3826
f 3620/5471/3840 3608/5457/3826 3609/5458/3827
f 3621/5472/3841 3609/5458/3827 3610/5459/3828
f 3622/5473/3842 3610/5459/3828 3611/5460/3829
f 3623/5474/3843 3611/5460/3829 3612/5461/3830
f 3624/5475/3844 3612/5461/3830 3425/5476/3845
f 3134/5477/3846 3132/5463/3832 3613/5464/3833
f 3625/5478/3847 3613/5464/3833 3614/5465/3834
f 3626/5479/3848 3614/5465/3834 3615/5466/3835
f 3627/5480/3849 3615/5466/3835 3616/5467/3836
f 3628/5481/3850 3616/5467/3836 3617/5468/3837
f 3629/5482/3851 3617/5468/3837 3618/5469/3838
f 3630/5483/3852 3618/5469/3838 3619/5470/3839
f 3631/5484/3853 3619/5470/3839 3620/5471/3840
f 3632/5485/3854 3620/5471/3840 3621/5472/3841
f 3633/5486/3855 3621/5472/3841 3622/5473/3842
f 3634/5487/3856 3622/5473/3842 3623/5474/3843
f 3635/5488/3857 3623/5474/3843 3624/5475/3844
f 3636/5489/3858 3624/5475/3844 3426/5490/3859
f 3136/5491/3860 3134/5477/3846 3625/5478/3847
f 3637/5492/3861 3625/5478/3847 3626/5479/3848
f 3638/5493/3862 3626/5479/3848 3627/5480/3849
f 3639/5494/3863 3627/5480/3849 3628/5481/3850
f 3640/5495/3864 3628/5481/3850 3629/5482/3851
f 3641/5496/3865 3629/5482/3851 3630/5483/3852
f 3642/5497/3866 3630/5483/3852 3631/5484/3853
f 3643/5498/3867 3631/5484/3853 3632/5485/3854
f 3644/5499/3868 3632/5485/3854 3633/5486/3855
f 3645/5500/3869 3633/5486/3855 3634/5487/3856
f 3646/5501/3870 3634/5487/3856 3635/5488/3857
f 3647/5502/3871 3635/5488/3857 3636/5489/3858
f 3648/5503/3872 3636/5489/3858 3427/5504/3873
f 3138/5505/3874 3136/5491/3860 3637/5492/3861
f 3649/5506/3875 3637/5492/3861 3638/5493/3862
f 3650/5507/3876 3638/5493/3862 3639/5494/3863
f 3651/5508/3877 3639/5494/3863 3640/5495/3864
f 3652/5509/3878 3640/5495/3864 3641/5496/3865
f 3653/5510/3879 3641/5496/3865 3642/5497/3866
f 3654/5511/3880 3642/5497/3866 3643/5498/3867
f 3655/5512/3881 3643/5498/3867 3644/5499/3868
f 3656/5513/3882 3644/5499/3868 3645/5500/3869
f 3657/5514/3883 3645/5500/3869 3646/5501/3870
f 3658/5515/3884 3646/5501/3870 3647/5502/3871
f 3659/5516/3885 3647/5502/3871 3648/5503/3872
f 3660/5517/3886 3648/5503/3872 3428/5518/3887
f 3140/5519/3888 3138/5505/3874 3649/5506/3875
f 3661/5520/3889 3649/5506/3875 3650/5507/3876
f 3662/5521/3890 3650/5507/3876 3651/5508/3877
f 3663/5522/3891 3651/5508/3877 3652/5509/3878
f 3664/5523/3892 3652/5509/3878 3653/5510/3879
f 3665/5524/3893 3653/5510/3879 3654/5511/3880
f 3666/5525/3894 3654/5511/3880 3655/5512/3881
f 3667/5526/3895 3655/5512/3881 3656/5513/3882
f 3668/5527/3896 3656/5513/3882 3657/5514/3883
f 3669/5528/3897 3657/5514/3883 3658/5515/3884
f 3670/5529/3898 3658/5515/3884 3659/5516/3885
f 3671/5530/3899 3659/5516/3885 3660/5517/3886
f 3672/5531/3900 3660/5517/3886 3429/5532/3901
f 3142/5533/3902 3140/5519/3888 3661/5520/3889
f 3673/5534/3903 3661/5520/3889 3662/5521/3890
f 3674/5535/3904 3662/5521/3890 3663/5522/3891
f 3675/5536/3905 3663/5522/3891 3664/5523/3892
f 3676/5537/3906 3664/5523/3892 3665/5524/3893
f 3677/5538/3907 3665/5524/3893 3666/5525/3894
f 3678/5539/3908 3666/5525/3894 3667/5526/3895
f 3679/5540/3909 3667/5526/3895 3668/5527/3896
f 3680/5541/3910 3668/5527/3896 3669/5528/3897
f 3681/5542/3911 3669/5528/3897 3670/5529/3898
f 3682/5543/3912 3670/5529/3898 3671/5530/3899
f 3683/5544/3913 3671/5530/3899 3672/5531/3900
f 3684/5545/3914 3672/5531/3900 3430/5546/3915
f 3144/5547/3916 3142/5533/3902 3673/5534/3903
f 3685/5548/3917 3673/5534/3903 3674/5535/3904
f 3686/5549/3918 3674/5535/3904 3675/5536/3905
f 3687/5550/3919 3675/5536/3905 3676/5537/3906
f 3688/5551/3920 3676/5537/3906 3677/5538/3907
f 3689/5552/3921 3677/5538/3907 3678/5539/3908
f 3690/5553/3922 3678/5539/3908 3679/5540/3909
f 3691/5554/3923 3679/5540/3909 3680/5541/3910
f 3692/5555/3924 3680/5541/3910 3681/5542/3911
f 3693/5556/3925 3681/5542/3911 3682/5543/3912
f 3694/5557/3926 3682/5543/3912 3683/5544/3913
f 3695/5558/3927 3683/5544/3913 3684/5545/3914
f 3696/5559/3928 3684/5545/3914 3431/5560/3929
f 3146/5561/3930 3696/5559/3928 3432/5562/3931
f 3146/5563/3930 3695/5558/3927 3696/5559/3928
f 3146/5564/3930 3694/5557/3926 3695/5558/3927
f 3146/5565/3930 3693/5556/3925 3694/5557/3926
f 3146/5566/3930 3692/5555/3924 3693/5556/3925
f 3146/5567/3930 3691/5554/3923 3692/5555/3924
f 3146/5568/3930 3690/5553/3922 3691/5554/3923
f 3146/5569/3930 3689/5552/3921 3690/5553/3922
f 3146/5570/3930 3688/5551/3920 3689/5552/3921
f 3146/5571/3930 3687/5550/3919 3688/5551/3920
f 3146/5572/3930 3686/5549/3918 3687/5550/3919
f 3146/5573/3930 3685/5548/3917 3686/5549/3918
f 3146/5574/3930 3144/5547/3916 3685/5548/3917
f 3431/5560/3929 3432/5562/3931 3696/5559/3928
f 3684/5545/3914 3696/5559/3928 3695/5558/3927
f 3683/5544/3913 3695/5558/3927 3694/5557/3926
f 3682/5543/3912 3694/5557/3926 3693/5556/3925
f 3681/5542/3911 3693/5556/3925 3692/5555/3924
f 3680/5541/3910 3692/5555/3924 3691/5554/3923
f 3679/5540/3909 3691/5554/3923 3690/5553/3922
f 3678/5539/3908 3690/5553/3922 3689/5552/3921
f 3677/5538/3907 3689/5552/3921 3688/5551/3920
f 3676/5537/3906 3688/5551/3920 3687/5550/3919
f 3675/5536/3905 3687/5550/3919 3686/5549/3918
f 3674/5535/3904 3686/5549/3918 3685/5548/3917
f 3673/5534/3903 3685/5548/3917 3144/5547/3916
f 3430/5546/3915 3431/5560/3929 3684/5545/3914
f 3672/5531/3900 3684/5545/3914 3683/5544/3913
f 3671/5530/3899 3683/5544/3913 3682/5543/3912
f 3670/5529/3898 3682/5543/3912 3681/5542/3911
f 3669/5528/3897 3681/5542/3911 3680/5541/3910
f 3668/5527/3896 3680/5541/3910 3679/5540/3909
f 3667/5526/3895 3679/5540/3909 3678/5539/3908
f 3666/5525/3894 3678/5539/3908 3677/5538/3907
f 3665/5524/3893 3677/5538/3907 3676/5537/3906
f 3664/5523/3892 3676/5537/3906 3675/5536/3905
f 3663/5522/3891 3675/5536/3905 3674/5535/3904
f 3662/5521/3890 3674/5535/3904 3673/5534/3903
f 3661/5520/3889 3673/5534/3903 3142/5533/3902
f 3429/5532/3901 3430/5546/3915 3672/5531/3900
f 3660/5517/3886 3672/5531/3900 3671/5530/3899
f 3659/5516/3885 3671/5530/3899 3670/5529/3898
f 3658/5515/3884 3670/5529/3898 3669/5528/3897
f 3657/5514/3883 3669/5528/3897 3668/5527/3896
f 3656/5513/3882 3668/5527/3896 3667/5526/3895
f 3655/5512/3881 3667/5526/3895 3666/5525/3894
f 3654/5511/3880 3666/5525/3894 3665/5524/3893
f 3653/5510/3879 3665/5524/3893 3664/5523/3892
f 3652/5509/3878 3664/5523/3892 3663/5522/3891
f 3651/5508/3877 3663/5522/3891 3662/5521/3890
f 3650/5507/3876 3662/5521/3890 3661/5520/3889
f 3649/5506/3875 3661/5520/3889 3140/5519/3888
f 3428/5518/3887 3429/5532/3901 3660/5517/3886
f 3648/5503/3872 3660/5517/3886 3659/5516/3885
f 3647/5502/3871 3659/5516/3885 3658/5515/3884
f 3646/5501/3870 3658/5515/3884 3657/5514/3883
f 3645/5500/3869 3657/5514/3883 3656/5513/3882
f 3644/5499/3868 3656/5513/3882 3655/5512/3881
f 3643/5498/3867 3655/5512/3881 3654/5511/3880
f 3642/5497/3866 3654/5511/3880 3653/5510/3879
f 3641/5496/3865 3653/5510/3879 3652/5509/3878
f 3640/5495/3864 3652/5509/3878 3651/5508/3877
f 3639/5494/3863 3651/5508/3877 3650/5507/3876
f 3638/5493/3862 3650/5507/3876 3649/5506/3875
f 3637/5492/3861 3649/5506/3875 3138/5505/3874
f 3427/5504/3873 3428/5518/3887 3648/5503/3872
f 3636/5489/3858 3648/5503/3872 3647/5502/3871
f 3635/5488/3857 3647/5502/3871 3646/5501/3870
f 3634/5487/3856 3646/5501/3870 3645/5500/3869
f 3633/5486/3855 3645/5500/3869 3644/5499/3868
f 3632/5485/3854 3644/5499/3868 3643/5498/3867
f 3631/5484/3853 3643/5498/3867 3642/5497/3866
f 3630/5483/3852 3642/5497/3866 3641/5496/3865
f 3629/5482/3851 3641/5496/3865 3640/5495/3864
f 3628/5481/3850 3640/5495/3864 3639/5494/3863
f 3627/5480/3849 3639/5494/3863 3638/5493/3862
f 3626/5479/3848 3638/5493/3862 3637/5492/3861
f 3625/5478/3847 3637/5492/3861 3136/5491/3860
f 3426/5490/3859 3427/5504/3873 3636/5489/3858
f 3624/5475/3844 3636/5489/3858 3635/5488/3857
f 3623/5474/3843 3635/5488/3857 3634/5487/3856
f 3622/5473/3842 3634/5487/3856 3633/5486/3855
f 3621/5472/3841 3633/5486/3855 3632/5485/3854
f 3620/5471/3840 3632/5485/3854 3631/5484/3853
f 3619/5470/3839 3631/5484/3853 3630/5483/3852
f 3618/5469/3838 3630/5483/3852 3629/5482/3851
f 3617/5468/3837 3629/5482/3851 3628/5481/3850
f 3616/5467/3836 3628/5481/3850 3627/5480/3849
f 3615/5466/3835 3627/5480/3849 3626/5479/3848
f 3614/5465/3834 3626/5479/3848 3625/5478/3847
f 3613/5464/3833 3625/5478/3847 3134/5477/3846
f 3425/5476/3845 3426/5490/3859 3624/5475/3844
f 3612/5461/3830 3624/5475/3844 3623/5474/3843
f 3611/5460/3829 3623/5474/3843 3622/5473/3842
f 3610/5459/3828 3622/5473/3842 3621/5472/3841
f 3609/5458/3827 3621/5472/3841 3620/5471/3840
f 3608/5457/3826 3620/5471/3840 3619/5470/3839
f 3607/5456/3825 3619/5470/3839 3618/5469/3838
f 3606/5455/3824 3618/5469/3838 3617/5468/3837
f 3605/5454/3823 3617/5468/3837 3616/5467/3836
f 3604/5453/3822 3616/5467/3836 3615/5466/3835
f 3603/5452/3821 3615/5466/3835 3614/5465/3834
f 3602/5451/3820 3614/5465/3834 3613/5464/3833
f 3601/5450/3819 3613/5464/3833 3132/5463/3832
f 3424/5462/3831 3425/5476/3845 3612/5461/3830
f 3600/5447/3816 3612/5461/3830 3611/5460/3829
f 3599/5446/3815 3611/5460/3829 3610/5459/3828
f 3598/5445/3814 3610/5459/3828 3609/5458/3827
f 3597/5444/3813 3609/5458/3827 3608/5457/3826
f 3596/5443/3812 3608/5457/3826 3607/5456/3825
f 3595/5442/3811 3607/5456/3825 3606/5455/3824
f 3594/5441/3810 3606/5455/3824 3605/5454/3823
f 3593/5440/3809 3605/5454/3823 3604/5453/3822
f 3592/5439/3808 3604/5453/3822 3603/5452/3821
f 3591/5438/3807 3603/5452/3821 3602/5451/3820
f 3590/5437/3806 3602/5451/3820 3601/5450/3819
f 3589/5436/3805 3601/5450/3819 3130/5449/3818
f 3423/5448/3817 3424/5462/3831 3600/5447/3816
f 3588/5433/3802 3600/5447/3816 3599/5446/3815
f 3587/5432/3801 3599/5446/3815 3598/5445/3814
f 3586/5431/3800 3598/5445/3814 3597/5444/3813
f 3585/5430/3799 3597/5444/3813 3596/5443/3812
f 3584/5429/3798 3596/5443/3812 3595/5442/3811
f 3583/5428/3797 3595/5442/3811 3594/5441/3810
f 3582/5427/3796 3594/5441/3810 3593/5440/3809
f 3581/5426/3795 3593/5440/3809 3592/5439/3808
f 3580/5425/3794 3592/5439/3808 3591/5438/3807
f 3579/5424/3793 3591/5438/3807 3590/5437/3806
f 3578/5423/3792 3590/5437/3806 3589/5436/3805
f 3577/5422/3791 3589/5436/3805 3128/5435/3804
f 3422/5434/3803 3423/5448/3817 3588/5433/3802
f 3576/5419/3788 3588/5433/3802 3587/5432/3801
f 3575/5418/3787 3587/5432/3801 3586/5431/3800
f 3574/5417/3786 3586/5431/3800 3585/5430/3799
f 3573/5416/3785 3585/5430/3799 3584/5429/3798
f 3572/5415/3784 3584/5429/3798 3583/5428/3797
f 3571/5414/3783 3583/5428/3797 3582/5427/3796
f 3570/5413/3782 3582/5427/3796 3581/5426/3795
f 3569/5412/3781 3581/5426/3795 3580/5425/3794
f 3568/5411/3780 3580/5425/3794 3579/5424/3793
f 3567/5410/3779 3579/5424/3793 3578/5423/3792
f 3566/5409/3778 3578/5423/3792 3577/5422/3791
f 3565/5408/3777 3577/5422/3791 3126/5421/3790
f 3421/5420/3789 3422/5434/3803 3576/5419/3788
f 3564/5405/3774 3576/5419/3788 3575/5418/3787
f 3563/5404/3773 3575/5418/3787 3574/5417/3786
f 3562/5403/3772 3574/5417/3786 3573/5416/3785
f 3561/5402/3771 3573/5416/3785 3572/5415/3784
f 3560/5401/3770 3572/5415/3784 3571/5414/3783
f 3559/5400/3769 3571/5414/3783 3570/5413/3782
f 3558/5399/3768 3570/5413/3782 3569/5412/3781
f 3557/5398/3767 3569/5412/3781 3568/5411/3780
f 3556/5397/3766 3568/5411/3780 3567/5410/3779
f 3555/5396/3765 3567/5410/3779 3566/5409/3778
f 3554/5395/3764 3566/5409/3778 3565/5408/3777
f 3553/5394/3763 3565/5408/3777 3124/5407/3776
f 3420/5406/3775 3421/5420/3789 3564/5405/3774
f 3552/5391/3760 3564/5405/3774 3563/5404/3773
f 3551/5390/3759 3563/5404/3773 3562/5403/3772
f 3550/5389/3758 3562/5403/3772 3561/5402/3771
f 3549/5388/3757 3561/5402/3771 3560/5401/3770
f 3548/5387/3756 3560/5401/3770 3559/5400/3769
f 3547/5386/3755 3559/5400/3769 3558/5399/3768
f 3546/5385/3754 3558/5399/3768 3557/5398/3767
f 3545/5384/3753 3557/5398/3767 3556/5397/3766
f 3544/5383/3752 3556/5397/3766 3555/5396/3765
f 3543/5382/3751 3555/5396/3765 3554/5395/3764
f 3542/5381/3750 3554/5395/3764 3553/5394/3763
f 3541/5380/3749 3553/5394/3763 3122/5393/3762
f 3419/5392/3761 3420/5406/3775 3552/5391/3760
f 3540/5377/3746 3552/5391/3760 3551/5390/3759
f 3539/5376/3745 3551/5390/3759 3550/5389/3758
f 3538/5375/3744 3550/5389/3758 3549/5388/3757
f 3537/5374/3743 3549/5388/3757 3548/5387/3756
f 3536/5373/3742 3548/5387/3756 3547/5386/3755
f 3535/5372/3741 3547/5386/3755 3546/5385/3754
f 3534/5371/3740 3546/5385/3754 3545/5384/3753
f 3533/5370/3739 3545/5384/3753 3544/5383/3752
f 3532/5369/3738 3544/5383/3752 3543/5382/3751
f 3531/5368/3737 3543/5382/3751 3542/5381/3750
f 3530/5367/3736 3542/5381/3750 3541/5380/3749
f 3529/5366/3735 3541/5380/3749 3120/5379/3748
f 3418/5378/3747 3419/5392/3761 3540/5377/3746
f 3528/5363/3732 3540/5377/3746 3539/5376/3745
f 3527/5362/3731 3539/5376/3745 3538/5375/3744
f 3526/5361/3730 3538/5375/3744 3537/5374/3743
f 3525/5360/3729 3537/5374/3743 3536/5373/3742
f 3524/5359/3728 3536/5373/3742 3535/5372/3741
f 3523/5358/3727 3535/5372/3741 3534/5371/3740
f 3522/5357/3726 3534/5371/3740 3533/5370/3739
f 3521/5356/3725 3533/5370/3739 3532/5369/3738
f 3520/5355/3724 3532/5369/3738 3531/5368/3737
f 3519/5354/3723 3531/5368/3737 3530/5367/3736
f 3518/5353/3722 3530/5367/3736 3529/5366/3735
f 3517/5352/3721 3529/5366/3735 3118/5365/3734
f 3417/5364/3733 3418/5378/3747 3528/5363/3732
f 3516/5349/3718 3528/5363/3732 3527/5362/3731
f 3515/5348/3717 3527/5362/3731 3526/5361/3730
f 3514/5347/3716 3526/5361/3730 3525/5360/3729
f 3513/5346/3715 3525/5360/3729 3524/5359/3728
f 3512/5345/3714 3524/5359/3728 3523/5358/3727
f 3511/5344/3713 3523/5358/3727 3522/5357/3726
f 3510/5343/3712 3522/5357/3726 3521/5356/3725
f 3509/5342/3711 3521/5356/3725 3520/5355/3724
f 3508/5341/3710 3520/5355/3724 3519/5354/3723
f 3507/5340/3709 3519/5354/3723 3518/5353/3722
f 3506/5339/3708 3518/5353/3722 3517/5352/3721
f 3505/5338/3707 3517/5352/3721 3116/5351/3720
f 3416/5350/3719 3417/5364/3733 3516/5349/3718
f 3504/5335/3704 3516/5349/3718 3515/5348/3717
f 3503/5334/3703 3515/5348/3717 3514/5347/3716
f 3502/5333/3702 3514/5347/3716 3513/5346/3715
f 3501/5332/3701 3513/5346/3715 3512/5345/3714
f 3500/5331/3700 3512/5345/3714 3511/5344/3713
f 3499/5330/3699 3511/5344/3713 3510/5343/3712
f 3498/5329/3698 3510/5343/3712 3509/5342/3711
f 3497/5328/3697 3509/5342/3711 3508/5341/3710
f 3496/5327/3696 3508/5341/3710 3507/5340/3709
f 3495/5326/3695 3507/5340/3709 3506/5339/3708
f 3494/5325/3694 3506/5339/3708 3505/5338/3707
f 3493/5324/3693 3505/5338/3707 3114/5337/3706
f 3415/5336/3705 3416/5350/3719 3504/5335/3704
f 3492/5321/3690 3504/5335/3704 3503/5334/3703
f 3491/5320/3689 3503/5334/3703 3502/5333/3702
f 3490/5319/3688 3502/5333/3702 3501/5332/3701
f 3489/5318/3687 3501/5332/3701 3500/5331/3700
f 3488/5317/3686 3500/5331/3700 3499/5330/3699
f 3487/5316/3685 3499/5330/3699 3498/5329/3698
f 3486/5315/3684 3498/5329/3698 3497/5328/3697
f 3485/5314/3683 3497/5328/3697 3496/5327/3696
f 3484/5313/3682 3496/5327/3696 3495/5326/3695
f 3483/5312/3681 3495/5326/3695 3494/5325/3694
f 3482/5311/3680 3494/5325/3694 3493/5324/3693
f 3481/5310/3679 3493/5324/3693 3112/5323/3692
f 3414/5322/3691 3415/5336/3705 3492/5321/3690
f 3480/5307/3676 3492/5321/3690 3491/5320/3689
f 3479/5306/3675 3491/5320/3689 3490/5319/3688
f 3478/5305/3674 3490/5319/3688 3489/5318/3687
f 3477/5304/3673 3489/5318/3687 3488/5317/3686
f 3476/5303/3672 3488/5317/3686 3487/5316/3685
f 3475/5302/3671 3487/5316/3685 3486/5315/3684
f 3474/5301/3670 3486/5315/3684 3485/5314/3683
f 3473/5300/3669 3485/5314/3683 3484/5313/3682
f 3472/5299/3668 3484/5313/3682 3483/5312/3681
f 3471/5298/3667 3483/5312/3681 3482/5311/3680
f 3470/5297/3666 3482/5311/3680 3481/5310/3679
f 3469/5296/3665 3481/5310/3679 3110/5309/3678
f 3413/5308/3677 3414/5322/3691 3480/5307/3676
f 3468/5293/3662 3480/5307/3676 3479/5306/3675
f 3467/5292/3661 3479/5306/3675 3478/5305/3674
f 3466/5291/3660 3478/5305/3674 3477/5304/3673
f 3465/5290/3659 3477/5304/3673 3476/5303/3672
f 3464/5289/3658 3476/5303/3672 3475/5302/3671
f 3463/5288/3657 3475/5302/3671 3474/5301/3670
f 3462/5287/3656 3474/5301/3670 3473/5300/3669
f 3461/5286/3655 3473/5300/3669 3472/5299/3668
f 3460/5285/3654 3472/5299/3668 3471/5298/3667
f 3459/5284/3653 3471/5298/3667 3470/5297/3666
f 3458/5283/3652 3470/5297/3666 3469/5296/3665
f 3457/5282/3651 3469/5296/3665 3108/5295/3664
f 3412/5294/3663 3413/5308/3677 3468/5293/3662
f 3456/5280/3649 3468/5293/3662 3467/5292/3661
f 3455/5279/3648 3467/5292/3661 3466/5291/3660
f 3454/5278/3647 3466/5291/3660 3465/5290/3659
f 3453/5277/3646 3465/5290/3659 3464/5289/3658
f 3452/5276/3645 3464/5289/3658 3463/5288/3657
f 3451/5275/3644 3463/5288/3657 3462/5287/3656
f 3450/5274/3643 3462/5287/3656 3461/5286/3655
f 3449/5273/3642 3461/5286/3655 3460/5285/3654
f 3448/5272/3641 3460/5285/3654 3459/5284/3653
f 3447/5271/3640 3459/5284/3653 3458/5283/3652
f 3446/5270/3639 3458/5283/3652 3457/5282/3651
f 3445/5269/3638 3457/5282/3651 3106/5281/3650
f 3411/5265/3634 3412/5294/3663 3456/5280/3649
f 3444/5261/3630 3456/5280/3649 3455/5279/3648
f 3443/5259/3628 3455/5279/3648 3454/5278/3647
f 3442/5255/3624 3454/5278/3647 3453/5277/3646
f 3441/5250/3619 3453/5277/3646 3452/5276/3645
f 3440/5246/3615 3452/5276/3645 3451/5275/3644
f 3439/5244/3613 3451/5275/3644 3450/5274/3643
f 3438/5240/3609 3450/5274/3643 3449/5273/3642
f 3437/5237/3606 3449/5273/3642 3448/5272/3641
f 3436/5231/3600 3448/5272/3641 3447/5271/3640
f 3435/5227/3596 3447/5271/3640 3446/5270/3639
f 3434/5225/3594 3446/5270/3639 3445/5269/3638
f 3433/5222/3591 3445/5269/3638 3104/5268/3637
f 3067/5266/3635 3066/5575/3932 3411/5265/3634
f 3069/5264/3633 3068/5267/3636 3444/5261/3630
f 3072/5258/3627 3071/5263/3632 3443/5259/3628
f 3075/5254/3623 3074/5260/3629 3442/5255/3624
f 3079/5251/3620 3077/5256/3625 3441/5250/3619
f 3080/5249/3618 3078/5252/3621 3440/5246/3615
f 3083/5243/3612 3082/5248/3617 3439/5244/3613
f 3086/5239/3608 3085/5245/3614 3438/5240/3609
f 3090/5236/3605 3088/5241/3610 3437/5237/3606
f 3091/5234/3603 3089/5235/3604 3436/5231/3600
f 3094/5230/3599 3093/5233/3602 3435/5227/3596
f 3097/5224/3593 3096/5229/3598 3434/5225/3594
f 3100/5221/3590 3099/5226/3595 3433/5222/3591
f 3697/5576/3933 3411/5577/3933 3698/5578/3932
f 3698/5578/3932 3699/5579/3932 3697/5576/3933
f 3411/5577/3933 3066/5580/3932 3698/5578/3932
f 3411/5577/3933 3697/5576/3933 3700/5581/3934
f 3412/5582/3934 3700/5581/3934 3701/5583/3935
f 3413/5584/3935 3701/5583/3935 3702/5585/3936
f 3414/5586/3936 3702/5585/3936 3703/5587/3937
f 3415/5588/3937 3703/5587/3937 3704/5589/3938
f 3416/5590/3938 3704/5589/3938 3705/5591/3939
f 3417/5592/3939 3705/5591/3939 3706/5593/3940
f 3418/5594/3940 3706/5593/3940 3707/5595/3941
f 3419/5596/3941 3707/5595/3941 3708/5597/3942
f 3420/5598/3942 3708/5597/3942 3709/5599/3943
f 3421/5600/3943 3709/5599/3943 3710/5601/3944
f 3422/5602/3944 3710/5601/3944 3711/5603/3945
f 3423/5604/3945 3711/5603/3945 3712/5605/3946
f 3424/5606/3946 3712/5605/3946 3713/5607/3947
f 3425/5608/3947 3713/5607/3947 3714/5609/3948
f 3426/5610/3948 3714/5609/3948 3715/5611/3949
f 3427/5612/3949 3715/5611/3949 3716/5613/3950
f 3428/5614/3950 3716/5613/3950 3717/5615/3951
f 3429/5616/3951 3717/5615/3951 3718/5617/3952
f 3430/5618/3952 3718/5617/3952 3719/5619/3953
f 3431/5620/3953 3719/5619/3953 3720/5621/3954
f 3432/5622/3954 3720/5621/3954 2707/5623/3955
f 2707/5623/3955 3146/5624/3955 3432/5622/3954
f 3720/5621/3954 3432/5622/3954 3431/5620/3953
f 3719/5619/3953 3431/5620/3953 3430/5618/3952
f 3718/5617/3952 3430/5618/3952 3429/5616/3951
f 3717/5615/3951 3429/5616/3951 3428/5614/3950
f 3716/5613/3950 3428/5614/3950 3427/5612/3949
f 3715/5611/3949 3427/5612/3949 3426/5610/3948
f 3714/5609/3948 3426/5610/3948 3425/5608/3947
f 3713/5607/3947 3425/5608/3947 3424/5606/3946
f 3712/5605/3946 3424/5606/3946 3423/5604/3945
f 3711/5603/3945 3423/5604/3945 3422/5602/3944
f 3710/5601/3944 3422/5602/3944 3421/5600/3943
f 3709/5599/3943 3421/5600/3943 3420/5598/3942
f 3708/5597/3942 3420/5598/3942 3419/5596/3941
f 3707/5595/3941 3419/5596/3941 3418/5594/3940
f 3706/5593/3940 3418/5594/3940 3417/5592/3939
f 3705/5591/3939 3417/5592/3939 3416/5590/3938
f 3704/5589/3938 3416/5590/3938 3415/5588/3937
f 3703/5587/3937 3415/5588/3937 3414/5586/3936
f 3702/5585/3936 3414/5586/3936 3413/5584/3935
f 3701/5583/3935 3413/5584/3935 3412/5582/3934
f 3700/5581/3934 3412/5582/3934 3411/5577/3933
f 3699/5579/3932 2742/5625/3956 3697/5576/3933
f 3697/5626/3957 2742/5627/3956 2741/5628/3958
f 2741/5628/3958 3721/5629/3959 3697/5626/3957
f 3721/5629/3959 2739/5630/3960 2738/5631/3961
f 2738/5631/3961 3722/5632/3962 3721/5629/3959
f 3721/5629/3959 2740/5633/3963 2739/5630/3960
f 3723/5634/3964 3722/5632/3962 2736/5635/3965
f 3722/5632/3962 2737/5636/3966 2736/5635/3965
f 2736/5635/3965 2735/5637/3967 3723/5634/3964
f 3724/5638/3968 3723/5634/3964 2733/5639/3969
f 3723/5634/3964 2734/5640/3970 2733/5639/3969
f 2733/5639/3969 2732/5641/3971 3724/5638/3968
f 3724/5638/3968 2730/5642/3972 2731/5643/3973
f 2731/5643/3973 3725/5644/3974 3724/5638/3968
f 3725/5644/3974 2728/5645/3975 2727/5646/3976
f 2727/5646/3976 3726/5647/3977 3725/5644/3974
f 3725/5644/3974 2729/5648/3978 2728/5645/3975
f 3726/5647/3977 2725/5649/3979 2724/5650/3980
f 2724/5650/3980 3727/5651/3981 3726/5647/3977
f 3726/5647/3977 2726/5652/3982 2725/5649/3979
f 3728/5653/3983 3727/5651/3981 2722/5654/3984
f 3727/5651/3981 2723/5655/3985 2722/5654/3984
f 2722/5654/3984 2721/5656/3986 3728/5653/3983
f 3729/5657/3987 3728/5653/3983 2720/5658/3988
f 3728/5653/3983 2719/5659/3989 2720/5658/3988
f 3729/5657/3987 2717/5660/3990 2716/5661/3991
f 2716/5661/3991 3730/5662/3992 3729/5657/3987
f 3729/5657/3987 2718/5663/3993 2717/5660/3990
f 3730/5662/3992 2714/5664/3994 2713/5665/3995
f 2713/5665/3995 3731/5666/3996 3730/5662/3992
f 3730/5662/3992 2715/5667/3997 2714/5664/3994
f 3732/5668/3998 3731/5666/3996 2711/5669/3999
f 3731/5666/3996 2712/5670/4000 2711/5669/3999
f 2711/5669/3999 2710/5671/4001 3732/5668/3998
f 2685/5672/4002 3732/5668/3998 2708/5673/4003
f 3732/5668/3998 2709/5674/4004 2708/5673/4003
f 3700/5675/4005 3697/5626/3957 3721/5629/3959
f 3733/5676/4006 3721/5629/3959 3722/5632/3962
f 3734/5677/4007 3722/5632/3962 3723/5634/3964
f 3735/5678/4008 3723/5634/3964 3724/5638/3968
f 3736/5679/4009 3724/5638/3968 3725/5644/3974
f 3737/5680/4010 3725/5644/3974 3726/5647/3977
f 3738/5681/4011 3726/5647/3977 3727/5651/3981
f 3739/5682/4012 3727/5651/3981 3728/5653/3983
f 3740/5683/4013 3728/5653/3983 3729/5657/3987
f 3741/5684/4014 3729/5657/3987 3730/5662/3992
f 3742/5685/4015 3730/5662/3992 3731/5666/3996
f 3743/5686/4016 3731/5666/3996 3732/5668/3998
f 3744/5687/4017 3732/5668/3998 2685/5672/4002
f 3701/5688/4018 3700/5675/4005 3733/5676/4006
f 3745/5689/4019 3733/5676/4006 3734/5677/4007
f 3746/5690/4020 3734/5677/4007 3735/5678/4008
f 3747/5691/4021 3735/5678/4008 3736/5679/4009
f 3748/5692/4022 3736/5679/4009 3737/5680/4010
f 3749/5693/4023 3737/5680/4010 3738/5681/4011
f 3750/5694/4024 3738/5681/4011 3739/5682/4012
f 3751/5695/4025 3739/5682/4012 3740/5683/4013
f 3752/5696/4026 3740/5683/4013 3741/5684/4014
f 3753/5697/4027 3741/5684/4014 3742/5685/4015
f 3754/5698/4028 3742/5685/4015 3743/5686/4016
f 3755/5699/4029 3743/5686/4016 3744/5687/4017
f 3756/5700/4030 3744/5687/4017 2686/5701/4031
f 3702/5702/4032 3701/5688/4018 3745/5689/4019
f 3757/5703/4033 3745/5689/4019 3746/5690/4020
f 3758/5704/4034 3746/5690/4020 3747/5691/4021
f 3759/5705/4035 3747/5691/4021 3748/5692/4022
f 3760/5706/4036 3748/5692/4022 3749/5693/4023
f 3761/5707/4037 3749/5693/4023 3750/5694/4024
f 3762/5708/4038 3750/5694/4024 3751/5695/4025
f 3763/5709/4039 3751/5695/4025 3752/5696/4026
f 3764/5710/4040 3752/5696/4026 3753/5697/4027
f 3765/5711/4041 3753/5697/4027 3754/5698/4028
f 3766/5712/4042 3754/5698/4028 3755/5699/4029
f 3767/5713/4043 3755/5699/4029 3756/5700/4030
f 3768/5714/4044 3756/5700/4030 2687/5715/4045
f 3703/5716/4046 3702/5702/4032 3757/5703/4033
f 3769/5717/4047 3757/5703/4033 3758/5704/4034
f 3770/5718/4048 3758/5704/4034 3759/5705/4035
f 3771/5719/4049 3759/5705/4035 3760/5706/4036
f 3772/5720/4050 3760/5706/4036 3761/5707/4037
f 3773/5721/4051 3761/5707/4037 3762/5708/4038
f 3774/5722/4052 3762/5708/4038 3763/5709/4039
f 3775/5723/4053 3763/5709/4039 3764/5710/4040
f 3776/5724/4054 3764/5710/4040 3765/5711/4041
f 3777/5725/4055 3765/5711/4041 3766/5712/4042
f 3778/5726/4056 3766/5712/4042 3767/5713/4043
f 3779/5727/4057 3767/5713/4043 3768/5714/4044
f 3780/5728/4058 3768/5714/4044 2688/5729/4059
f 3704/5730/4060 3703/5716/4046 3769/5717/4047
f 3781/5731/4061 3769/5717/4047 3770/5718/4048
f 3782/5732/4062 3770/5718/4048 3771/5719/4049
f 3783/5733/4063 3771/5719/4049 3772/5720/4050
f 3784/5734/4064 3772/5720/4050 3773/5721/4051
f 3785/5735/4065 3773/5721/4051 3774/5722/4052
f 3786/5736/4066 3774/5722/4052 3775/5723/4053
f 3787/5737/4067 3775/5723/4053 3776/5724/4054
f 3788/5738/4068 3776/5724/4054 3777/5725/4055
f 3789/5739/4069 3777/5725/4055 3778/5726/4056
f 3790/5740/4070 3778/5726/4056 3779/5727/4057
f 3791/5741/4071 3779/5727/4057 3780/5728/4058
f 3792/5742/4072 3780/5728/4058 2689/5743/4073
f 3705/5744/4074 3704/5730/4060 3781/5731/4061
f 3793/5745/4075 3781/5731/4061 3782/5732/4062
f 3794/5746/4076 3782/5732/4062 3783/5733/4063
f 3795/5747/4077 3783/5733/4063 3784/5734/4064
f 3796/5748/4078 3784/5734/4064 3785/5735/4065
f 3797/5749/4079 3785/5735/4065 3786/5736/4066
f 3798/5750/4080 3786/5736/4066 3787/5737/4067
f 3799/5751/4081 3787/5737/4067 3788/5738/4068
f 3800/5752/4082 3788/5738/4068 3789/5739/4069
f 3801/5753/4083 3789/5739/4069 3790/5740/4070
f 3802/5754/4084 3790/5740/4070 3791/5741/4071
f 3803/5755/4085 3791/5741/4071 3792/5742/4072
f 3804/5756/4086 3792/5742/4072 2690/5757/4087
f 3706/5758/4088 3705/5744/4074 3793/5745/4075
f 3805/5759/4089 3793/5745/4075 3794/5746/4076
f 3806/5760/4090 3794/5746/4076 3795/5747/4077
f 3807/5761/4091 3795/5747/4077 3796/5748/4078
f 3808/5762/4092 3796/5748/4078 3797/5749/4079
f 3809/5763/4093 3797/5749/4079 3798/5750/4080
f 3810/5764/4094 3798/5750/4080 3799/5751/4081
f 3811/5765/4095 3799/5751/4081 3800/5752/4082
f 3812/5766/4096 3800/5752/4082 3801/5753/4083
f 3813/5767/4097 3801/5753/4083 3802/5754/4084
f 3814/5768/4098 3802/5754/4084 3803/5755/4085
f 3815/5769/4099 3803/5755/4085 3804/5756/4086
f 3816/5770/4100 3804/5756/4086 2691/5771/4101
f 3707/5772/4102 3706/5758/4088 3805/5759/4089
f 3817/5773/4103 3805/5759/4089 3806/5760/4090
f 3818/5774/4104 3806/5760/4090 3807/5761/4091
f 3819/5775/4105 3807/5761/4091 3808/5762/4092
f 3820/5776/4106 3808/5762/4092 3809/5763/4093
f 3821/5777/4107 3809/5763/4093 3810/5764/4094
f 3822/5778/4108 3810/5764/4094 3811/5765/4095
f 3823/5779/4109 3811/5765/4095 3812/5766/4096
f 3824/5780/4110 3812/5766/4096 3813/5767/4097
f 3825/5781/4111 3813/5767/4097 3814/5768/4098
f 3826/5782/4112 3814/5768/4098 3815/5769/4099
f 3827/5783/4113 3815/5769/4099 3816/5770/4100
f 3828/5784/4114 3816/5770/4100 2692/5785/4115
f 3708/5786/4116 3707/5772/4102 3817/5773/4103
f 3829/5787/4117 3817/5773/4103 3818/5774/4104
f 3830/5788/4118 3818/5774/4104 3819/5775/4105
f 3831/5789/4119 3819/5775/4105 3820/5776/4106
f 3832/5790/4120 3820/5776/4106 3821/5777/4107
f 3833/5791/4121 3821/5777/4107 3822/5778/4108
f 3834/5792/4122 3822/5778/4108 3823/5779/4109
f 3835/5793/4123 3823/5779/4109 3824/5780/4110
f 3836/5794/4124 3824/5780/4110 3825/5781/4111
f 3837/5795/4125 3825/5781/4111 3826/5782/4112
f 3838/5796/4126 3826/5782/4112 3827/5783/4113
f 3839/5797/4127 3827/5783/4113 3828/5784/4114
f 3840/5798/4128 3828/5784/4114 2693/5799/4129
f 3709/5800/4130 3708/5786/4116 3829/5787/4117
f 3841/5801/4131 3829/5787/4117 3830/5788/4118
f 3842/5802/4132 3830/5788/4118 3831/5789/4119
f 3843/5803/4133 3831/5789/4119 3832/5790/4120
f 3844/5804/4134 3832/5790/4120 3833/5791/4121
f 3845/5805/4135 3833/5791/4121 3834/5792/4122
f 3846/5806/4136 3834/5792/4122 3835/5793/4123
f 3847/5807/4137 3835/5793/4123 3836/5794/4124
f 3848/5808/4138 3836/5794/4124 3837/5795/4125
f 3849/5809/4139 3837/5795/4125 3838/5796/4126
f 3850/5810/4140 3838/5796/4126 3839/5797/4127
f 3851/5811/4141 3839/5797/4127 3840/5798/4128
f 3852/5812/4142 3840/5798/4128 2694/5813/4143
f 3710/5814/4144 3709/5800/4130 3841/5801/4131
f 3853/5815/4145 3841/5801/4131 3842/5802/4132
f 3854/5816/4146 3842/5802/4132 3843/5803/4133
f 3855/5817/4147 3843/5803/4133 3844/5804/4134
f 3856/5818/4148 3844/5804/4134 3845/5805/4135
f 3857/5819/4149 3845/5805/4135 3846/5806/4136
f 3858/5820/4150 3846/5806/4136 3847/5807/4137
f 3859/5821/4151 3847/5807/4137 3848/5808/4138
f 3860/5822/4152 3848/5808/4138 3849/5809/4139
f 3861/5823/4153 3849/5809/4139 3850/5810/4140
f 3862/5824/4154 3850/5810/4140 3851/5811/4141
f 3863/5825/4155 3851/5811/4141 3852/5812/4142
f 3864/5826/4156 3852/5812/4142 2695/5827/4157
f 3711/5828/4158 3710/5814/4144 3853/5815/4145
f 3865/5829/4159 3853/5815/4145 3854/5816/4146
f 3866/5830/4160 3854/5816/4146 3855/5817/4147
f 3867/5831/4161 3855/5817/4147 3856/5818/4148
f 3868/5832/4162 3856/5818/4148 3857/5819/4149
f 3869/5833/4163 3857/5819/4149 3858/5820/4150
f 3870/5834/4164 3858/5820/4150 3859/5821/4151
f 3871/5835/4165 3859/5821/4151 3860/5822/4152
f 3872/5836/4166 3860/5822/4152 3861/5823/4153
f 3873/5837/4167 3861/5823/4153 3862/5824/4154
f 3874/5838/4168 3862/5824/4154 3863/5825/4155
f 3875/5839/4169 3863/5825/4155 3864/5826/4156
f 3876/5840/4170 3864/5826/4156 2696/5841/4171
f 3712/5842/4172 3711/5828/4158 3865/5829/4159
f 3877/5843/4173 3865/5829/4159 3866/5830/4160
f 3878/5844/4174 3866/5830/4160 3867/5831/4161
f 3879/5845/4175 3867/5831/4161 3868/5832/4162
f 3880/5846/4176 3868/5832/4162 3869/5833/4163
f 3881/5847/4177 3869/5833/4163 3870/5834/4164
f 3882/5848/4178 3870/5834/4164 3871/5835/4165
f 3883/5849/4179 3871/5835/4165 3872/5836/4166
f 3884/5850/4180 3872/5836/4166 3873/5837/4167
f 3885/5851/4181 3873/5837/4167 3874/5838/4168
f 3886/5852/4182 3874/5838/4168 3875/5839/4169
f 3887/5853/4183 3875/5839/4169 3876/5840/4170
f 3888/5854/4184 3876/5840/4170 2697/5855/4185
f 3713/5856/4186 3712/5842/4172 3877/5843/4173
f 3889/5857/4187 3877/5843/4173 3878/5844/4174
f 3890/5858/4188 3878/5844/4174 3879/5845/4175
f 3891/5859/4189 3879/5845/4175 3880/5846/4176
f 3892/5860/4190 3880/5846/4176 3881/5847/4177
f 3893/5861/4191 3881/5847/4177 3882/5848/4178
f 3894/5862/4192 3882/5848/4178 3883/5849/4179
f 3895/5863/4193 3883/5849/4179 3884/5850/4180
f 3896/5864/4194 3884/5850/4180 3885/5851/4181
f 3897/5865/4195 3885/5851/4181 3886/5852/4182
f 3898/5866/4196 3886/5852/4182 3887/5853/4183
f 3899/5867/4197 3887/5853/4183 3888/5854/4184
f 3900/5868/4198 3888/5854/4184 2698/5869/4199
f 3714/5870/4200 3713/5856/4186 3889/5857/4187
f 3901/5871/4201 3889/5857/4187 3890/5858/4188
f 3902/5872/4202 3890/5858/4188 3891/5859/4189
f 3903/5873/4203 3891/5859/4189 3892/5860/4190
f 3904/5874/4204 3892/5860/4190 3893/5861/4191
f 3905/5875/4205 3893/5861/4191 3894/5862/4192
f 3906/5876/4206 3894/5862/4192 3895/5863/4193
f 3907/5877/4207 3895/5863/4193 3896/5864/4194
f 3908/5878/4208 3896/5864/4194 3897/5865/4195
f 3909/5879/4209 3897/5865/4195 3898/5866/4196
f 3910/5880/4210 3898/5866/4196 3899/5867/4197
f 3911/5881/4211 3899/5867/4197 3900/5868/4198
f 3912/5882/4212 3900/5868/4198 2699/5883/4213
f 3715/5884/4214 3714/5870/4200 3901/5871/4201
f 3913/5885/4215 3901/5871/4201 3902/5872/4202
f 3914/5886/4216 3902/5872/4202 3903/5873/4203
f 3915/5887/4217 3903/5873/4203 3904/5874/4204
f 3916/5888/4218 3904/5874/4204 3905/5875/4205
f 3917/5889/4219 3905/5875/4205 3906/5876/4206
f 3918/5890/4220 3906/5876/4206 3907/5877/4207
f 3919/5891/4221 3907/5877/4207 3908/5878/4208
f 3920/5892/4222 3908/5878/4208 3909/5879/4209
f 3921/5893/4223 3909/5879/4209 3910/5880/4210
f 3922/5894/4224 3910/5880/4210 3911/5881/4211
f 3923/5895/4225 3911/5881/4211 3912/5882/4212
f 3924/5896/4226 3912/5882/4212 2700/5897/4227
f 3716/5898/4228 3715/5884/4214 3913/5885/4215
f 3925/5899/4229 3913/5885/4215 3914/5886/4216
f 3926/5900/4230 3914/5886/4216 3915/5887/4217
f 3927/5901/4231 3915/5887/4217 3916/5888/4218
f 3928/5902/4232 3916/5888/4218 3917/5889/4219
f 3929/5903/4233 3917/5889/4219 3918/5890/4220
f 3930/5904/4234 3918/5890/4220 3919/5891/4221
f 3931/5905/4235 3919/5891/4221 3920/5892/4222
f 3932/5906/4236 3920/5892/4222 3921/5893/4223
f 3933/5907/4237 3921/5893/4223 3922/5894/4224
f 3934/5908/4238 3922/5894/4224 3923/5895/4225
f 3935/5909/4239 3923/5895/4225 3924/5896/4226
f 3936/5910/4240 3924/5896/4226 2701/5911/4241
f 3717/5912/4242 3716/5898/4228 3925/5899/4229
f 3937/5913/4243 3925/5899/4229 3926/5900/4230
f 3938/5914/4244 3926/5900/4230 3927/5901/4231
f 3939/5915/4245 3927/5901/4231 3928/5902/4232
f 3940/5916/4246 3928/5902/4232 3929/5903/4233
f 3941/5917/4247 3929/5903/4233 3930/5904/4234
f 3942/5918/4248 3930/5904/4234 3931/5905/4235
f 3943/5919/4249 3931/5905/4235 3932/5906/4236
f 3944/5920/4250 3932/5906/4236 3933/5907/4237
f 3945/5921/4251 3933/5907/4237 3934/5908/4238
f 3946/5922/4252 3934/5908/4238 3935/5909/4239
f 3947/5923/4253 3935/5909/4239 3936/5910/4240
f 3948/5924/4254 3936/5910/4240 2702/5925/4255
f 3718/5926/4256 3717/5912/4242 3937/5913/4243
f 3949/5927/4257 3937/5913/4243 3938/5914/4244
f 3950/5928/4258 3938/5914/4244 3939/5915/4245
f 3951/5929/4259 3939/5915/4245 3940/5916/4246
f 3952/5930/4260 3940/5916/4246 3941/5917/4247
f 3953/5931/4261 3941/5917/4247 3942/5918/4248
f 3954/5932/4262 3942/5918/4248 3943/5919/4249
f 3955/5933/4263 3943/5919/4249 3944/5920/4250
f 3956/5934/4264 3944/5920/4250 3945/5921/4251
f 3957/5935/4265 3945/5921/4251 3946/5922/4252
f 3958/5936/4266 3946/5922/4252 3947/5923/4253
f 3959/5937/4267 3947/5923/4253 3948/5924/4254
f 3960/5938/4268 3948/5924/4254 2703/5939/4269
f 3719/5940/4270 3718/5926/4256 3949/5927/4257
f 3961/5941/4271 3949/5927/4257 3950/5928/4258
f 3962/5942/4272 3950/5928/4258 3951/5929/4259
f 3963/5943/4273 3951/5929/4259 3952/5930/4260
f 3964/5944/4274 3952/5930/4260 3953/5931/4261
f 3965/5945/4275 3953/5931/4261 3954/5932/4262
f 3966/5946/4276 3954/5932/4262 3955/5933/4263
f 3967/5947/4277 3955/5933/4263 3956/5934/4264
f 3968/5948/4278 3956/5934/4264 3957/5935/4265
f 3969/5949/4279 3957/5935/4265 3958/5936/4266
f 3970/5950/4280 3958/5936/4266 3959/5937/4267
f 3971/5951/4281 3959/5937/4267 3960/5938/4268
f 3972/5952/4282 3960/5938/4268 2704/5953/4283
f 3720/5954/4284 3719/5940/4270 3961/5941/4271
f 3973/5955/4285 3961/5941/4271 3962/5942/4272
f 3974/5956/4286 3962/5942/4272 3963/5943/4273
f 3975/5957/4287 3963/5943/4273 3964/5944/4274
f 3976/5958/4288 3964/5944/4274 3965/5945/4275
f 3977/5959/4289 3965/5945/4275 3966/5946/4276
f 3978/5960/4290 3966/5946/4276 3967/5947/4277
f 3979/5961/4291 3967/5947/4277 3968/5948/4278
f 3980/5962/4292 3968/5948/4278 3969/5949/4279
f 3981/5963/4293 3969/5949/4279 3970/5950/4280
f 3982/5964/4294 3970/5950/4280 3971/5951/4281
f 3983/5965/4295 3971/5951/4281 3972/5952/4282
f 3984/5966/4296 3972/5952/4282 2705/5967/4297
f 2707/5968/4298 3984/5966/4296 2706/5969/4299
f 2707/5970/4298 3983/5965/4295 3984/5966/4296
f 2707/5971/4298 3982/5964/4294 3983/5965/4295
f 2707/5972/4298 3981/5963/4293 3982/5964/4294
f 2707/5973/4298 3980/5962/4292 3981/5963/4293
f 2707/5974/4298 3979/5961/4291 3980/5962/4292
f 2707/5975/4298 3978/5960/4290 3979/5961/4291
f 2707/5976/4298 3977/5959/4289 3978/5960/4290
f 2707/5977/4298 3976/5958/4288 3977/5959/4289
f 2707/5978/4298 3975/5957/4287 3976/5958/4288
f 2707/5979/4298 3974/5956/4286 3975/5957/4287
f 2707/5980/4298 3973/5955/4285 3974/5956/4286
f 2707/5981/4298 3720/5954/4284 3973/5955/4285
f 2705/5967/4297 2706/5969/4299 3984/5966/4296
f 3972/5952/4282 3984/5966/4296 3983/5965/4295
f 3971/5951/4281 3983/5965/4295 3982/5964/4294
f 3970/5950/4280 3982/5964/4294 3981/5963/4293
f 3969/5949/4279 3981/5963/4293 3980/5962/4292
f 3968/5948/4278 3980/5962/4292 3979/5961/4291
f 3967/5947/4277 3979/5961/4291 3978/5960/4290
f 3966/5946/4276 3978/5960/4290 3977/5959/4289
f 3965/5945/4275 3977/5959/4289 3976/5958/4288
f 3964/5944/4274 3976/5958/4288 3975/5957/4287
f 3963/5943/4273 3975/5957/4287 3974/5956/4286
f 3962/5942/4272 3974/5956/4286 3973/5955/4285
f 3961/5941/4271 3973/5955/4285 3720/5954/4284
f 2704/5953/4283 2705/5967/4297 3972/5952/4282
f 3960/5938/4268 3972/5952/4282 3971/5951/4281
f 3959/5937/4267 3971/5951/4281 3970/5950/4280
f 3958/5936/4266 3970/5950/4280 3969/5949/4279
f 3957/5935/4265 3969/5949/4279 3968/5948/4278
f 3956/5934/4264 3968/5948/4278 3967/5947/4277
f 3955/5933/4263 3967/5947/4277 3966/5946/4276
f 3954/5932/4262 3966/5946/4276 3965/5945/4275
f 3953/5931/4261 3965/5945/4275 3964/5944/4274
f 3952/5930/4260 3964/5944/4274 3963/5943/4273
f 3951/5929/4259 3963/5943/4273 3962/5942/4272
f 3950/5928/4258 3962/5942/4272 3961/5941/4271
f 3949/5927/4257 3961/5941/4271 3719/5940/4270
f 2703/5939/4269 2704/5953/4283 3960/5938/4268
f 3948/5924/4254 3960/5938/4268 3959/5937/4267
f 3947/5923/4253 3959/5937/4267 3958/5936/4266
f 3946/5922/4252 3958/5936/4266 3957/5935/4265
f 3945/5921/4251 3957/5935/4265 3956/5934/4264
f 3944/5920/4250 3956/5934/4264 3955/5933/4263
f 3943/5919/4249 3955/5933/4263 3954/5932/4262
f 3942/5918/4248 3954/5932/4262 3953/5931/4261
f 3941/5917/4247 3953/5931/4261 3952/5930/4260
f 3940/5916/4246 3952/5930/4260 3951/5929/4259
f 3939/5915/4245 3951/5929/4259 3950/5928/4258
f 3938/5914/4244 3950/5928/4258 3949/5927/4257
f 3937/5913/4243 3949/5927/4257 3718/5926/4256
f 2702/5925/4255 2703/5939/4269 3948/5924/4254
f 3936/5910/4240 3948/5924/4254 3947/5923/4253
f 3935/5909/4239 3947/5923/4253 3946/5922/4252
f 3934/5908/4238 3946/5922/4252 3945/5921/4251
f 3933/5907/4237 3945/5921/4251 3944/5920/4250
f 3932/5906/4236 3944/5920/4250 3943/5919/4249
f 3931/5905/4235 3943/5919/4249 3942/5918/4248
f 3930/5904/4234 3942/5918/4248 3941/5917/4247
f 3929/5903/4233 3941/5917/4247 3940/5916/4246
f 3928/5902/4232 3940/5916/4246 3939/5915/4245
f 3927/5901/4231 3939/5915/4245 3938/5914/4244
f 3926/5900/4230 3938/5914/4244 3937/5913/4243
f 3925/5899/4229 3937/5913/4243 3717/5912/4242
f 2701/5911/4241 2702/5925/4255 3936/5910/4240
f 3924/5896/4226 3936/5910/4240 3935/5909/4239
f 3923/5895/4225 3935/5909/4239 3934/5908/4238
f 3922/5894/4224 3934/5908/4238 3933/5907/4237
f 3921/5893/4223 3933/5907/4237 3932/5906/4236
f 3920/5892/4222 3932/5906/4236 3931/5905/4235
f 3919/5891/4221 3931/5905/4235 3930/5904/4234
f 3918/5890/4220 3930/5904/4234 3929/5903/4233
f 3917/5889/4219 3929/5903/4233 3928/5902/4232
f 3916/5888/4218 3928/5902/4232 3927/5901/4231
f 3915/5887/4217 3927/5901/4231 3926/5900/4230
f 3914/5886/4216 3926/5900/4230 3925/5899/4229
f 3913/5885/4215 3925/5899/4229 3716/5898/4228
f 2700/5897/4227 2701/5911/4241 3924/5896/4226
f 3912/5882/4212 3924/5896/4226 3923/5895/4225
f 3911/5881/4211 3923/5895/4225 3922/5894/4224
f 3910/5880/4210 3922/5894/4224 3921/5893/4223
f 3909/5879/4209 3921/5893/4223 3920/5892/4222
f 3908/5878/4208 3920/5892/4222 3919/5891/4221
f 3907/5877/4207 3919/5891/4221 3918/5890/4220
f 3906/5876/4206 3918/5890/4220 3917/5889/4219
f 3905/5875/4205 3917/5889/4219 3916/5888/4218
f 3904/5874/4204 3916/5888/4218 3915/5887/4217
f 3903/5873/4203 3915/5887/4217 3914/5886/4216
f 3902/5872/4202 3914/5886/4216 3913/5885/4215
f 3901/5871/4201 3913/5885/4215 3715/5884/4214
f 2699/5883/4213 2700/5897/4227 3912/5882/4212
f 3900/5868/4198 3912/5882/4212 3911/5881/4211
f 3899/5867/4197 3911/5881/4211 3910/5880/4210
f 3898/5866/4196 3910/5880/4210 3909/5879/4209
f 3897/5865/4195 3909/5879/4209 3908/5878/4208
f 3896/5864/4194 3908/5878/4208 3907/5877/4207
f 3895/5863/4193 3907/5877/4207 3906/5876/4206
f 3894/5862/4192 3906/5876/4206 3905/5875/4205
f 3893/5861/4191 3905/5875/4205 3904/5874/4204
f 3892/5860/4190 3904/5874/4204 3903/5873/4203
f 3891/5859/4189 3903/5873/4203 3902/5872/4202
f 3890/5858/4188 3902/5872/4202 3901/5871/4201
f 3889/5857/4187 3901/5871/4201 3714/5870/4200
f 2698/5869/4199 2699/5883/4213 3900/5868/4198
f 3888/5854/4184 3900/5868/4198 3899/5867/4197
f 3887/5853/4183 3899/5867/4197 3898/5866/4196
f 3886/5852/4182 3898/5866/4196 3897/5865/4195
f 3885/5851/4181 3897/5865/4195 3896/5864/4194
f 3884/5850/4180 3896/5864/4194 3895/5863/4193
f 3883/5849/4179 3895/5863/4193 3894/5862/4192
f 3882/5848/4178 3894/5862/4192 3893/5861/4191
f 3881/5847/4177 3893/5861/4191 3892/5860/4190
f 3880/5846/4176 3892/5860/4190 3891/5859/4189
f 3879/5845/4175 3891/5859/4189 3890/5858/4188
f 3878/5844/4174 3890/5858/4188 3889/5857/4187
f 3877/5843/4173 3889/5857/4187 3713/5856/4186
f 2697/5855/4185 2698/5869/4199 3888/5854/4184
f 3876/5840/4170 3888/5854/4184 3887/5853/4183
f 3875/5839/4169 3887/5853/4183 3886/5852/4182
f 3874/5838/4168 3886/5852/4182 3885/5851/4181
f 3873/5837/4167 3885/5851/4181 3884/5850/4180
f 3872/5836/4166 3884/5850/4180 3883/5849/4179
f 3871/5835/4165 3883/5849/4179 3882/5848/4178
f 3870/5834/4164 3882/5848/4178 3881/5847/4177
f 3869/5833/4163 3881/5847/4177 3880/5846/4176
f 3868/5832/4162 3880/5846/4176 3879/5845/4175
f 3867/5831/4161 3879/5845/4175 3878/5844/4174
f 3866/5830/4160 3878/5844/4174 3877/5843/4173
f 3865/5829/4159 3877/5843/4173 3712/5842/4172
f 2696/5841/4171 2697/5855/4185 3876/5840/4170
f 3864/5826/4156 3876/5840/4170 3875/5839/4169
f 3863/5825/4155 3875/5839/4169 3874/5838/4168
f 3862/5824/4154 3874/5838/4168 3873/5837/4167
f 3861/5823/4153 3873/5837/4167 3872/5836/4166
f 3860/5822/4152 3872/5836/4166 3871/5835/4165
f 3859/5821/4151 3871/5835/4165 3870/5834/4164
f 3858/5820/4150 3870/5834/4164 3869/5833/4163
f 3857/5819/4149 3869/5833/4163 3868/5832/4162
f 3856/5818/4148 3868/5832/4162 3867/5831/4161
f 3855/5817/4147 3867/5831/4161 3866/5830/4160
f 3854/5816/4146 3866/5830/4160 3865/5829/4159
f 3853/5815/4145 3865/5829/4159 3711/5828/4158
f 2695/5827/4157 2696/5841/4171 3864/5826/4156
f 3852/5812/4142 3864/5826/4156 3863/5825/4155
f 3851/5811/4141 3863/5825/4155 3862/5824/4154
f 3850/5810/4140 3862/5824/4154 3861/5823/4153
f 3849/5809/4139 3861/5823/4153 3860/5822/4152
f 3848/5808/4138 3860/5822/4152 3859/5821/4151
f 3847/5807/4137 3859/5821/4151 3858/5820/4150
f 3846/5806/4136 3858/5820/4150 3857/5819/4149
f 3845/5805/4135 3857/5819/4149 3856/5818/4148
f 3844/5804/4134 3856/5818/4148 3855/5817/4147
f 3843/5803/4133 3855/5817/4147 3854/5816/4146
f 3842/5802/4132 3854/5816/4146 3853/5815/4145
f 3841/5801/4131 3853/5815/4145 3710/5814/4144
f 2694/5813/4143 2695/5827/4157 3852/5812/4142
f 3840/5798/4128 3852/5812/4142 3851/5811/4141
f 3839/5797/4127 3851/5811/4141 3850/5810/4140
f 3838/5796/4126 3850/5810/4140 3849/5809/4139
f 3837/5795/4125 3849/5809/4139 3848/5808/4138
f 3836/5794/4124 3848/5808/4138 3847/5807/4137
f 3835/5793/4123 3847/5807/4137 3846/5806/4136
f 3834/5792/4122 3846/5806/4136 3845/5805/4135
f 3833/5791/4121 3845/5805/4135 3844/5804/4134
f 3832/5790/4120 3844/5804/4134 3843/5803/4133
f 3831/5789/4119 3843/5803/4133 3842/5802/4132
f 3830/5788/4118 3842/5802/4132 3841/5801/4131
f 3829/5787/4117 3841/5801/4131 3709/5800/4130
f 2693/5799/4129 2694/5813/4143 3840/5798/4128
f 3828/5784/4114 3840/5798/4128 3839/5797/4127
f 3827/5783/4113 3839/5797/4127 3838/5796/4126
f 3826/5782/4112 3838/5796/4126 3837/5795/4125
f 3825/5781/4111 3837/5795/4125 3836/5794/4124
f 3824/5780/4110 3836/5794/4124 3835/5793/4123
f 3823/5779/4109 3835/5793/4123 3834/5792/4122
f 3822/5778/4108 3834/5792/4122 3833/5791/4121
f 3821/5777/4107 3833/5791/4121 3832/5790/4120
f 3820/5776/4106 3832/5790/4120 3831/5789/4119
f 3819/5775/4105 3831/5789/4119 3830/5788/4118
f 3818/5774/4104 3830/5788/4118 3829/5787/4117
f 3817/5773/4103 3829/5787/4117 3708/5786/4116
f 2692/5785/4115 2693/5799/4129 3828/5784/4114
f 3816/5770/4100 3828/5784/4114 3827/5783/4113
f 3815/5769/4099 3827/5783/4113 3826/5782/4112
f 3814/5768/4098 3826/5782/4112 3825/5781/4111
f 3813/5767/4097 3825/5781/4111 3824/5780/4110
f 3812/5766/4096 3824/5780/4110 3823/5779/4109
f 3811/5765/4095 3823/5779/4109 3822/5778/4108
f 3810/5764/4094 3822/5778/4108 3821/5777/4107
f 3809/5763/4093 3821/5777/4107 3820/5776/4106
f 3808/5762/4092 3820/5776/4106 3819/5775/4105
f 3807/5761/4091 3819/5775/4105 3818/5774/4104
f 3806/5760/4090 3818/5774/4104 3817/5773/4103
f 3805/5759/4089 3817/5773/4103 3707/5772/4102
f 2691/5771/4101 2692/5785/4115 3816/5770/4100
f 3804/5756/4086 3816/5770/4100 3815/5769/4099
f 3803/5755/4085 3815/5769/4099 3814/5768/4098
f 3802/5754/4084 3814/5768/4098 3813/5767/4097
f 3801/5753/4083 3813/5767/4097 3812/5766/4096
f 3800/5752/4082 3812/5766/4096 3811/5765/4095
f 3799/5751/4081 3811/5765/4095 3810/5764/4094
f 3798/5750/4080 3810/5764/4094 3809/5763/4093
f 3797/5749/4079 3809/5763/4093 3808/5762/4092
f 3796/5748/4078 3808/5762/4092 3807/5761/4091
f 3795/5747/4077 3807/5761/4091 3806/5760/4090
f 3794/5746/4076 3806/5760/4090 3805/5759/4089
f 3793/5745/4075 3805/5759/4089 3706/5758/4088
f 2690/5757/4087 2691/5771/4101 3804/5756/4086
f 3792/5742/4072 3804/5756/4086 3803/5755/4085
f 3791/5741/4071 3803/5755/4085 3802/5754/4084
f 3790/5740/4070 3802/5754/4084 3801/5753/4083
f 3789/5739/4069 3801/5753/4083 3800/5752/4082
f 3788/5738/4068 3800/5752/4082 3799/5751/4081
f 3787/5737/4067 3799/5751/4081 3798/5750/4080
f 3786/5736/4066 3798/5750/4080 3797/5749/4079
f 3785/5735/4065 3797/5749/4079 3796/5748/4078
f 3784/5734/4064 3796/5748/4078 3795/5747/4077
f 3783/5733/4063 3795/5747/4077 3794/5746/4076
f 3782/5732/4062 3794/5746/4076 3793/5745/4075
f 3781/5731/4061 3793/5745/4075 3705/5744/4074
f 2689/5743/4073 2690/5757/4087 3792/5742/4072
f 3780/5728/4058 3792/5742/4072 3791/5741/4071
f 3779/5727/4057 3791/5741/4071 3790/5740/4070
f 3778/5726/4056 3790/5740/4070 3789/5739/4069
f 3777/5725/4055 3789/5739/4069 3788/5738/4068
f 3776/5724/4054 3788/5738/4068 3787/5737/4067
f 3775/5723/4053 3787/5737/4067 3786/5736/4066
f 3774/5722/4052 3786/5736/4066 3785/5735/4065
f 3773/5721/4051 3785/5735/4065 3784/5734/4064
f 3772/5720/4050 3784/5734/4064 3783/5733/4063
f 3771/5719/4049 3783/5733/4063 3782/5732/4062
f 3770/5718/4048 3782/5732/4062 3781/5731/4061
f 3769/5717/4047 3781/5731/4061 3704/5730/4060
f 2688/5729/4059 2689/5743/4073 3780/5728/4058
f 3768/5714/4044 3780/5728/4058 3779/5727/4057
f 3767/5713/4043 3779/5727/4057 3778/5726/4056
f 3766/5712/4042 3778/5726/4056 3777/5725/4055
f 3765/5711/4041 3777/5725/4055 3776/5724/4054
f 3764/5710/4040 3776/5724/4054 3775/5723/4053
f 3763/5709/4039 3775/5723/4053 3774/5722/4052
f 3762/5708/4038 3774/5722/4052 3773/5721/4051
f 3761/5707/4037 3773/5721/4051 3772/5720/4050
f 3760/5706/4036 3772/5720/4050 3771/5719/4049
f 3759/5705/4035 3771/5719/4049 3770/5718/4048
f 3758/5704/4034 3770/5718/4048 3769/5717/4047
f 3757/5703/4033 3769/5717/4047 3703/5716/4046
f 2687/5715/4045 2688/5729/4059 3768/5714/4044
f 3756/5700/4030 3768/5714/4044 3767/5713/4043
f 3755/5699/4029 3767/5713/4043 3766/5712/4042
f 3754/5698/4028 3766/5712/4042 3765/5711/4041
f 3753/5697/4027 3765/5711/4041 3764/5710/4040
f 3752/5696/4026 3764/5710/4040 3763/5709/4039
f 3751/5695/4025 3763/5709/4039 3762/5708/4038
f 3750/5694/4024 3762/5708/4038 3761/5707/4037
f 3749/5693/4023 3761/5707/4037 3760/5706/4036
f 3748/5692/4022 3760/5706/4036 3759/5705/4035
f 3747/5691/4021 3759/5705/4035 3758/5704/4034
f 3746/5690/4020 3758/5704/4034 3757/5703/4033
f 3745/5689/4019 3757/5703/4033 3702/5702/4032
f 2686/5701/4031 2687/5715/4045 3756/5700/4030
f 3744/5687/4017 3756/5700/4030 3755/5699/4029
f 3743/5686/4016 3755/5699/4029 3754/5698/4028
f 3742/5685/4015 3754/5698/4028 3753/5697/4027
f 3741/5684/4014 3753/5697/4027 3752/5696/4026
f 3740/5683/4013 3752/5696/4026 3751/5695/4025
f 3739/5682/4012 3751/5695/4025 3750/5694/4024
f 3738/5681/4011 3750/5694/4024 3749/5693/4023
f 3737/5680/4010 3749/5693/4023 3748/5692/4022
f 3736/5679/4009 3748/5692/4022 3747/5691/4021
f 3735/5678/4008 3747/5691/4021 3746/5690/4020
f 3734/5677/4007 3746/5690/4020 3745/5689/4019
f 3733/5676/4006 3745/5689/4019 3701/5688/4018
f 2685/5672/4002 2686/5701/4031 3744/5687/4017
f 3732/5668/3998 3744/5687/4017 3743/5686/4016
f 3731/5666/3996 3743/5686/4016 3742/5685/4015
f 3730/5662/3992 3742/5685/4015 3741/5684/4014
f 3729/5657/3987 3741/5684/4014 3740/5683/4013
f 3728/5653/3983 3740/5683/4013 3739/5682/4012
f 3727/5651/3981 3739/5682/4012 3738/5681/4011
f 3726/5647/3977 3738/5681/4011 3737/5680/4010
f 3725/5644/3974 3737/5680/4010 3736/5679/4009
f 3724/5638/3968 3736/5679/4009 3735/5678/4008
f 3723/5634/3964 3735/5678/4008 3734/5677/4007
f 3722/5632/3962 3734/5677/4007 3733/5676/4006
f 3721/5629/3959 3733/5676/4006 3700/5675/4005
f 2708/5673/4003 1650/5982/4300 2685/5672/4002
f 2710/5671/4001 2709/5674/4004 3732/5668/3998
f 2713/5665/3995 2712/5670/4000 3731/5666/3996
f 2716/5661/3991 2715/5667/3997 3730/5662/3992
f 2720/5658/3988 2718/5663/3993 3729/5657/3987
f 2721/5656/3986 2719/5659/3989 3728/5653/3983
f 2724/5650/3980 2723/5655/3985 3727/5651/3981
f 2727/5646/3976 2726/5652/3982 3726/5647/3977
f 2731/5643/3973 2729/5648/3978 3725/5644/3974
f 2732/5641/3971 2730/5642/3972 3724/5638/3968
f 2735/5637/3967 2734/5640/3970 3723/5634/3964
f 2738/5631/3961 2737/5636/3966 3722/5632/3962
f 2741/5628/3958 2740/5633/3963 3721/5629/3959
f 2767/5983/4301 2744/5984/4301 3698/5985/4301
f 3698/5985/4301 3066/5986/4301 2767/5983/4301
f 2742/5987/4301 3699/5988/4301 2743/5989/4301
f 2743/5989/4301 1707/5990/4301 2742/5987/4301
f 1589/5991/4302 3985/5992/4302 3986/5993/4302
f 1589/5991/4302 2626/5994/4302 3987/5995/4302
f 3987/5995/4302 3985/5992/4302 1589/5991/4302
f 2626/5994/4302 1613/5996/4302 3988/5997/4302
f 3988/5997/4302 3987/5995/4302 2626/5994/4302
f 1301/5998/4302 3986/5993/4302 3988/5997/4302
f 3988/5997/4302 1613/5996/4302 1301/5998/4302
f 3986/5993/4302 1301/5998/4302 1589/5991/4302
f 3989/5999/4303 3990/6000/4303 3991/6001/4304
f 3992/6002/4304 3991/6001/4304 3993/6003/4305
f 3994/6004/4305 3993/6003/4305 3995/6005/4306
f 3996/6006/4306 3995/6005/4306 3997/6007/4307
f 3998/6008/4307 3997/6007/4307 3999/6009/4308
f 4000/6010/4308 3999/6009/4308 4001/6011/4309
f 4002/6012/4309 4001/6011/4309 4003/6013/4310
f 4004/6014/4310 4003/6013/4310 4005/6015/4311
f 4006/6016/4311 4005/6015/4311 4007/6017/4312
f 4008/6018/4312 4007/6017/4312 4009/6019/4313
f 4010/6020/4313 4009/6019/4313 4011/6021/4314
f 4012/6022/4314 4011/6021/4314 4013/6023/4315
f 4014/6024/4315 4013/6023/4315 4015/6025/4316
f 4016/6026/4316 4015/6025/4316 4017/6027/4317
f 4018/6028/4317 4017/6027/4317 4019/6029/4318
f 4020/6030/4318 4019/6029/4318 4021/6031/4319
f 4022/6032/4319 4021/6031/4319 4023/6033/4320
f 4024/6034/4320 4023/6033/4320 4025/6035/4321
f 4026/6036/4321 4025/6035/4321 4027/6037/4322
f 4028/6038/4322 4027/6037/4322 4029/6039/4323
f 4030/6040/4323 4029/6039/4323 4031/6041/4324
f 4032/6042/4324 4031/6041/4324 4033/6043/4325
f 4034/6044/4325 4033/6043/4325 3987/6045/4326
f 3987/6045/4326 3988/6046/4326 4034/6044/4325
f 4033/6043/4325 4034/6044/4325 4032/6042/4324
f 4031/6041/4324 4032/6042/4324 4030/6040/4323
f 4029/6039/4323 4030/6040/4323 4028/6038/4322
f 4027/6037/4322 4028/6038/4322 4026/6036/4321
f 4025/6035/4321 4026/6036/4321 4024/6034/4320
f 4023/6033/4320 4024/6034/4320 4022/6032/4319
f 4021/6031/4319 4022/6032/4319 4020/6030/4318
f 4019/6029/4318 4020/6030/4318 4018/6028/4317
f 4017/6027/4317 4018/6028/4317 4016/6026/4316
f 4015/6025/4316 4016/6026/4316 4014/6024/4315
f 4013/6023/4315 4014/6024/4315 4012/6022/4314
f 4011/6021/4314 4012/6022/4314 4010/6020/4313
f 4009/6019/4313 4010/6020/4313 4008/6018/4312
f 4007/6017/4312 4008/6018/4312 4006/6016/4311
f 4005/6015/4311 4006/6016/4311 4004/6014/4310
f 4003/6013/4310 4004/6014/4310 4002/6012/4309
f 4001/6011/4309 4002/6012/4309 4000/6010/4308
f 3999/6009/4308 4000/6010/4308 3998/6008/4307
f 3997/6007/4307 3998/6008/4307 3996/6006/4306
f 3995/6005/4306 3996/6006/4306 3994/6004/4305
f 3993/6003/4305 3994/6004/4305 3992/6002/4304
f 3991/6001/4304 3992/6002/4304 3989/5999/4303
f 4035/6047/4327 4036/6048/4327 4037/6049/4328
f 4038/6050/4328 4037/6049/4328 4039/6051/4329
f 4040/6052/4329 4039/6051/4329 4041/6053/4330
f 4042/6054/4330 4041/6053/4330 4043/6055/4331
f 4044/6056/4331 4043/6055/4331 4045/6057/4332
f 4046/6058/4332 4045/6057/4332 4047/6059/4333
f 4048/6060/4333 4047/6059/4333 4049/6061/4334
f 4050/6062/4334 4049/6061/4334 4051/6063/4335
f 4052/6064/4335 4051/6063/4335 4053/6065/4336
f 4054/6066/4336 4053/6065/4336 4055/6067/4337
f 4056/6068/4337 4055/6067/4337 4057/6069/4338
f 4058/6070/4338 4057/6069/4338 4059/6071/4339
f 4060/6072/4339 4059/6071/4339 4061/6073/4340
f 4062/6074/4340 4061/6073/4340 4063/6075/4341
f 4064/6076/4341 4063/6075/4341 4065/6077/4342
f 4066/6078/4342 4065/6077/4342 4067/6079/4343
f 4068/6080/4343 4067/6079/4343 4069/6081/4344
f 4070/6082/4344 4069/6081/4344 4071/6083/4345
f 4072/6084/4345 4071/6083/4345 4073/6085/4346
f 4074/6086/4346 4073/6085/4346 4075/6087/4347
f 4076/6088/4347 4075/6087/4347 4077/6089/4348
f 4078/6090/4348 4077/6089/4348 4079/6091/4349
f 4080/6092/4349 4079/6091/4349 3986/6093/4350
f 3986/6093/4350 3985/6094/4350 4080/6092/4349
f 4079/6091/4349 4080/6092/4349 4078/6090/4348
f 4077/6089/4348 4078/6090/4348 4076/6088/4347
f 4075/6087/4347 4076/6088/4347 4074/6086/4346
f 4073/6085/4346 4074/6086/4346 4072/6084/4345
f 4071/6083/4345 4072/6084/4345 4070/6082/4344
f 4069/6081/4344 4070/6082/4344 4068/6080/4343
f 4067/6079/4343 4068/6080/4343 4066/6078/4342
f 4065/6077/4342 4066/6078/4342 4064/6076/4341
f 4063/6075/4341 4064/6076/4341 4062/6074/4340
f 4061/6073/4340 4062/6074/4340 4060/6072/4339
f 4059/6071/4339 4060/6072/4339 4058/6070/4338
f 4057/6069/4338 4058/6070/4338 4056/6068/4337
f 4055/6067/4337 4056/6068/4337 4054/6066/4336
f 4053/6065/4336 4054/6066/4336 4052/6064/4335
f 4051/6063/4335 4052/6064/4335 4050/6062/4334
f 4049/6061/4334 4050/6062/4334 4048/6060/4333
f 4047/6059/4333 4048/6060/4333 4046/6058/4332
f 4045/6057/4332 4046/6058/4332 4044/6056/4331
f 4043/6055/4331 4044/6056/4331 4042/6054/4330
f 4041/6053/4330 4042/6054/4330 4040/6052/4329
f 4039/6051/4329 4040/6052/4329 4038/6050/4328
f 4037/6049/4328 4038/6050/4328 4035/6047/4327
f 4036/6095/4351 4035/6096/4351 4081/6097/4351
f 4081/6097/4351 4082/6098/4351 4036/6095/4351
f 4082/6099/4351 4081/6100/4351 4083/6101/4352
f 4084/6102/4352 4083/6101/4352 4085/6103/4353
f 4086/6104/4353 4085/6103/4353 4087/6105/4354
f 4088/6106/4354 4087/6105/4354 4089/6107/4355
f 4090/6108/4355 4089/6107/4355 4091/6109/4356
f 4092/6110/4356 4091/6109/4356 4093/6111/4357
f 4094/6112/4357 4093/6111/4357 4095/6113/4358
f 4096/6114/4358 4095/6113/4358 4097/6115/4359
f 4098/6116/4359 4097/6115/4359 4099/6117/4360
f 4100/6118/4360 4099/6117/4360 4101/6119/4361
f 4102/6120/4361 4101/6119/4361 4103/6121/4362
f 4104/6122/4362 4103/6121/4362 4105/6123/4363
f 4106/6124/4363 4105/6123/4363 4107/6125/4364
f 4108/6126/4364 4107/6125/4364 4109/6127/4365
f 4110/6128/4365 4109/6127/4365 4111/6129/4366
f 4112/6130/4366 4111/6129/4366 4113/6131/4367
f 4114/6132/4367 4113/6131/4367 4115/6133/4368
f 4116/6134/4368 4115/6133/4368 4117/6135/4369
f 4118/6136/4369 4117/6135/4369 4119/6137/4370
f 4120/6138/4370 4119/6137/4370 4121/6139/4371
f 4122/6140/4371 4121/6139/4371 4123/6141/4372
f 4124/6142/4372 4123/6141/4372 4125/6143/4373
f 4126/6144/4373 4125/6143/4373 4127/6145/4374
f 4127/6145/4374 4128/6146/4374 4126/6144/4373
f 4125/6143/4373 4126/6144/4373 4124/6142/4372
f 4123/6141/4372 4124/6142/4372 4122/6140/4371
f 4121/6139/4371 4122/6140/4371 4120/6138/4370
f 4119/6137/4370 4120/6138/4370 4118/6136/4369
f 4117/6135/4369 4118/6136/4369 4116/6134/4368
f 4115/6133/4368 4116/6134/4368 4114/6132/4367
f 4113/6131/4367 4114/6132/4367 4112/6130/4366
f 4111/6129/4366 4112/6130/4366 4110/6128/4365
f 4109/6127/4365 4110/6128/4365 4108/6126/4364
f 4107/6125/4364 4108/6126/4364 4106/6124/4363
f 4105/6123/4363 4106/6124/4363 4104/6122/4362
f 4103/6121/4362 4104/6122/4362 4102/6120/4361
f 4101/6119/4361 4102/6120/4361 4100/6118/4360
f 4099/6117/4360 4100/6118/4360 4098/6116/4359
f 4097/6115/4359 4098/6116/4359 4096/6114/4358
f 4095/6113/4358 4096/6114/4358 4094/6112/4357
f 4093/6111/4357 4094/6112/4357 4092/6110/4356
f 4091/6109/4356 4092/6110/4356 4090/6108/4355
f 4089/6107/4355 4090/6108/4355 4088/6106/4354
f 4087/6105/4354 4088/6106/4354 4086/6104/4353
f 4085/6103/4353 4086/6104/4353 4084/6102/4352
f 4083/6101/4352 4084/6102/4352 4082/6099/4351
f 2707/6147/4374 4127/6148/4374 4129/6149/4374
f 2707/6147/4374 2015/6150/4374 4128/6151/4374
f 4128/6151/4374 4127/6148/4374 2707/6147/4374
f 2015/6150/4374 2684/6152/4374 4130/6153/4374
f 4130/6153/4374 4128/6151/4374 2015/6150/4374
f 3146/6154/4374 4129/6149/4374 4130/6153/4374
f 4130/6153/4374 2684/6152/4374 3146/6154/4374
f 4129/6149/4374 3146/6154/4374 2707/6147/4374
f 3993/6155/4375 4070/6156/4375 4072/6157/4375
f 3993/6155/4375 4081/6158/4375 4035/6159/4375
f 3993/6155/4375 4085/6160/4375 4083/6161/4375
f 4087/6162/4375 3991/6163/4375 3990/6164/4375
f 3993/6155/4375 4068/6165/4375 4070/6156/4375
f 4083/6161/4375 4081/6158/4375 3993/6155/4375
f 3990/6164/4375 4131/6166/4375 4087/6162/4375
f 3991/6163/4375 4087/6162/4375 4085/6160/4375
f 4132/6167/4375 4119/6168/4375 4117/6169/4375
f 4127/6170/4375 4133/6171/4375 4134/6172/4375
f 4127/6170/4375 4135/6173/4375 4136/6174/4375
f 3993/6155/4375 4066/6175/4375 4068/6165/4375
f 3993/6155/4375 4046/6176/4375 4048/6177/4375
f 4035/6159/4375 4038/6178/4375 3993/6155/4375
f 4085/6160/4375 3993/6155/4375 3991/6163/4375
f 4117/6169/4375 4115/6179/4375 4132/6167/4375
f 3985/6180/4375 4025/6181/4375 4023/6182/4375
f 3985/6180/4375 4031/6183/4375 4029/6184/4375
f 3985/6180/4375 3987/6185/4375 4033/6186/4375
f 4136/6174/4375 4133/6171/4375 4127/6170/4375
f 4127/6170/4375 4137/6187/4375 4138/6188/4375
f 4127/6170/4375 4139/6189/4375 4140/6190/4375
f 3993/6155/4375 4076/6191/4375 4078/6192/4375
f 4072/6157/4375 4074/6193/4375 3993/6155/4375
f 3993/6155/4375 4060/6194/4375 4062/6195/4375
f 4048/6177/4375 4050/6196/4375 3993/6155/4375
f 3993/6155/4375 4042/6197/4375 4044/6198/4375
f 4038/6178/4375 4040/6199/4375 3993/6155/4375
f 4131/6166/4375 4141/6200/4375 4087/6162/4375
f 4132/6167/4375 4097/6201/4375 4095/6202/4375
f 4132/6167/4375 4121/6203/4375 4119/6168/4375
f 4132/6167/4375 4125/6204/4375 4123/6205/4375
f 3985/6180/4375 4027/6206/4375 4025/6181/4375
f 4033/6186/4375 4031/6183/4375 3985/6180/4375
f 4138/6188/4375 4135/6173/4375 4127/6170/4375
f 4140/6190/4375 4142/6207/4375 4127/6170/4375
f 4143/6208/4375 4127/6170/4375 4125/6204/4375
f 4074/6193/4375 4076/6191/4375 3993/6155/4375
f 4062/6195/4375 4064/6209/4375 3993/6155/4375
f 3993/6155/4375 4056/6210/4375 4058/6211/4375
f 3993/6155/4375 4052/6212/4375 4054/6213/4375
f 4044/6198/4375 4046/6176/4375 3993/6155/4375
f 4141/6200/4375 4132/6167/4375 4087/6162/4375
f 4132/6167/4375 4091/6214/4375 4089/6215/4375
f 4095/6202/4375 4093/6216/4375 4132/6167/4375
f 4132/6167/4375 4113/6217/4375 4111/6218/4375
f 4123/6205/4375 4121/6203/4375 4132/6167/4375
f 4005/6219/4375 4003/6220/4375 4080/6221/4375
f 3985/6180/4375 4021/6222/4375 4019/6223/4375
f 4029/6184/4375 4027/6206/4375 3985/6180/4375
f 4142/6207/4375 4137/6187/4375 4127/6170/4375
f 4127/6170/4375 4144/6224/4375 4145/6225/4375
f 4127/6170/4375 4146/6226/4375 4147/6227/4375
f 4127/6170/4375 4148/6228/4375 4149/6229/4375
f 4125/6204/4375 4150/6230/4375 4143/6208/4375
f 4125/6204/4375 4151/6231/4375 4152/6232/4375
f 4064/6209/4375 4066/6175/4375 3993/6155/4375
f 4054/6213/4375 4056/6210/4375 3993/6155/4375
f 4040/6199/4375 4042/6197/4375 3993/6155/4375
f 4093/6216/4375 4091/6214/4375 4132/6167/4375
f 4132/6167/4375 4101/6233/4375 4099/6234/4375
f 4132/6167/4375 4105/6235/4375 4103/6236/4375
f 4132/6167/4375 4109/6237/4375 4107/6238/4375
f 4115/6179/4375 4113/6217/4375 4132/6167/4375
f 4080/6221/4375 3985/6180/4375 4005/6219/4375
f 3985/6180/4375 4009/6239/4375 4007/6240/4375
f 3985/6180/4375 4013/6241/4375 4011/6242/4375
f 3985/6180/4375 4017/6243/4375 4015/6244/4375
f 4023/6182/4375 4021/6222/4375 3985/6180/4375
f 4145/6225/4375 4139/6189/4375 4127/6170/4375
f 4149/6229/4375 4146/6226/4375 4127/6170/4375
f 4152/6232/4375 4150/6230/4375 4125/6204/4375
f 4125/6204/4375 4132/6167/4375 4153/6245/4375
f 4058/6211/4375 4060/6194/4375 3993/6155/4375
f 4089/6215/4375 4087/6162/4375 4132/6167/4375
f 4103/6236/4375 4101/6233/4375 4132/6167/4375
f 4111/6218/4375 4109/6237/4375 4132/6167/4375
f 4003/6220/4375 4001/6246/4375 4080/6221/4375
f 4011/6242/4375 4009/6239/4375 3985/6180/4375
f 4019/6223/4375 4017/6243/4375 3985/6180/4375
f 4147/6227/4375 4144/6224/4375 4127/6170/4375
f 4153/6245/4375 4151/6231/4375 4125/6204/4375
f 4050/6196/4375 4052/6212/4375 3993/6155/4375
f 4107/6238/4375 4105/6235/4375 4132/6167/4375
f 4001/6246/4375 3999/6247/4375 4080/6221/4375
f 4015/6244/4375 4013/6241/4375 3985/6180/4375
f 4143/6208/4375 4148/6228/4375 4127/6170/4375
f 4099/6234/4375 4097/6201/4375 4132/6167/4375
f 4080/6221/4375 3997/6248/4375 3995/6249/4375
f 4007/6240/4375 4005/6219/4375 3985/6180/4375
f 4078/6192/4375 4080/6221/4375 3993/6155/4375
f 3999/6247/4375 3997/6248/4375 4080/6221/4375
f 3995/6249/4375 3993/6155/4375 4080/6221/4375
f 4134/6172/4375 4129/6250/4375 4127/6170/4375
f 4154/6251/4376 4036/6252/4376 4082/6253/4376
f 4041/6254/4376 4155/6255/4376 4156/6256/4376
f 3994/6257/4376 4073/6258/4376 4071/6259/4376
f 4128/6260/4376 4157/6261/4376 4158/6262/4376
f 4154/6251/4376 4116/6263/4376 4118/6264/4376
f 4082/6253/4376 4084/6265/4376 4154/6251/4376
f 4154/6251/4376 4039/6266/4376 4037/6267/4376
f 4156/6256/4376 3989/6268/4376 4041/6254/4376
f 4071/6259/4376 4069/6269/4376 3994/6257/4376
f 4128/6260/4376 4159/6270/4376 4157/6261/4376
f 3986/6271/4376 4032/6272/4376 4034/6273/4376
f 3986/6271/4376 4028/6274/4376 4030/6275/4376
f 4154/6251/4376 4114/6276/4376 4116/6263/4376
f 4154/6251/4376 4092/6277/4376 4094/6278/4376
f 4037/6267/4376 4036/6252/4376 4154/6251/4376
f 3989/6268/4376 3992/6279/4376 4041/6254/4376
f 4155/6255/4376 4041/6254/4376 4039/6266/4376
f 3994/6257/4376 4075/6280/4376 4073/6258/4376
f 3994/6257/4376 4079/6281/4376 4077/6282/4376
f 4128/6260/4376 4160/6283/4376 4161/6284/4376
f 4128/6260/4376 4130/6285/4376 4159/6270/4376
f 4030/6275/4376 4032/6272/4376 3986/6271/4376
f 3986/6271/4376 4024/6286/4376 4026/6287/4376
f 3986/6271/4376 4018/6288/4376 4020/6289/4376
f 4154/6251/4376 4112/6290/4376 4114/6276/4376
f 4094/6278/4376 4096/6291/4376 4154/6251/4376
f 4154/6251/4376 4088/6292/4376 4090/6293/4376
f 4084/6265/4376 4086/6294/4376 4154/6251/4376
f 4039/6266/4376 4154/6251/4376 4155/6255/4376
f 3994/6257/4376 4051/6295/4376 4049/6296/4376
f 3994/6257/4376 4067/6297/4376 4065/6298/4376
f 4077/6282/4376 4075/6280/4376 3994/6257/4376
f 4158/6262/4376 4160/6283/4376 4128/6260/4376
f 4026/6287/4376 4028/6274/4376 3986/6271/4376
f 4020/6289/4376 4022/6299/4376 3986/6271/4376
f 4154/6251/4376 4122/6300/4376 4124/6301/4376
f 4118/6264/4376 4120/6302/4376 4154/6251/4376
f 4154/6251/4376 4106/6303/4376 4108/6304/4376
f 4090/6293/4376 4092/6277/4376 4154/6251/4376
f 3992/6279/4376 3994/6257/4376 4041/6254/4376
f 3994/6257/4376 4045/6305/4376 4043/6306/4376
f 4049/6296/4376 4047/6307/4376 3994/6257/4376
f 3994/6257/4376 4055/6308/4376 4053/6309/4376
f 3994/6257/4376 4059/6310/4376 4057/6311/4376
f 3994/6257/4376 4063/6312/4376 4061/6313/4376
f 4069/6269/4376 4067/6297/4376 3994/6257/4376
f 4126/6314/4376 4162/6315/4376 4163/6316/4376
f 4164/6317/4376 4162/6315/4376 4126/6314/4376
f 4128/6260/4376 4165/6318/4376 4166/6319/4376
f 4161/6284/4376 4167/6320/4376 4128/6260/4376
f 4022/6299/4376 4024/6286/4376 3986/6271/4376
f 3986/6271/4376 4014/6321/4376 4016/6322/4376
f 3986/6271/4376 4010/6323/4376 4012/6324/4376
f 3986/6271/4376 4006/6325/4376 4008/6326/4376
f 4004/6327/4376 3986/6271/4376 4079/6281/4376
f 4120/6302/4376 4122/6300/4376 4154/6251/4376
f 4108/6304/4376 4110/6328/4376 4154/6251/4376
f 4154/6251/4376 4102/6329/4376 4104/6330/4376
f 4154/6251/4376 4098/6331/4376 4100/6332/4376
f 4086/6294/4376 4088/6292/4376 4154/6251/4376
f 4047/6307/4376 4045/6305/4376 3994/6257/4376
f 4057/6311/4376 4055/6308/4376 3994/6257/4376
f 4065/6298/4376 4063/6312/4376 3994/6257/4376
f 4126/6314/4376 4128/6260/4376 4164/6317/4376
f 4128/6260/4376 4168/6333/4376 4169/6334/4376
f 4128/6260/4376 4170/6335/4376 4171/6336/4376
f 4128/6260/4376 4172/6337/4376 4173/6338/4376
f 4167/6320/4376 4165/6318/4376 4128/6260/4376
f 4016/6322/4376 4018/6288/4376 3986/6271/4376
f 4008/6326/4376 4010/6323/4376 3986/6271/4376
f 4079/6281/4376 4002/6339/4376 4004/6327/4376
f 4079/6281/4376 3998/6340/4376 4000/6341/4376
f 4110/6328/4376 4112/6290/4376 4154/6251/4376
f 4100/6332/4376 4102/6329/4376 4154/6251/4376
f 4043/6306/4376 4041/6254/4376 3994/6257/4376
f 4061/6313/4376 4059/6310/4376 3994/6257/4376
f 4126/6314/4376 4174/6342/4376 4175/6343/4376
f 4163/6316/4376 4176/6344/4376 4126/6314/4376
f 4171/6336/4376 4168/6333/4376 4128/6260/4376
f 4166/6319/4376 4172/6337/4376 4128/6260/4376
f 4012/6324/4376 4014/6321/4376 3986/6271/4376
f 4000/6341/4376 4002/6339/4376 4079/6281/4376
f 4104/6330/4376 4106/6303/4376 4154/6251/4376
f 4053/6309/4376 4051/6295/4376 3994/6257/4376
f 4176/6344/4376 4174/6342/4376 4126/6314/4376
f 4173/6338/4376 4170/6335/4376 4128/6260/4376
f 4004/6327/4376 4006/6325/4376 3986/6271/4376
f 4079/6281/4376 3994/6257/4376 3996/6345/4376
f 4096/6291/4376 4098/6331/4376 4154/6251/4376
f 4169/6334/4376 4164/6317/4376 4128/6260/4376
f 3996/6345/4376 3998/6340/4376 4079/6281/4376
f 4175/6343/4376 4154/6251/4376 4126/6314/4376
f 4124/6301/4376 4126/6314/4376 4154/6251/4376
f 4034/6273/4376 3988/6346/4376 3986/6271/4376
f 4131/6347/4377 4156/6348/4377 4155/6349/4378
f 4141/6350/4378 4155/6349/4378 4154/6351/4379
f 4132/6352/4379 4154/6351/4379 4175/6353/4380
f 4153/6354/4380 4175/6353/4380 4174/6355/4381
f 4151/6356/4381 4174/6355/4381 4176/6357/4382
f 4152/6358/4382 4176/6357/4382 4163/6359/4383
f 4150/6360/4383 4163/6359/4383 4162/6361/4384
f 4143/6362/4384 4162/6361/4384 4164/6363/4385
f 4148/6364/4385 4164/6363/4385 4169/6365/4386
f 4149/6366/4386 4169/6365/4386 4168/6367/4387
f 4146/6368/4387 4168/6367/4387 4171/6369/4388
f 4147/6370/4388 4171/6369/4388 4170/6371/4389
f 4144/6372/4389 4170/6371/4389 4173/6373/4390
f 4145/6374/4390 4173/6373/4390 4172/6375/4391
f 4139/6376/4391 4172/6375/4391 4166/6377/4392
f 4140/6378/4392 4166/6377/4392 4165/6379/4393
f 4142/6380/4393 4165/6379/4393 4167/6381/4394
f 4137/6382/4394 4167/6381/4394 4161/6383/4395
f 4138/6384/4395 4161/6383/4395 4160/6385/4396
f 4135/6386/4396 4160/6385/4396 4158/6387/4397
f 4136/6388/4397 4158/6387/4397 4157/6389/4398
f 4133/6390/4398 4157/6389/4398 4159/6391/4399
f 4134/6392/4399 4159/6391/4399 4130/6393/4400
f 4130/6393/4400 4129/6394/4400 4134/6392/4399
f 4159/6391/4399 4134/6392/4399 4133/6390/4398
f 4157/6389/4398 4133/6390/4398 4136/6388/4397
f 4158/6387/4397 4136/6388/4397 4135/6386/4396
f 4160/6385/4396 4135/6386/4396 4138/6384/4395
f 4161/6383/4395 4138/6384/4395 4137/6382/4394
f 4167/6381/4394 4137/6382/4394 4142/6380/4393
f 4165/6379/4393 4142/6380/4393 4140/6378/4392
f 4166/6377/4392 4140/6378/4392 4139/6376/4391
f 4172/6375/4391 4139/6376/4391 4145/6374/4390
f 4173/6373/4390 4145/6374/4390 4144/6372/4389
f 4170/6371/4389 4144/6372/4389 4147/6370/4388
f 4171/6369/4388 4147/6370/4388 4146/6368/4387
f 4168/6367/4387 4146/6368/4387 4149/6366/4386
f 4169/6365/4386 4149/6366/4386 4148/6364/4385
f 4164/6363/4385 4148/6364/4385 4143/6362/4384
f 4162/6361/4384 4143/6362/4384 4150/6360/4383
f 4163/6359/4383 4150/6360/4383 4152/6358/4382
f 4176/6357/4382 4152/6358/4382 4151/6356/4381
f 4174/6355/4381 4151/6356/4381 4153/6354/4380
f 4175/6353/4380 4153/6354/4380 4132/6352/4379
f 4154/6351/4379 4132/6352/4379 4141/6350/4378
f 4155/6349/4378 4141/6350/4378 4131/6347/4377
f 3990/6395/4401 3989/6396/4401 4156/6397/4401
f 4156/6397/4401 4131/6398/4401 3990/6395/4401
